whitney_no,root,homonym,gloss,ryad_1978,ryad_1978_basis,openness_1978,polnoizm_1978,polnoizm_1978_basis,z_set,ryad_2026,z_series_2014
22,as,1,be,A₁,§66-rule,closed,full,§67-A1-list,seṭ,A₁,A1
2,akṣ,1,attain,A₁,§66-rule,closed,defective,§67-A1-default,veṭ,A₁,A1
6,aj,,drive,A₁,§66-rule,closed,defective,§67-A1-default,seṭ,A₁,A1
8,aṭ,,wander,A₁,§66-rule,closed,defective,§67-A1-default,seṭ,A₁,A1
10,at,,wander,A₁,§66-rule,closed,defective,§67-A1-default,seṭ,A₁,A1
11,ad,,eat,A₁,§66-rule,closed,defective,§67-A1-default,aniṭ,A₁,A1
20,aś,1,attain,A₁,§66-rule,closed,defective,§67-A1-default,veṭ,A₁,A1
21,aś,2,eat,A₁,§66-rule,closed,defective,§67-A1-default,seṭ,A₁,A1
23,as,2,throw,A₁,§66-rule,closed,full,§67-A1-list,veṭ,A₁,A1
24,ah,,say,A₁,§66-rule,closed,defective,§67-A1-default,aniṭ,A₁,A1
597,yaj,,offer,A₁,§66-rule,closed,full,§67-A1-list,aniṭ,A₁,A1
698,vakṣ,,increase,A₁,§66-rule,closed,defective,§67-A1-default,seṭ,A₁,A1
699,vac,,speak,A₁,§66-rule,closed,full,§67-A1-list,aniṭ,A₁,A1
700,vaj,,be strong,A₁,§66-rule,closed,defective,§67-A1-default,,A₁,A1
704,vad,,speak,A₁,§66-rule,closed,full,§67-A1-list,seṭ,A₁,A1
708,vap,1,strew,A₁,§66-rule,closed,defective,§67-A1-default,veṭ,A₁,A1
709,vap,2,shear,A₁,§66-rule,closed,defective,§67-A1-default,aniṭ,A₁,A1
714,vaś,,be eager,A₁,§66-rule,closed,defective,§67-A1-default,seṭ,A₁,A1
715,vas,1,shine,A₁,§66-rule,closed,full,§67-A1-list,veṭ,A₁,A1
716,vas,2,clothe,A₁,§66-rule,closed,defective,§67-A1-named-exclusion,veṭ,A₁,A1
718,vah,,carry,A₁,§66-rule,closed,defective,§67-A1-default,veṭ,A₁,A1
72,ṛj,2,shine,R₁,§66-rule,closed,full,§67-RMN-default(majority),,R₁,A1
81,kath,,talk,A₁,§66-rule,closed,defective,§67-A1-default,seṭ,A₁,A1
80,katth,,boast,A₁,§66-rule,closed,defective,§67-A1-default,seṭ,A₁,A1
87,kaṣ,,scratch,A₁,§66-rule,closed,defective,§67-A1-default,seṭ,A₁,A1
88,kas,,open,A₁,§66-rule,closed,defective,§67-A1-default,veṭ,A₁,A1
116,krakṣ,,crash,A₁,§66-rule,closed,defective,§67-A1-default,,A₁,A1
117,krath,,be jubilant,A₁,§66-rule,closed,defective,§67-A1-default,seṭ,A₁,A1
133,kvath,,boil,A₁,§66-rule,closed,defective,§67-A1-default,seṭ,A₁,A1
134,kṣad,,divide,A₁,§66-rule,closed,defective,§67-A1-default,,A₁,A1
136,kṣap,,be abstinent,A₁,§66-rule,closed,defective,§67-A1-default,seṭ,A₁,A1
154,khac,,,A₁,§66-rule,closed,defective,§67-A1-default,seṭ,A₁,A1
156,khad,,be hard,A₁,§66-rule,closed,defective,§67-A1-default,,A₁,A1
159,khall,,be relaxed,L,§66-rule-closed,closed,defective,§67-L-default,seṭ,A₁,A1
167,gad,,say,A₁,§66-rule,closed,defective,§67-A1-default,seṭ,A₁,A1
168,gadh,,attach,A₁,§66-rule,closed,defective,§67-A1-default,seṭ,A₁,A1
196,grabh,,seize,A₁,§66-rule,closed,defective,§67-A1-default,seṭ,A₁,A1
197,gras,,devour,A₁,§66-rule,closed,defective,§67-A1-default,veṭ,A₁,A1
199,glah,,gamble,A₁,§66-rule,closed,defective,§67-A1-default,veṭ,A₁,A1
201,ghaṭ,,strive,A₁,§66-rule,closed,defective,§67-A1-default,seṭ,A₁,A1
202,ghaṭṭ,,rub,A₁,§66-rule,closed,defective,§67-A1-default,seṭ,A₁,A1
204,ghas,,eat,A₁,§66-rule,closed,defective,§67-A1-default,aniṭ,A₁,A1
211,cak,,quake,A₁,§66-rule,closed,defective,§67-A1-default,veṭ,A₁,A1
213,cakṣ,,see,A₁,§66-rule,closed,defective,§67-A1-default,veṭ,A₁,A1
215,caṭ,,go,A₁,§66-rule,closed,defective,§67-A1-default,seṭ,A₁,A1
216,cat,,hide,A₁,§66-rule,closed,defective,§67-A1-default,veṭ,A₁,A1
239,chad,,cover,A₁,§66-rule,closed,defective,§67-A1-default,,A₁,A1
246,jakṣ,1,eat,A₁,§66-rule,closed,defective,§67-A1-default,veṭ,A₁,A1
250,jap,,whisper,A₁,§66-rule,closed,defective,§67-A1-default,veṭ,A₁,A1
255,jas,,be exhausted,A₁,§66-rule,closed,defective,§67-A1-default,,A₁,A1
288,tak,,rush,A₁,§66-rule,closed,defective,§67-A1-default,veṭ,A₁,A1
289,takṣ,,fashion,A₁,§66-rule,closed,defective,§67-A1-default,veṭ,A₁,A1
292,taḍ,,beat,A₁,§66-rule,closed,defective,§67-A1-default,seṭ,A₁,A1
349,dā,1,give,A₂,§66-rule,open,full,§67-A2-list,aniṭ,A₂,A1
296,tap,,heat,A₁,§66-rule,closed,defective,§67-A1-default,veṭ,A₁,A1
705,vadh,,slay,A₁,§66-rule,closed,defective,§67-A1-named-exclusion,seṭ,A₁,A1
324,tyaj,,forsake,A₁,§66-rule,closed,defective,§67-A1-default,veṭ,A₁,A1
738,vīj,,fan,I₂,§66-rule,closed,defective,§67-rule-2 (heavy closed),,I₂,A1
325,trap,,be abashed,A₁,§66-rule,closed,defective,§67-A1-default,veṭ,A₁,A1
839,sādh,,succeed,A₂,§66-rule,closed,defective,§67-rule-2 (heavy closed),veṭ,A₂,A1
326,tras,,be terrified,A₁,§66-rule,closed,defective,§67-A1-default,veṭ,A₁,A1
901,svad,,sweeten,A₁,§66-rule,closed,defective,§67-A1-default,veṭ,A₁,A1
329,tvakṣ,,fashion,A₁,§66-rule,closed,defective,§67-A1-default,veṭ,A₁,A1
446,paś,1,see,A₁,§66-rule,closed,defective,§67-A1-default,veṭ,A₁,A1
337,dakṣ,,be able,A₁,§66-rule,closed,defective,§67-A1-default,veṭ,A₁,A1
338,dagh,,reach to,A₁,§66-rule,closed,defective,§67-A1-default,seṭ,A₁,A1
347,das,,waste,A₁,§66-rule,closed,defective,§67-A1-default,veṭ,A₁,A1
348,dah,,burn,A₁,§66-rule,closed,defective,§67-A1-default,veṭ,A₁,A1
406,dhraj,,sweep,A₁,§66-rule,closed,defective,§67-A1-default,,A₁,A1
411,nakṣ,,attain,A₁,§66-rule,closed,defective,§67-A1-default,veṭ,A₁,A1
412,naṭ,,"dance, play",A₁,§66-rule,closed,defective,§67-A1-default,seṭ,A₁,A1
413,nad,,sound,A₁,§66-rule,closed,defective,§67-A1-default,seṭ,A₁,A1
415,nabh,,burst,A₁,§66-rule,closed,defective,§67-A1-default,,A₁,A1
418,naś,1,be lost,A₁,§66-rule,closed,defective,§67-A1-default,veṭ,A₁,A1
420,nas,,unite,A₁,§66-rule,closed,defective,§67-A1-default,,A₁,A1
421,nah,,tie,A₁,§66-rule,closed,defective,§67-A1-default,aniṭ,A₁,A1
435,pac,,cook,A₁,§66-rule,closed,defective,§67-A1-default,aniṭ,A₁,A1
436,paj,,start,A₁,§66-rule,closed,defective,§67-A1-default,,A₁,A1
437,paṭ,,tear,A₁,§66-rule,closed,defective,§67-A1-default,seṭ,A₁,A1
438,paṭh,,read,A₁,§66-rule,closed,defective,§67-A1-default,seṭ,A₁,A1
440,pat,1,"fly, fall",A₁,§66-rule,closed,defective,§67-A1-default,seṭ,A₁,A1
442,path,,go,A₁,§66-rule,closed,defective,§67-A1-default,seṭ,A₁,A1
443,pad,,go,A₁,§66-rule,closed,defective,§67-A1-default,aniṭ,A₁,A1
477,prach,,ask,A₁,§66-rule,closed,full,§67-A1-list,veṭ,A₁,A1
478,prath,,spread,A₁,§66-rule,closed,defective,§67-A1-default,seṭ,A₁,A1
488,phakk,,swell,A₁,§66-rule,closed,defective,§67-A1-default,seṭ,A₁,A1
504,bhakṣ,,"partake of, eat",A₁,§66-rule,closed,defective,§67-A1-default,seṭ,A₁,A1
505,bhaj,,"divide, share",A₁,§66-rule,closed,defective,§67-A1-default,veṭ,A₁,A1
513,bhal,,perceive,L?,index-unknown,open,defective,§67-L-default,seṭ,A₁,A1
514,bhaṣ,,bark,A₁,§66-rule,closed,defective,§67-A1-default,seṭ,A₁,A1
515,bhas,,devour,A₁,§66-rule,closed,defective,§67-A1-default,seṭ,A₁,A1
531,bhṛjj,,roast,R₁,§66-rule,closed,defective,§67-rule-2 (heavy closed),,R₁,A1
532,bhyas,,fear,A₁,§66-rule,closed,defective,§67-A1-default,veṭ,A₁,A1
539,majj,,sink,A₁,§66-rule,closed,defective,§67-A1-default,veṭ,A₁,A1
545,mad,,"be exhilarated, exhilarate",A₁,§66-rule,closed,defective,§67-A1-default,veṭ,A₁,A1
586,myakṣ,,be situated,A₁,§66-rule,closed,defective,§67-A1-default,,A₁,A1
573,mṛkṣ,,stroke,R₁,§66-rule,closed,defective,§67-rule-2 (heavy closed),,R₁,A1
579,mṛd,,"rub, crush",R₁,§66-rule,closed,full,§67-RMN-default(majority),seṭ,R₁,A1
595,yakṣ,,press on,A₁,§66-rule,closed,defective,§67-A1-default,,A₁,A1
598,yat,,stretch,A₁,§66-rule,closed,defective,§67-A1-default,veṭ,A₁,A1
599,yabh,,fuck,A₁,§66-rule,closed,defective,§67-A1-default,veṭ,A₁,A1
601,yas,,be heated,A₁,§66-rule,closed,defective,§67-A1-default,veṭ,A₁,A1
613,rakṣ,,protect,A₁,§66-rule,closed,defective,§67-A1-default,seṭ,A₁,A1
615,rac,,procuce,A₁,§66-rule,closed,defective,§67-A1-default,,A₁,A1
619,raṭ,,howl,A₁,§66-rule,closed,defective,§67-A1-default,seṭ,A₁,A1
621,rad,,dig,A₁,§66-rule,closed,defective,§67-A1-default,seṭ,A₁,A1
625,rap,,chatter,A₁,§66-rule,closed,defective,§67-A1-default,,A₁,A1
626,rapś,,be full,A₁,§66-rule,closed,defective,§67-A1-default,,A₁,A1
633,ras,,roar,A₁,§66-rule,closed,defective,§67-A1-default,seṭ,A₁,A1
634,rah,,desert,A₁,§66-rule,closed,defective,§67-A1-default,seṭ,A₁,A1
667,lakṣ,,mark,A₁,§66-rule,closed,defective,§67-A1-default,,A₁,A1
668,lag,,attach,A₁,§66-rule,closed,defective,§67-A1-default,seṭ,A₁,A1
670,lajj,,be ashamed,A₁,§66-rule,closed,defective,§67-A1-default,seṭ,A₁,A1
671,laḍ,,move about,A₁,§66-rule,closed,defective,§67-A1-default,seṭ,A₁,A1
672,lap,,prate,A₁,§66-rule,closed,defective,§67-A1-default,veṭ,A₁,A1
673,labh,,take,A₁,§66-rule,closed,defective,§67-A1-default,veṭ,A₁,A1
677,laṣ,,desire,A₁,§66-rule,closed,defective,§67-A1-default,seṭ,A₁,A1
678,las,,be lively,A₁,§66-rule,closed,defective,§67-A1-default,seṭ,A₁,A1
703,vat,,apprehend,A₁,§66-rule,closed,defective,§67-A1-default,,A₁,A1
751,vyac,,extend,A₁,§66-rule,closed,defective,§67-A1-default,seṭ,A₁,A1
754,vyadh,,pierce,A₁,§66-rule,closed,full,§67-A1-list,aniṭ,A₁,A1
760,vraśc,,cut up,A₁,§66-rule,closed,defective,§67-A1-default,veṭ,A₁,A1
753,vyath,,waver,A₁,§66-rule,closed,defective,§67-A1-default,seṭ,A₁,A1
757,vraj,,proceed,A₁,§66-rule,closed,defective,§67-A1-default,seṭ,A₁,A1
767,śak,,be able,A₁,§66-rule,closed,defective,§67-A1-default,veṭ,A₁,A1
769,śat,,cut in pieces,A₁,§66-rule,closed,defective,§67-A1-default,,A₁,A1
770,śad,1,prevail,A₁,§66-rule,closed,defective,§67-A1-default,,A₁,A1
771,śad,2,fall,A₁,§66-rule,closed,defective,§67-A1-default,aniṭ,A₁,A1
772,śap,,curse,A₁,§66-rule,closed,defective,§67-A1-default,veṭ,A₁,A1
777,śaś,,leap,A₁,§66-rule,closed,defective,§67-A1-default,seṭ,A₁,A1
778,śas,,cut,A₁,§66-rule,closed,defective,§67-A1-default,veṭ,A₁,A1
822,śvas,,blow,A₁,§66-rule,closed,defective,§67-A1-default,veṭ,A₁,A1
806,śrath,,slacken,A₁,§66-rule,closed,defective,§67-A1-default,seṭ,A₁,A1
810,śrā,,boil,A₂,§66-rule,open,fluctuating,§67-A2-unlisted (ряд корней колеблется),aniṭ,A₂,A1
804,śnath,,pierce,A₁,§66-rule,closed,defective,§67-A1-default,seṭ,A₁,A1
827,sagh,,be equal to,A₁,§66-rule,closed,defective,§67-A1-default,seṭ,A₁,A1
828,sac,,accompany,A₁,§66-rule,closed,defective,§67-A1-default,veṭ,A₁,A1
830,sad,,sit,A₁,§66-rule,closed,defective,§67-A1-default,aniṭ,A₁,A1
832,sap,,serve,A₁,§66-rule,closed,defective,§67-A1-default,veṭ,A₁,A1
835,sas,,sleep,A₁,§66-rule,closed,defective,§67-A1-default,veṭ,A₁,A1
836,sah,,prevail,A₁,§66-rule,closed,defective,§67-A1-default,seṭ,A₁,A1
903,svap,,sleep,A₁,§66-rule,closed,full,§67-A1-list,veṭ,A₁,A1
883,spṛś,,touch,R₁,§66-rule,closed,full,§67-RMN-default(majority),,R₁,A1
873,sthag,,cover,A₁,§66-rule,closed,defective,§67-A1-default,seṭ,A₁,A1
907,had,,discharge excrement,A₁,§66-rule,closed,defective,§67-A1-default,aniṭ,A₁,A1
910,has,,laugh,A₁,§66-rule,closed,defective,§67-A1-default,seṭ,A₁,A1
930,hras,,shorten,A₁,§66-rule,closed,defective,§67-A1-default,veṭ,A₁,A1
796,śū,,swell,U₂,§66-rule,open,full,§67-rule-1 (open i/ī/u/ū),aniṭ,U₂,A2
921,hū,,call,U₂,§66-rule,open,full,§67-rule-1 (open i/ī/u/ū),aniṭ,U₂,A2
26,āp,,obtain,A₂,§66-rule,closed,defective,§67-rule-2 (heavy closed),aniṭ,A₂,A2
28,ās,,sit,A₂,§66-rule,closed,defective,§67-rule-2 (heavy closed),seṭ,A₂,A2
720,vā,2,weave,A₂,§66-rule,open,defective,§67-A2-list,aniṭ,A₂,A2
91,kāś,,"appear, make a show",A₂,§66-rule,closed,defective,§67-rule-2 (heavy closed),seṭ,A₂,A2
92,kās,,cough,A₂,§66-rule,closed,defective,§67-rule-2 (heavy closed),veṭ,A₂,A2
140,kṣā,,burn,A₂,§66-rule,open,fluctuating,§67-A2-unlisted (ряд корней колеблется),aniṭ,A₂,A2
150,kṣmā,,tremble,A₂,§66-rule,open,fluctuating,§67-A2-unlisted (ряд корней колеблется),aniṭ,A₂,A2
161,khād,,chew,A₂,§66-rule,closed,defective,§67-rule-2 (heavy closed),seṭ,A₂,A2
165,khyā,,see,A₂,§66-rule,open,defective,§67-A2-list,aniṭ,A₂,A2
176,gā,1,go,A₂,§66-rule,open,full,§67-A2-list,aniṭ,A₂,A2
177,gā,2,sing,A₂,§66-rule,open,full,§67-A2-list,aniṭ,A₂,A2
178,gāh,,plunge,A₂,§66-rule,closed,defective,§67-rule-2 (heavy closed),veṭ,A₂,A2
200,glā,,be weary,A₂,§66-rule,open,defective,§67-A2-list,aniṭ,A₂,A2
210,ghrā,,smell,A₂,§66-rule,open,defective,§67-A2-list,aniṭ,A₂,A2
241,chā,,cut up,A₂,§66-rule,open,fluctuating,§67-A2-unlisted (ряд корней колеблется),aniṭ,A₂,A2
270,jyā,,"overpower, injure",A₂,§66-rule,open,full,§67-A2-list,aniṭ,A₂,A2
269,jñā,,know,A₂,§66-rule,open,defective,§67-A2-list,aniṭ,A₂,A2
327,trā,,rescue,A₂,§66-rule,open,defective,§67-A2-list,aniṭ,A₂,A2
350,dā,2,"divide, share",A₂,§66-rule,open,full,§67-A2-list,aniṭ,A₂,A2
351,dā,3,bind,A₂,§66-rule,open,full,§67-A2-list,aniṭ,A₂,A2
352,dā,4,clear,A₂,§66-rule,open,full,§67-A2-list,aniṭ,A₂,A2
353,dāś,,make offering,A₂,§66-rule,closed,defective,§67-rule-2 (heavy closed),veṭ,A₂,A2
354,dās,,,A₂,§66-rule,closed,defective,§67-rule-2 (heavy closed),veṭ,A₂,A2
381,drā,1,run,A₂,§66-rule,open,fluctuating,§67-A2-unlisted (ряд корней колеблется),aniṭ,A₂,A2
382,drā,2,sleep,A₂,§66-rule,open,fluctuating,§67-A2-unlisted (ряд корней колеблется),aniṭ,A₂,A2
393,dhā,1,put,A₂,§66-rule,open,full,§67-A2-list,aniṭ,A₂,A2
394,dhā,2,suck,A₂,§66-rule,open,full,§67-A2-list,aniṭ,A₂,A2
404,dhmā,,,A₂,§66-rule,open,defective,§67-A2-list,aniṭ,A₂,A2
405,dhyā,,think,A₂,§66-rule,open,defective,§67-A2-list,aniṭ,A₂,A2
422,nāth,,seek aid,A₂,§66-rule,closed,defective,§67-rule-2 (heavy closed),seṭ,A₂,A2
448,pā,1,drink,A₂,§66-rule,open,full,§67-A2-list,aniṭ,A₂,A2
449,pā,2,protect,A₂,§66-rule,open,full,§67-A2-list,aniṭ,A₂,A2
476,pyā,,fill up,A₂,§66-rule,open,defective,§67-A2-list,aniṭ,A₂,A2
479,prā,,fill,A₂,§66-rule,open,fluctuating,§67-A2-unlisted (ряд корней колеблется),aniṭ,A₂,A2
487,psā,,devour,A₂,§66-rule,open,fluctuating,§67-A2-unlisted (ряд корней колеблется),aniṭ,A₂,A2
496,bādh,,oppress,A₂,§66-rule,closed,defective,§67-rule-2 (heavy closed),seṭ,A₂,A2
516,bhā,,shine,A₂,§66-rule,open,defective,§67-A2-list,aniṭ,A₂,A2
518,bhāṣ,,speak,A₂,§66-rule,closed,defective,§67-rule-2 (heavy closed),seṭ,A₂,A2
519,bhās,,shine,A₂,§66-rule,closed,defective,§67-rule-2 (heavy closed),seṭ,A₂,A2
535,bhrāj,,shine,A₂,§66-rule,closed,defective,§67-rule-2 (heavy closed),veṭ,A₂,A2
548,mā,1,measure,A₂,§66-rule,open,full,§67-A2-list,aniṭ,A₂,A2
549,mā,2,exchange,A₂,§66-rule,open,full,§67-A2-list,aniṭ,A₂,A2
550,mā,3,bellow,A₂,§66-rule,open,full,§67-A2-list,aniṭ,A₂,A2
553,mi,2,damage,I₁,§66-rule,open,full,§67-rule-1 (open i/ī/u/ū),aniṭ,I₁,A2
561,mī,,damage,I₂,§66-rule,open,full,§67-rule-1 (open i/ī/u/ū),aniṭ,I₂,A2
585,mnā,,note,A₂,§66-rule,open,fluctuating,§67-A2-unlisted (ряд корней колеблется),aniṭ,A₂,A2
591,mlā,,relax,A₂,§66-rule,open,fluctuating,§67-A2-unlisted (ряд корней колеблется),aniṭ,A₂,A2
603,yā,,go,A₂,§66-rule,open,defective,§67-A2-list,aniṭ,A₂,A2
604,yāc,,ask,A₂,§66-rule,closed,defective,§67-rule-2 (heavy closed),seṭ,A₂,A2
605,yād,,unite,A₂,§66-rule,closed,defective,§67-rule-2 (heavy closed),,A₂,A2
635,rā,1,give,A₂,§66-rule,open,fluctuating,§67-A2-unlisted (ряд корней колеблется),aniṭ,A₂,A2
636,rā,2,bark,A₂,§66-rule,open,fluctuating,§67-A2-unlisted (ряд корней колеблется),aniṭ,A₂,A2
637,rāj,,be kingly,A₂,§66-rule,closed,defective,§67-rule-2 (heavy closed),veṭ,A₂,A2
638,rādh,,succeed,A₂,§66-rule,closed,defective,§67-rule-2 (heavy closed),aniṭ,A₂,A2
685,lī,1,cling,I₂,§66-rule,open,full,§67-rule-1 (open i/ī/u/ū),aniṭ,I₂,A2
679,lā,,grasp,A₂,§66-rule,open,fluctuating,§67-A2-unlisted (ряд корней колеблется),aniṭ,A₂,A2
719,vā,1,blow,A₂,§66-rule,open,defective,§67-A2-list,aniṭ,A₂,A2
723,vāś,,bellow,A₂,§66-rule,closed,defective,§67-rule-2 (heavy closed),seṭ,A₂,A2
724,vāh,,press,A₂,§66-rule,closed,defective,§67-rule-2 (heavy closed),veṭ,A₂,A2
761,vrādh,,stir up,A₂,§66-rule,closed,defective,§67-rule-2 (heavy closed),,A₂,A2
756,vyā,,envelop,A₂,§66-rule,open,full,§67-A2-list,aniṭ,A₂,A2
779,śā,,sharpen,A₂,§66-rule,open,fluctuating,§67-A2-unlisted (ряд корней колеблется),aniṭ,A₂,A2
780,śās,1,order,A₂,§66-rule,closed,full,§67-exception-list,veṭ,A₂,A2
805,śyā,,coagulate,A₂,§66-rule,open,full,§67-A2-list,aniṭ,A₂,A2
818,ślā,,dissolve,A₂,§66-rule,open,fluctuating,§67-A2-unlisted (ряд корней колеблется),aniṭ,A₂,A2
819,ślāgh,,extol,A₂,§66-rule,closed,defective,§67-rule-2 (heavy closed),seṭ,A₂,A2
837,sā,1,bind,A₂,§66-rule,open,fluctuating,§67-A2-unlisted (ряд корней колеблется),aniṭ,A₂,A2
872,styā,,stiffen,A₂,§66-rule,open,fluctuating,§67-A2-unlisted (ряд корней колеблется),aniṭ,A₂,A2
874,sthā,,stand,A₂,§66-rule,open,full,§67-A2-list,aniṭ,A₂,A2
875,snā,,bathe,A₂,§66-rule,open,defective,§67-A2-list,aniṭ,A₂,A2
888,sphā,,fatten,A₂,§66-rule,open,fluctuating,§67-A2-unlisted (ряд корней колеблется),aniṭ,A₂,A2
905,svād,,,A₂,§66-rule,closed,defective,§67-rule-2 (heavy closed),veṭ,A₂,A2
911,hā,1,leave,A₂,§66-rule,open,full,§67-A2-list,aniṭ,A₂,A2
912,hā,2,go forth,A₂,§66-rule,open,full,§67-A2-list,aniṭ,A₂,A2
913,hās,,go emulously,A₂,§66-rule,closed,defective,§67-rule-2 (heavy closed),,A₂,A2
931,hrād,,make a noise,A₂,§66-rule,closed,defective,§67-rule-2 (heavy closed),seṭ,A₂,A2
935,hlād,,refresh,A₂,§66-rule,closed,defective,§67-rule-2 (heavy closed),veṭ,A₂,A2
78,ej,,stir,A₂,"§66-special(e/o/ai/au→ā-line, §70)",closed,defective,§67-rule-2 (heavy closed),veṭ,I₁,I0
52,īṣ,,move,I₂,§66-rule,closed,defective,§67-rule-2 (heavy closed),seṭ,I₂,I0
302,tāy,,stretch,A₂,§66-rule,closed,defective,§67-rule-2 (heavy closed),seṭ,A₂,I0
344,day,,share,A₁,§66-rule,closed,defective,§67-A1-default,seṭ,A₁,I0
789,śī,2,lie,I₂,§66-rule,open,full,§67-rule-1 (open i/ī/u/ū),seṭ,I₂,I0
755,vyay,,expend,A₁,§66-rule,closed,defective,§67-A1-default,seṭ,A₁,I0
79,edh,,thrive,A₂,"§66-special(e/o/ai/au→ā-line, §70)",closed,defective,§67-rule-2 (heavy closed),seṭ,I₁,I0
153,kṣvel,,play,A₂,"§66-special(e/o/ai/au→ā-line, §70)",closed,defective,§67-rule-2 (heavy closed),seṭ,I₁,I0
164,khel,,stagger,A₂,"§66-special(e/o/ai/au→ā-line, §70)",closed,defective,§67-rule-2 (heavy closed),seṭ,I₁,I0
236,ceṣṭ,,stir,A₂,"§66-special(e/o/ai/au→ā-line, §70)",closed,defective,§67-rule-2 (heavy closed),seṭ,I₁,I0
224,cāy,,"note, observe",A₂,§66-rule,closed,defective,§67-rule-2 (heavy closed),seṭ,A₂,I0
268,jeh,,"loll, pant",A₂,"§66-special(e/o/ai/au→ā-line, §70)",closed,defective,§67-rule-2 (heavy closed),veṭ,I₁,I0
434,ned,,flow,A₂,"§66-special(e/o/ai/au→ā-line, §70)",closed,defective,§67-rule-2 (heavy closed),veṭ,I₁,I0
451,pāy,,to void excrement,A₂,§66-rule,closed,defective,§67-rule-2 (heavy closed),,A₂,I0
537,bhreṣ,,totter,A₂,"§66-special(e/o/ai/au→ā-line, §70)",closed,defective,§67-rule-2 (heavy closed),,I₁,I0
590,mreḍ,,gratify,A₂,"§66-special(e/o/ai/au→ā-line, §70)",closed,defective,§67-rule-2 (heavy closed),seṭ,I₁,I0
664,rej,,tremble,A₂,"§66-special(e/o/ai/au→ā-line, §70)",closed,defective,§67-rule-2 (heavy closed),,I₁,I0
748,ven,,long,A₂,"§66-special(e/o/ai/au→ā-line, §70)",closed,defective,§67-rule-2 (heavy closed),seṭ,I₁,I0
749,vell,,stagger,A₂,"§66-special(e/o/ai/au→ā-line, §70)",closed,defective,§67-rule-2 (heavy closed),seṭ,I₁,I0
750,veṣṭ,,,A₂,"§66-special(e/o/ai/au→ā-line, §70)",closed,defective,§67-rule-2 (heavy closed),seṭ,I₁,I0
856,sev,,attend upon,A₂,"§66-special(e/o/ai/au→ā-line, §70)",closed,defective,§67-rule-2 (heavy closed),seṭ,I₁,I0
928,heṣ,,,A₂,"§66-special(e/o/ai/au→ā-line, §70)",closed,defective,§67-rule-2 (heavy closed),seṭ,I₁,I0
934,hreṣ,,neigh,A₂,"§66-special(e/o/ai/au→ā-line, §70)",closed,defective,§67-rule-2 (heavy closed),seṭ,I₁,I0
732,vindh,,lack,I₁,§66-rule,closed,defective,§67-rule-2 (heavy closed),,I₁,I1
733,vip,,tremble,I₁,§66-rule,closed,full,§67-rule-1 (closed short i/u + C),veṭ,I₁,I1
734,viś,,enter,I₁,§66-rule,closed,full,§67-rule-1 (closed short i/u + C),aniṭ,I₁,I1
735,viṣ,,be active,I₁,§66-rule,closed,full,§67-rule-1 (closed short i/u + C),aniṭ,I₁,I1
784,śiñj,,twang,I₁,§66-rule,closed,defective,§67-rule-2 (heavy closed),seṭ,I₁,I1
786,śim,,,I₁,§66-rule,closed,full,§67-rule-1 (closed short i/u + C),seṭ,I₁,I1
787,śiṣ,,leave,I₁,§66-rule,closed,full,§67-rule-1 (closed short i/u + C),aniṭ,I₁,I1
811,śri,,resort,I₁,§66-rule,open,full,§67-rule-1 (open i/ī/u/ū),seṭ,I₁,I1
820,śliṣ,,clasp,I₁,§66-rule,closed,full,§67-rule-1 (closed short i/u + C),aniṭ,I₁,I1
824,śvit,,be bright,I₁,§66-rule,closed,full,§67-rule-1 (closed short i/u + C),seṭ,I₁,I1
841,sic,,pour out,I₁,§66-rule,closed,full,§67-rule-1 (closed short i/u + C),aniṭ,I₁,I1
842,sidh,1,repel,I₁,§66-rule,closed,defective,§67-rule-2 (heavy closed),veṭ,I₁,I1
843,sidh,2,succeed,I₁,§66-rule,closed,defective,§67-rule-2 (heavy closed),aniṭ,I₁,I1
865,stigh,,mount,I₁,§66-rule,closed,defective,§67-rule-2 (heavy closed),seṭ,I₁,I1
866,stim,,be stiff,I₁,§66-rule,closed,full,§67-rule-1 (closed short i/u + C),seṭ,I₁,I1
876,snih,,be sticky,I₁,§66-rule,closed,full,§67-rule-1 (closed short i/u + C),veṭ,I₁,I1
893,smi,,smile,I₁,§66-rule,open,full,§67-rule-1 (open i/ī/u/ū),aniṭ,I₁,I1
897,sridh,,blunder,I₁,§66-rule,closed,defective,§67-rule-2 (heavy closed),,I₁,I1
906,svid,,sweat,I₁,§66-rule,closed,full,§67-rule-1 (closed short i/u + C),aniṭ,I₁,I1
915,hiṃs,,injure,I₁,§66-rule,closed,defective,§67-rule-2 (heavy closed),seṭ,I₁,I1
914,hi,,impel,I₁,§66-rule,open,full,§67-rule-1 (open i/ī/u/ū),aniṭ,I₁,I1
916,hikk,,sob,I₁,§66-rule,closed,defective,§67-rule-2 (heavy closed),seṭ,I₁,I1
917,hiṇḍ,,roam,I₁,§66-rule,closed,defective,§67-rule-2 (heavy closed),seṭ,I₁,I1
31,iṅg,,stir,I₁,§66-rule,closed,defective,§67-rule-2 (heavy closed),seṭ,I₁,I1
35,idh,,kindle,I₁,§66-rule,closed,defective,§67-rule-2 (heavy closed),veṭ,I₁,I1
41,il,,be quiet,I₁,§66-rule,closed,full,§67-rule-1 (closed short i/u + C),seṭ,I₁,I1
42,iṣ,1,"seek, desire",I₁,§66-rule,closed,full,§67-rule-1 (closed short i/u + C),veṭ,I₁,I1
43,iṣ,2,send,I₁,§66-rule,closed,full,§67-rule-1 (closed short i/u + C),seṭ,I₁,I1
130,klid,,be wet,I₁,§66-rule,closed,full,§67-rule-1 (closed short i/u + C),veṭ,I₁,I1
131,kliś,,distress,I₁,§66-rule,closed,full,§67-rule-1 (closed short i/u + C),veṭ,I₁,I1
141,kṣi,1,possess,I₁,§66-rule,open,full,§67-rule-1 (open i/ī/u/ū),aniṭ,I₁,I1
142,kṣi,2,destroy,I₁,§66-rule,open,full,§67-rule-1 (open i/ī/u/ū),veṭ,I₁,I1
143,kṣip,,throw,I₁,§66-rule,closed,full,§67-rule-1 (closed short i/u + C),veṭ,I₁,I1
152,kṣvid,,hum,I₁,§66-rule,closed,full,§67-rule-1 (closed short i/u + C),seṭ,I₁,I1
162,khid,,tear,I₁,§66-rule,closed,full,§67-rule-1 (closed short i/u + C),veṭ,I₁,I1
225,ci,1,gather,I₁,§66-rule,open,full,§67-rule-1 (open i/ī/u/ū),aniṭ,I₁,I1
226,ci,2,"note, observe",I₁,§66-rule,open,full,§67-rule-1 (open i/ī/u/ū),aniṭ,I₁,I1
227,cit,,"perceive, know, appear",I₁,§66-rule,closed,full,§67-rule-1 (closed short i/u + C),veṭ,I₁,I1
228,cint,,think,I₁,§66-rule,closed,defective,§67-rule-2 (heavy closed),seṭ,I₁,I1
242,chid,,cut off,I₁,§66-rule,closed,full,§67-rule-1 (closed short i/u + C),aniṭ,I₁,I1
258,ji,1,conquer,I₁,§66-rule,open,full,§67-rule-1 (open i/ī/u/ū),veṭ,I₁,I1
259,ji,2,quicken,I₁,§66-rule,open,full,§67-rule-1 (open i/ī/u/ū),,I₁,I1
272,jri,,go,I₁,§66-rule,open,full,§67-rule-1 (open i/ī/u/ū),aniṭ,I₁,I1
305,tij,,be sharp,I₁,§66-rule,closed,full,§67-rule-1 (closed short i/u + C),aniṭ,I₁,I1
306,tim,,be quiet,I₁,§66-rule,closed,full,§67-rule-1 (closed short i/u + C),seṭ,I₁,I1
333,tviṣ,,be stirred up,I₁,§66-rule,closed,full,§67-rule-1 (closed short i/u + C),veṭ,I₁,I1
356,diś,,point,I₁,§66-rule,closed,full,§67-rule-1 (closed short i/u + C),aniṭ,I₁,I1
357,dih,,smear,I₁,§66-rule,closed,full,§67-rule-1 (closed short i/u + C),aniṭ,I₁,I1
388,dviṣ,,hate,I₁,§66-rule,closed,full,§67-rule-1 (closed short i/u + C),aniṭ,I₁,I1
397,dhi,,,I₁,§66-rule,open,full,§67-rule-1 (open i/ī/u/ū),seṭ,I₁,I1
423,niṃs,,kiss,I₁,§66-rule,closed,defective,§67-rule-2 (heavy closed),seṭ,I₁,I1
424,nikṣ,,pierce,I₁,§66-rule,closed,defective,§67-rule-2 (heavy closed),seṭ,I₁,I1
425,nij,,wash,I₁,§66-rule,closed,full,§67-rule-1 (closed short i/u + C),aniṭ,I₁,I1
426,nind,,revile,I₁,§66-rule,closed,defective,§67-rule-2 (heavy closed),seṭ,I₁,I1
453,pinv,,fatten,I₁,§66-rule,closed,defective,§67-rule-2 (heavy closed),seṭ,I₁,I1
454,pibd,,be firm,I₁,§66-rule,closed,defective,§67-rule-2 (heavy closed),seṭ,I₁,I1
455,piś,,adorn,I₁,§66-rule,closed,full,§67-rule-1 (closed short i/u + C),veṭ,I₁,I1
456,piṣ,,crush,I₁,§66-rule,closed,full,§67-rule-1 (closed short i/u + C),aniṭ,I₁,I1
457,pis,,stretch,I₁,§66-rule,closed,full,§67-rule-1 (closed short i/u + C),,I₁,I1
520,bhikṣ,,beg,I₁,§66-rule,closed,defective,§67-rule-2 (heavy closed),seṭ,I₁,I1
521,bhid,,split,I₁,§66-rule,closed,full,§67-rule-1 (closed short i/u + C),aniṭ,I₁,I1
554,mikṣ,,mix,I₁,§66-rule,closed,defective,§67-rule-2 (heavy closed),seṭ,I₁,I1
556,mith,,"alternate, altercate",I₁,§66-rule,closed,defective,§67-rule-2 (heavy closed),seṭ,I₁,I1
558,mil,,combine,I₁,§66-rule,closed,full,§67-rule-1 (closed short i/u + C),seṭ,I₁,I1
559,miṣ,,wink,I₁,§66-rule,closed,full,§67-rule-1 (closed short i/u + C),seṭ,I₁,I1
560,mih,,urinate,I₁,§66-rule,closed,full,§67-rule-1 (closed short i/u + C),aniṭ,I₁,I1
588,mrit,,dissolve,I₁,§66-rule,closed,full,§67-rule-1 (closed short i/u + C),,I₁,I1
191,gṛ,2,swallow,R₁,§66-rule,open,full,§67-RMN-default(majority),seṭ,R₁,I1
642,rikh,,scratch,I₁,§66-rule,closed,defective,§67-rule-2 (heavy closed),seṭ,I₁,I1
452,pi,,"swell, fatten",I₁,§66-rule,open,full,§67-rule-1 (open i/ī/u/ū),,I₁,I1
644,ric,,leave,I₁,§66-rule,closed,full,§67-rule-1 (closed short i/u + C),aniṭ,I₁,I1
645,rip,,smear,I₁,§66-rule,closed,full,§67-rule-1 (closed short i/u + C),veṭ,I₁,I1
646,riph,,snarl,I₁,§66-rule,closed,defective,§67-rule-2 (heavy closed),seṭ,I₁,I1
647,ribh,,sing,I₁,§66-rule,closed,defective,§67-rule-2 (heavy closed),seṭ,I₁,I1
648,riś,,tear,I₁,§66-rule,closed,full,§67-rule-1 (closed short i/u + C),veṭ,I₁,I1
641,ri,,flow,I₁,§66-rule,open,full,§67-rule-1 (open i/ī/u/ū),aniṭ,I₁,I1
649,riṣ,,be hurt,I₁,§66-rule,closed,full,§67-rule-1 (closed short i/u + C),veṭ,I₁,I1
650,rih,,lick,I₁,§66-rule,closed,full,§67-rule-1 (closed short i/u + C),veṭ,I₁,I1
727,vij,,tremble,I₁,§66-rule,closed,full,§67-rule-1 (closed short i/u + C),seṭ,I₁,I1
681,likh,,scratch,I₁,§66-rule,closed,defective,§67-rule-2 (heavy closed),seṭ,I₁,I1
682,lip,,smear,I₁,§66-rule,closed,full,§67-rule-1 (closed short i/u + C),aniṭ,I₁,I1
683,liś,,tear,I₁,§66-rule,closed,full,§67-rule-1 (closed short i/u + C),aniṭ,I₁,I1
684,lih,,lick,I₁,§66-rule,closed,full,§67-rule-1 (closed short i/u + C),aniṭ,I₁,I1
725,vic,1,sift,I₁,§66-rule,closed,full,§67-rule-1 (closed short i/u + C),aniṭ,I₁,I1
918,hīḍ,,be hostile,I₂,§66-rule,closed,defective,§67-rule-2 (heavy closed),seṭ,I₂,I1
728,vid,1,know,I₁,§66-rule,closed,full,§67-rule-1 (closed short i/u + C),veṭ,I₁,I1
729,vid,2,find,I₁,§66-rule,closed,full,§67-rule-1 (closed short i/u + C),veṭ,I₁,I1
730,vidh,1,worship,I₁,§66-rule,closed,defective,§67-rule-2 (heavy closed),,I₁,I1
731,vidh,2,,I₁,§66-rule,closed,defective,§67-rule-2 (heavy closed),aniṭ,I₁,I1
45,īkṣ,,see,I₂,§66-rule,closed,defective,§67-rule-2 (heavy closed),seṭ,I₂,I2
46,īṅkh,,swing,I₂,§66-rule,closed,defective,§67-rule-2 (heavy closed),seṭ,I₂,I2
280,ṭīk,,trip,I₂,§66-rule,closed,defective,§67-rule-2 (heavy closed),,I₂,I2
765,vlī,,crush,I₂,§66-rule,open,full,§67-rule-1 (open i/ī/u/ū),aniṭ,I₂,I2
48,īḍ,,praise,I₂,§66-rule,closed,defective,§67-rule-2 (heavy closed),seṭ,I₂,I2
523,bhī,,fear,I₂,§66-rule,open,full,§67-rule-1 (open i/ī/u/ū),aniṭ,I₂,I2
49,īr,,set in motion,I₂,§66-rule,closed,defective,§67-rule-2 (heavy closed),seṭ,I₂,I2
50,īrṣy,,be jealous,I₂,§66-rule,closed,defective,§67-rule-2 (heavy closed),seṭ,I₂,I2
51,īś,,be master,I₂,§66-rule,closed,defective,§67-rule-2 (heavy closed),seṭ,I₂,I2
53,īh,,be eager,I₂,§66-rule,closed,defective,§67-rule-2 (heavy closed),seṭ,I₂,I2
120,krī,,buy,I₂,§66-rule,open,full,§67-rule-1 (open i/ī/u/ū),aniṭ,I₂,I2
121,krīḍ,,play,I₂,§66-rule,closed,defective,§67-rule-2 (heavy closed),seṭ,I₂,I2
260,jīv,,live,I₂,§66-rule,closed,defective,§67-rule-2 (heavy closed),seṭ,I₂,I2
284,ḍī,,fly,I₂,§66-rule,open,full,§67-rule-1 (open i/ī/u/ū),veṭ,I₂,I2
358,dī,1,fly,I₂,§66-rule,open,full,§67-rule-1 (open i/ī/u/ū),,I₂,I2
359,dī,2,shine,I₂,§66-rule,open,full,§67-rule-1 (open i/ī/u/ū),,I₂,I2
360,dīkṣ,,be consecrated,I₂,§66-rule,closed,defective,§67-rule-2 (heavy closed),seṭ,I₂,I2
362,dīp,,shine,I₂,§66-rule,closed,defective,§67-rule-2 (heavy closed),veṭ,I₂,I2
363,dīv,1,play,I₂,§66-rule,closed,defective,§67-rule-2 (heavy closed),seṭ,I₂,I2
364,dīv,2,lament,I₂,§66-rule,closed,defective,§67-rule-2 (heavy closed),seṭ,I₂,I2
398,dhī,,think,I₂,§66-rule,open,full,§67-rule-1 (open i/ī/u/ū),veṭ,I₂,I2
427,nī,,lead,I₂,§66-rule,open,full,§67-rule-1 (open i/ī/u/ū),veṭ,I₂,I2
460,pīḍ,,press,I₂,§66-rule,closed,defective,§67-rule-2 (heavy closed),seṭ,I₂,I2
461,pīy,,abuse,I₂,§66-rule,closed,defective,§67-rule-2 (heavy closed),seṭ,I₂,I2
480,prī,,please,I₂,§66-rule,open,full,§67-rule-1 (open i/ī/u/ū),aniṭ,I₂,I2
536,bhrī,,consume,I₂,§66-rule,open,full,§67-rule-1 (open i/ī/u/ū),aniṭ,I₂,I2
562,mīl,,wink,I₂,§66-rule,closed,defective,§67-rule-2 (heavy closed),seṭ,I₂,I2
563,mīv,,push,I₂,§66-rule,closed,defective,§67-rule-2 (heavy closed),seṭ,I₂,I2
686,lī,2,be unsteady,I₂,§66-rule,open,full,§67-rule-1 (open i/ī/u/ū),,I₂,I2
737,vī,,enjoy,I₂,§66-rule,open,full,§67-rule-1 (open i/ī/u/ū),aniṭ,I₂,I2
739,vīḍ,,make strong,I₂,§66-rule,closed,defective,§67-rule-2 (heavy closed),seṭ,I₂,I2
762,vrīḍ,,be abashed,I₂,§66-rule,closed,defective,§67-rule-2 (heavy closed),seṭ,I₂,I2
788,śī,1,fall,I₂,§66-rule,open,full,§67-rule-1 (open i/ī/u/ū),aniṭ,I₂,I2
813,śrī,1,mix,I₂,§66-rule,open,full,§67-rule-1 (open i/ī/u/ū),veṭ,I₂,I2
825,ṣṭhīv,,spew,I₂,§66-rule,closed,defective,§67-rule-2 (heavy closed),seṭ,I₂,I2
845,sīv,,sew,I₂,§66-rule,closed,full,§67-exception-list,seṭ,I₂,I2
898,srīv,,fail,I₂,§66-rule,closed,defective,§67-rule-2 (heavy closed),seṭ,I₂,I2
932,hrī,,be ashamed,I₂,§66-rule,open,full,§67-rule-1 (open i/ī/u/ū),aniṭ,I₂,I2
86,kal,,"drive, produce",L?,index-unknown,open,defective,§67-L-default,seṭ,A₁,L
114,kḷp,,be in order,,unparsed,,unknown,unparsed-citation-form,veṭ,L,L
139,kṣal,,wash,L?,index-unknown,open,defective,§67-L-default,seṭ,A₁,L
174,gal,,drop,L?,index-unknown,open,defective,§67-L-default,seṭ,A₁,L
175,galbh,,dare,L,§66-rule-closed,closed,defective,§67-L-default,seṭ,A₁,L
223,cal,,stir,L?,index-unknown,open,defective,§67-L-default,seṭ,A₁,L
254,jalp,,"murmur, speak",L,§66-rule-closed,closed,defective,§67-L-default,seṭ,A₁,L
274,jval,,"burn, flame",L?,index-unknown,open,defective,§67-L-default,seṭ,A₁,L
346,dal,,burst,L?,index-unknown,open,defective,§67-L-default,seṭ,A₁,L
491,phal,1,brust,L?,index-unknown,open,defective,§67-L-default,seṭ,A₁,L
492,phal,2,fruit,L?,index-unknown,open,defective,§67-L-default,seṭ,A₁,L
495,bal,,whirl,L?,index-unknown,open,defective,§67-L-default,seṭ,A₁,L
676,lal,,sport,L?,index-unknown,open,defective,§67-L-default,seṭ,A₁,L
711,val,,turn,L?,index-unknown,open,defective,§67-L-default,seṭ,A₁,L
712,valg,,spring,L,§66-rule-closed,closed,defective,§67-L-default,seṭ,A₁,L
713,valh,,challenge,L,§66-rule-closed,closed,defective,§67-L-default,seṭ,A₁,L
776,śal,,leap,L?,index-unknown,open,defective,§67-L-default,seṭ,A₁,L
861,skhal,,stumble,L?,index-unknown,open,defective,§67-L-default,seṭ,A₁,L
887,sphal,,strike,L?,index-unknown,open,defective,§67-L-default,seṭ,A₁,L
936,hval,,go wrong,L?,index-unknown,open,defective,§67-L-default,seṭ,A₁,L
391,dham,,blow,M₂,§66-default-open-M,open,full,§67-RMN-default(majority),seṭ,M₁,M0
517,bhām,,be angry,M₂,§66-default-open-M,open,full,§67-RMN-default(majority),seṭ,A₂,M0
137,kṣam,,endure,M₂,§66-default-open-M,open,full,§67-RMN-default(majority),veṭ,M₁,M1
219,cam,,sip,M₂,§66-default-open-M,open,full,§67-RMN-default(majority),veṭ,M₁,M1
775,śam,3,note,M₂,§66-default-open-M,open,full,§67-RMN-default(majority),veṭ,M₁,M1
808,śram,,be weary,M₂,§66-list,open,full,§67-RMN-default(majority),veṭ,M₁,M1
170,gam,,go,M₁,§66-list,open,full,§67-RMN-default(majority),veṭ,M₁,M1
380,dram,,run,M₂,§66-default-open-M,open,full,§67-RMN-default(majority),veṭ,M₁,M1
416,nam,,"bend, bow",M₁,§66-list,open,full,§67-RMN-default(majority),veṭ,M₁,M1
629,ram,,be or make content,M₁,§66-list,open,full,§67-RMN-default(majority),aniṭ,M₁,M1
674,lam,,take pleasure,M₂,§66-default-open-M,open,full,§67-RMN-default(majority),aniṭ,M₁,M1
13,am,,injure,M₂,§66-default-open-M,open,full,§67-RMN-default(majority),veṭ,M₁,M2
84,kam,,love,M₂,§66-default-open-M,open,full,§67-RMN-default(majority),veṭ,M₁,M2
119,kram,,stride,M₂,§66-list,open,full,§67-RMN-default(majority),veṭ,M₁,M2
128,klam,,be weary,M₂,§66-default-open-M,open,full,§67-RMN-default(majority),veṭ,M₁,M2
297,tam,,faint,M₂,§66-default-open-M,open,full,§67-RMN-default(majority),veṭ,M₁,M2
343,dam,,control,M₂,§66-list,open,full,§67-RMN-default(majority),veṭ,M₁,M2
534,bhram,,wander,M₂,§66-list,open,full,§67-RMN-default(majority),veṭ,M₁,M2
710,vam,,vomit,M₂,§66-default-open-M,open,full,§67-RMN-default(majority),veṭ,M₁,M2
774,śam,2,be quiet,M₂,§66-default-open-M,open,full,§67-RMN-default(majority),veṭ,M₁,M2
9,aṇṭh,,visit,A₁,§66-rule,closed,defective,§67-A1-default,seṭ,A₁,N0
12,an,,breathe,N?,index-unknown,open,defective,§67-RMN-list,seṭ,N₁,N0
25,āñch,,tear,A₂,§66-rule,closed,defective,§67-rule-2 (heavy closed),seṭ,A₂,N0
85,kamp,,tremble,M₁,§66-rule-closed,closed,defective,§67-RMN-list,seṭ,A₁,N0
90,kāṅkṣ,,desire,A₂,§66-rule,closed,defective,§67-rule-2 (heavy closed),seṭ,A₂,N0
118,krand,,cry out,N₁,§66-rule-closed,closed,full,§67-RMN-default(majority),seṭ,A₁,N0
155,khañj,,limp,A₁,§66-rule,closed,defective,§67-A1-default,,A₁,N0
214,cañc,,dance,A₁,§66-rule,closed,defective,§67-A1-default,,A₁,N0
278,ṭaṅk,,cover,A₁,§66-rule,closed,defective,§67-A1-default,seṭ,A₁,N0
283,ḍamb,,mock,M₁,§66-rule-closed,closed,full,§67-RMN-default(majority),,A₁,N0
493,baṃh,,make firm,A₁,§66-rule,closed,defective,§67-A1-default,veṭ,A₁,N0
540,mañc,,purify,A₁,§66-rule,closed,defective,§67-A1-default,veṭ,A₁,N0
543,maṇḍ,,deck,A₁,§66-rule,closed,defective,§67-A1-default,seṭ,A₁,N0
612,raṃh,,hasten,A₁,§66-rule,closed,defective,§67-A1-default,seṭ,A₁,N0
614,raṅg,,rock,A₁,§66-rule,closed,defective,§67-A1-default,,A₁,N0
620,raṇv,,delight,A₁,§66-rule,closed,defective,§67-A1-default,seṭ,A₁,N0
630,ramb,,hang down,M₁,§66-rule-closed,closed,full,§67-RMN-default(majority),,A₁,N0
631,rambh,,roar,M₁,§66-rule-closed,closed,full,§67-RMN-default(majority),,A₁,N0
669,laṅgh,,leap,A₁,§66-rule,closed,defective,§67-A1-default,seṭ,A₁,N0
675,lamb,,hang down,M₁,§66-rule-closed,closed,defective,§67-RMN-list,seṭ,A₁,N0
680,lāñch,,mark,A₂,§66-rule,closed,defective,§67-rule-2 (heavy closed),seṭ,A₂,N0
702,vaṇṭ,,divide,A₁,§66-rule,closed,defective,§67-A1-default,seṭ,A₁,N0
722,vāñch,,desire,A₂,§66-rule,closed,defective,§67-rule-2 (heavy closed),seṭ,A₂,N0
768,śaṅk,,doubt,A₁,§66-rule,closed,defective,§67-A1-default,seṭ,A₁,N0
132,kvaṇ,,sound,A₁,§66-rule,closed,defective,§67-A1-default,seṭ,N₁,N0
217,can,,be pleased,N?,index-unknown,open,full,§67-RMN-default(majority),,N₁,N0
295,tand,,be weary,N₁,§66-rule-closed,closed,full,§67-RMN-default(majority),,A₁,N0
389,dhan,,run,N?,index-unknown,open,full,§67-RMN-default(majority),,N₁,N0
390,dhanv,,run,N₁,§66-rule-closed,closed,full,§67-RMN-default(majority),seṭ,A₁,N0
408,dhvan,,sound,N?,index-unknown,open,full,§67-RMN-default(majority),seṭ,N₁,N0
414,nand,,rejoice,N₁,§66-rule-closed,closed,defective,§67-RMN-list,seṭ,A₁,N0
439,paṇ,,bargain,A₁,§66-rule,closed,defective,§67-A1-default,seṭ,N₁,N0
489,phaṇ,,spring,A₁,§66-rule,closed,defective,§67-A1-default,seṭ,N₁,N0
508,bhaṇ,,speak,A₁,§66-rule,closed,defective,§67-A1-default,seṭ,N₁,N0
509,bhan,,speak,N?,index-unknown,open,full,§67-RMN-default(majority),,N₁,N0
707,vand,,greet,N₁,§66-rule-closed,closed,defective,§67-RMN-list,seṭ,A₁,N0
807,śran,,give,N?,index-unknown,open,full,§67-RMN-default(majority),,N₁,N0
862,stan,,thunder,N?,index-unknown,open,defective,§67-RMN-list,seṭ,N₁,N0
902,svan,,sound,N?,index-unknown,open,full,§67-RMN-default(majority),seṭ,N₁,N0
240,chand,,"seem, please",N₁,§66-rule-closed,closed,full,§67-RMN-default(majority),,A₁,N1
252,jambh,,"chew up, crush",M₁,§66-rule-closed,closed,full,§67-RMN-default(majority),veṭ,A₁,N1
290,tañc,,coagulate,A₁,§66-rule,closed,defective,§67-A1-default,veṭ,A₁,N1
287,taṃs,,shake,A₁,§66-rule,closed,defective,§67-A1-default,,A₁,N1
335,daṃś,,bite,A₁,§66-rule,closed,defective,§67-A1-default,veṭ,A₁,N1
336,daṃs,,be wondrous,A₁,§66-rule,closed,defective,§67-A1-default,,A₁,N1
407,dhvaṃs,,scatter,A₁,§66-rule,closed,defective,§67-A1-default,veṭ,A₁,N1
419,naś,2,attain,A₁,§66-rule,closed,defective,§67-A1-default,,A₁,N1
444,pan,,admire,N₁,z-series,open,full,§67-RMN-default(majority),seṭ,N₁,N1
494,bandh,,bind,N₁,§66-rule-closed,closed,full,§67-RMN-default(majority),veṭ,A₁,N1
506,bhañj,,break,A₁,§66-rule,closed,defective,§67-A1-default,aniṭ,A₁,N1
510,bhand,,be bright,N₁,§66-rule-closed,closed,full,§67-RMN-default(majority),,A₁,N1
546,man,,think,N₁,§66-list,open,full,§67-RMN-default(majority),veṭ,N₁,N1
544,math,,shake,A₁,§66-rule,closed,defective,§67-A1-default,seṭ,A₁,N1
538,maṃh,,"be great, be liberal, bestow",A₁,§66-rule,closed,defective,§67-A1-default,seṭ,A₁,N1
617,raj,2,color,A₁,§66-rule,closed,defective,§67-A1-default,aniṭ,A₁,N1
622,radh,,be or make subject,A₁,§66-rule,closed,defective,§67-A1-default,veṭ,A₁,N1
628,rabh,,take hold,A₁,§66-rule,closed,defective,§67-A1-default,aniṭ,A₁,N1
701,vañc,,move crookedly,A₁,§66-rule,closed,defective,§67-A1-default,veṭ,A₁,N1
758,vrad,,weaken,A₁,§66-rule,closed,defective,§67-A1-default,,A₁,N1
764,vlag,,pursue,A₁,§66-rule,closed,defective,§67-A1-default,,A₁,N1
766,śaṃs,,praise,A₁,§66-rule,closed,defective,§67-A1-default,veṭ,A₁,N1
809,śrambh,,trust,M₁,§66-rule-closed,closed,full,§67-RMN-default(majority),veṭ,A₁,N1
821,śvañc,,spread,A₁,§66-rule,closed,defective,§67-A1-default,,A₁,N1
829,saj,,hang,A₁,§66-rule,closed,defective,§67-A1-default,aniṭ,A₁,N1
857,skand,,leap,N₁,§66-rule-closed,closed,full,§67-RMN-default(majority),aniṭ,A₁,N1
858,skambh,,"prop,",M₁,§66-rule-closed,closed,full,§67-RMN-default(majority),seṭ,A₁,N1
863,stambh,,prop,M₁,§66-rule-closed,closed,full,§67-RMN-default(majority),veṭ,A₁,N1
878,spand,,quiver,N₁,§66-rule-closed,closed,full,§67-RMN-default(majority),seṭ,A₁,N1
895,syand,,move on,N₁,§66-rule-closed,closed,full,§67-RMN-default(majority),veṭ,A₁,N1
896,sraṃs,,fall,A₁,§66-rule,closed,defective,§67-A1-default,veṭ,A₁,N1
900,svaj,,embrace,A₁,§66-rule,closed,defective,§67-A1-default,veṭ,A₁,N1
908,han,,smite,N₁,§66-list,open,full,§67-RMN-default(majority),veṭ,N₁,N1
801,ścand,,shine,N₁,§66-rule-closed,closed,full,§67-RMN-default(majority),,A₁,N1
249,jan,,"give birth, be born",N₂,§66-list,open,full,§67-RMN-default(majority),veṭ,N₁,N1
4,aṅg,,move,A₁,§66-rule,closed,defective,§67-A1-default,,A₁,N1
5,ac,,bend,A₁,§66-rule,closed,defective,§67-A1-default,veṭ,A₁,N1
7,añj,,anoint,A₁,§66-rule,closed,defective,§67-A1-default,veṭ,A₁,N1
135,kṣan,,wound,N₁,§66-list,open,full,§67-RMN-default(majority),veṭ,N₁,N1
195,grath,,tie,A₁,§66-rule,closed,defective,§67-A1-default,seṭ,A₁,N1
83,kan,,"be pleased, enjoy",N₂,z-series,open,full,§67-RMN-default(majority),,N₁,N2
157,khan,,dig,N₂,§66-list,open,full,§67-RMN-default(majority),veṭ,N₁,N2
293,tan,1,stretch,N₁,§66-list,open,full,§67-RMN-default(majority),veṭ,N₁,N2
706,van,,win,N₂,z-series,open,full,§67-RMN-default(majority),veṭ,N₁,N2
831,san,,gain,N₂,§66-list,open,full,§67-RMN-default(majority),veṭ,N₁,N2
158,kharj,,creak,R₁,§66-rule-closed,closed,full,§67-RMN-default(majority),,A₁,R0
171,garj,,roar,R₁,§66-rule-closed,closed,defective,§67-RMN-list,seṭ,A₁,R0
172,gard,,exult,R₁,§66-rule-closed,closed,full,§67-RMN-default(majority),,A₁,R0
173,garh,,chide,R₁,§66-rule-closed,closed,defective,§67-RMN-list,seṭ,A₁,R0
221,carc,,repeat,R₁,§66-rule-closed,closed,full,§67-RMN-default(majority),,A₁,R0
273,jvar,,be hot,R?,index-unknown,open,full,§67-RMN-default(majority),veṭ,A₁,R0
277,jhar,,fall,R?,index-unknown,open,full,§67-RMN-default(majority),,A₁,R0
298,tark,,think,R₁,§66-rule-closed,closed,full,§67-RMN-default(majority),,A₁,R0
299,tarj,,threaten,R₁,§66-rule-closed,closed,full,§67-RMN-default(majority),seṭ,A₁,R0
332,tvar,,hasten,R?,index-unknown,open,defective,§67-RMN-list,seṭ,A₁,R0
334,tsar,,approach stealthily,R?,index-unknown,open,full,§67-RMN-default(majority),veṭ,A₁,R0
417,nard,,bellow,R₁,§66-rule-closed,closed,full,§67-RMN-default(majority),seṭ,A₁,R0
445,pard,,fart,R₁,§66-rule-closed,closed,full,§67-RMN-default(majority),,A₁,R0
490,phar,,scatter,R?,index-unknown,open,full,§67-RMN-default(majority),,A₁,R0
511,bharts,,revile,R₁,§66-rule-closed,closed,full,§67-RMN-default(majority),seṭ,A₁,R0
512,bharv,,devour,R₁,§66-rule-closed,closed,full,§67-RMN-default(majority),seṭ,A₁,R0
551,mārg,,chase,R₁,§66-rule-closed,closed,defective,§67-rule-2 (heavy closed),seṭ,A₂,R0
833,sarj,,creak,R₁,§66-rule-closed,closed,full,§67-RMN-default(majority),,A₁,R0
904,svar,,sound,R?,index-unknown,open,full,§67-RMN-default(majority),veṭ,A₁,R0
220,car,,move,R?,index-unknown,open,full,§67-RMN-default(majority),veṭ,A₁,R0
222,carv,,chew,R₁,§66-rule-closed,closed,full,§67-RMN-default(majority),seṭ,A₁,R0
937,hvṛ,,be or make crooked,R₁,§66-rule,open,full,§67-RMN-default(majority),aniṭ,R₁,R1
69,ṛ,,"go, send",R₁,§66-rule,open,full,§67-RMN-default(majority),veṭ,R₁,R1
70,ṛc,,,R₁,§66-rule,closed,full,§67-RMN-default(majority),seṭ,R₁,R1
73,ṛt,,pursue,R₁,§66-rule,closed,full,§67-RMN-default(majority),seṭ,R₁,R1
74,ṛd,,"stir, dissolve",R₁,§66-rule,closed,full,§67-RMN-default(majority),veṭ,R₁,R1
75,ṛdh,,thrive,R₁,§66-rule,closed,defective,§67-rule-2 (heavy closed),veṭ,R₁,R1
77,ṛṣ,,"rush, push",R₁,§66-rule,closed,full,§67-RMN-default(majority),veṭ,R₁,R1
18,arh,,deserve,R₁,§66-rule-closed,closed,full,§67-RMN-default(majority),seṭ,A₁,R1
106,kṛ,1,make,R₁,§66-rule,open,full,§67-RMN-default(majority),veṭ,R₁,R1
109,kṛt,1,cut,R₁,§66-rule,closed,full,§67-RMN-default(majority),veṭ,R₁,R1
110,kṛt,2,spin,R₁,§66-rule,closed,full,§67-RMN-default(majority),veṭ,R₁,R1
111,kṛp,,lament,R₁,§66-rule,closed,full,§67-RMN-default(majority),,R₁,R1
112,kṛś,,be lean,R₁,§66-rule,closed,full,§67-RMN-default(majority),seṭ,R₁,R1
113,kṛṣ,,"drag, plough",R₁,§66-rule,closed,full,§67-RMN-default(majority),veṭ,R₁,R1
192,gṛ,3,wake,R₁,§66-rule,open,full,§67-RMN-default(majority),veṭ,R₁,R1
190,gṛ,1,sing,R₁,§66-rule,open,full,§67-RMN-default(majority),veṭ,R₁,R1
193,gṛdh,,be greedy,R₁,§66-rule,closed,defective,§67-rule-2 (heavy closed),veṭ,R₁,R1
208,ghṛ,,drip,R₁,§66-rule,open,full,§67-RMN-default(majority),veṭ,R₁,R1
209,ghṛṣ,,rub,R₁,§66-rule,closed,full,§67-RMN-default(majority),veṭ,R₁,R1
235,cṛt,,bind,R₁,§66-rule,closed,full,§67-RMN-default(majority),veṭ,R₁,R1
245,chṛd,,"spue, eject",R₁,§66-rule,closed,full,§67-RMN-default(majority),veṭ,R₁,R1
266,jṛ,2,sing,R₁,§66-rule,open,full,§67-RMN-default(majority),,R₁,R1
267,jṛmbh,,gape,R₁,§66-rule,closed,defective,§67-rule-2 (heavy closed),seṭ,R₁,R1
320,tṛd,,"split, bore",R₁,§66-rule,closed,full,§67-RMN-default(majority),veṭ,R₁,R1
321,tṛp,,be pleased,R₁,§66-rule,closed,full,§67-RMN-default(majority),veṭ,R₁,R1
322,tṛṣ,,be thirsty,R₁,§66-rule,closed,full,§67-RMN-default(majority),veṭ,R₁,R1
323,tṛh,,crush,R₁,§66-rule,closed,full,§67-RMN-default(majority),veṭ,R₁,R1
372,dṛ,2,heed,R₁,§66-rule,open,full,§67-RMN-default(majority),veṭ,R₁,R1
373,dṛp,,rave,R₁,§66-rule,closed,full,§67-RMN-default(majority),veṭ,R₁,R1
374,dṛbh,,bunch,R₁,§66-rule,closed,defective,§67-rule-2 (heavy closed),veṭ,R₁,R1
375,dṛś,,see,R₁,§66-rule,closed,full,§67-RMN-default(majority),aniṭ,R₁,R1
376,dṛh,,make firm,R₁,§66-rule,closed,full,§67-RMN-default(majority),veṭ,R₁,R1
409,dhvṛ,,injure,R₁,§66-rule,open,full,§67-RMN-default(majority),veṭ,R₁,R1
402,dhṛ,,hold,R₁,§66-rule,open,full,§67-RMN-default(majority),veṭ,R₁,R1
403,dhṛṣ,,dare,R₁,§66-rule,closed,full,§67-RMN-default(majority),veṭ,R₁,R1
433,nṛt,,dance,R₁,§66-rule,closed,full,§67-RMN-default(majority),veṭ,R₁,R1
470,pṛ,2,pass,R₁,§66-rule,open,full,§67-RMN-default(majority),veṭ,R₁,R1
471,pṛ,3,be busy,R₁,§66-rule,open,full,§67-RMN-default(majority),,R₁,R1
472,pṛc,,mix,R₁,§66-rule,closed,full,§67-RMN-default(majority),veṭ,R₁,R1
500,bṛh,1,make big or strong,R₁,§66-rule,closed,full,§67-RMN-default(majority),veṭ,R₁,R1
530,bhṛ,,bear,R₁,§66-rule,open,full,§67-RMN-default(majority),veṭ,R₁,R1
571,mṛ,1,die,R₁,§66-rule,open,full,§67-RMN-default(majority),veṭ,R₁,R1
574,mṛc,,injure,R₁,§66-rule,closed,full,§67-RMN-default(majority),veṭ,R₁,R1
576,mṛj,,wipe,R₁,§66-rule,closed,full,special-vrddhi (§67 прим.),veṭ,R₁,R1
580,mṛdh,,neglect,R₁,§66-rule,closed,defective,§67-rule-2 (heavy closed),veṭ,R₁,R1
581,mṛś,,"touch, feel",R₁,§66-rule,closed,full,§67-RMN-default(majority),aniṭ,R₁,R1
582,mṛṣ,,not heed,R₁,§66-rule,closed,full,§67-RMN-default(majority),seṭ,R₁,R1
815,śru,,hear,U₁,§66-rule,open,full,§67-rule-1 (open i/ī/u/ū),,U₁,R1
740,vṛ,1,cover,R₁,§66-rule,open,full,§67-RMN-default(majority),veṭ,R₁,R1
741,vṛ,2,choose,R₁,§66-rule,open,full,§67-RMN-default(majority),veṭ,R₁,R1
742,vṛṃh,,roar,R₁,§66-rule,closed,defective,§67-rule-2 (heavy closed),seṭ,R₁,R1
743,vṛj,,twist,R₁,§66-rule,closed,full,§67-RMN-default(majority),veṭ,R₁,R1
744,vṛt,,turn,R₁,§66-rule,closed,full,§67-RMN-default(majority),veṭ,R₁,R1
745,vṛdh,,grow,R₁,§66-rule,closed,defective,§67-rule-2 (heavy closed),veṭ,R₁,R1
746,vṛṣ,,rain,R₁,§66-rule,closed,full,§67-RMN-default(majority),veṭ,R₁,R1
855,sṛp,,creep,R₁,§66-rule,closed,full,§67-RMN-default(majority),aniṭ,R₁,R1
870,stṛ,,strew,R₁,§66-rule,open,full,§67-RMN-default(majority),veṭ,R₁,R1
871,stṛh,,"crush,",R₁,§66-rule,closed,full,§67-RMN-default(majority),,R₁,R1
881,spṛ,,win,R₁,§66-rule,open,full,§67-RMN-default(majority),veṭ,R₁,R1
882,spṛdh,,contend,R₁,§66-rule,closed,defective,§67-rule-2 (heavy closed),seṭ,R₁,R1
884,spṛh,,be eager,R₁,§66-rule,closed,full,§67-RMN-default(majority),,R₁,R1
894,smṛ,,remember,R₁,§66-rule,open,full,§67-RMN-default(majority),veṭ,R₁,R1
923,hṛ,1,take,R₁,§66-rule,open,full,§67-RMN-default(majority),veṭ,R₁,R1
924,hṛ,2,be angry,R₁,§66-rule,open,full,§67-RMN-default(majority),,R₁,R1
925,hṛṣ,,be excited,R₁,§66-rule,closed,full,§67-RMN-default(majority),seṭ,R₁,R1
138,kṣar,,flow,R₂,z-series,open,defective,§67-RMN-list,seṭ,A₁,R2
107,kṛ,2,scatter,R₁,§66-rule,open,full,§67-RMN-default(majority),aniṭ,R₁,R2
108,kṛ,3,commemorate,R₁,§66-rule,open,full,§67-RMN-default(majority),,R₁,R2
265,jṛ,1,waste away,R₁,§66-rule,open,full,§67-RMN-default(majority),veṭ,R₁,R2
319,tṛ,,pass,R₁,§66-rule,open,full,§67-RMN-default(majority),veṭ,R₁,R2
371,dṛ,1,"pierce, split",R₁,§66-rule,open,full,§67-RMN-default(majority),veṭ,R₁,R2
469,pṛ,1,fill,R₁,§66-rule,open,full,§67-RMN-default(majority),veṭ,R₁,R2
572,mṛ,2,crush,R₁,§66-rule,open,full,§67-RMN-default(majority),veṭ,R₁,R2
797,śṛ,1,crush,R₁,§66-rule,open,full,§67-RMN-default(majority),veṭ,R₁,R2
892,sphṛ,,jerk,R₁,§66-rule,open,full,§67-RMN-default(majority),seṭ,R₁,R2
57,uc,,be pleased,U₁,§66-rule,closed,full,§67-rule-1 (closed short i/u + C),seṭ,U₁,U0
286,ḍhauk,,approach,U₁,§66-rule,closed,full,§67-rule-1 (closed short i/u + C),seṭ,U₂,U0
392,dhav,,flow,A₁,§66-rule,closed,defective,§67-A1-default,seṭ,A₁,U0
395,dhāv,1,run,A₂,§66-rule,closed,defective,§67-rule-2 (heavy closed),seṭ,A₂,U0
396,dhāv,2,rinse,A₂,§66-rule,closed,defective,§67-rule-2 (heavy closed),veṭ,A₂,U0
695,lok,,look,A₂,"§66-special(e/o/ai/au→ā-line, §70)",closed,defective,§67-rule-2 (heavy closed),seṭ,U₁,U0
696,loc,,"see, consider",A₂,"§66-special(e/o/ai/au→ā-line, §70)",closed,defective,§67-rule-2 (heavy closed),seṭ,U₁,U0
803,ścut,,drip,U₁,§66-rule,closed,full,§67-rule-1 (closed short i/u + C),seṭ,U₁,U1
816,śruṣ,,hear,U₁,§66-rule,closed,full,§67-rule-1 (closed short i/u + C),,U₁,U1
846,su,,press out,U₁,§66-rule,open,full,§67-rule-1 (open i/ī/u/ū),veṭ,U₁,U1
849,sū,,"generate, enliven, impel",U₂,§66-rule,open,full,§67-rule-1 (open i/ī/u/ū),veṭ,U₂,U1
848,subh,,smother,U₁,§66-rule,closed,defective,§67-rule-2 (heavy closed),veṭ,U₁,U1
859,sku,,tear,U₁,§66-rule,open,full,§67-rule-1 (open i/ī/u/ū),aniṭ,U₁,U1
869,stubh,,praise,U₁,§66-rule,closed,defective,§67-rule-2 (heavy closed),veṭ,U₁,U1
877,snu,,distil,U₁,§66-rule,open,full,§67-rule-1 (open i/ī/u/ū),veṭ,U₁,U1
889,sphuṭ,,burst,U₁,§66-rule,closed,full,§67-rule-1 (closed short i/u + C),seṭ,U₁,U1
899,sru,,flow,U₁,§66-rule,open,full,§67-rule-1 (open i/ī/u/ū),veṭ,U₁,U1
919,hu,,sacrifice,U₁,§66-rule,open,full,§67-rule-1 (open i/ī/u/ū),aniṭ,U₁,U1
929,hnu,,hide,U₁,§66-rule,open,full,§67-rule-1 (open i/ī/u/ū),aniṭ,U₁,U1
61,ud,,wet,U₁,§66-rule,closed,full,§67-rule-1 (closed short i/u + C),seṭ,U₁,U1
63,ubh,,confine,U₁,§66-rule,closed,defective,§67-rule-2 (heavy closed),veṭ,U₁,U1
589,mruc,,set,U₁,§66-rule,closed,full,§67-rule-1 (closed short i/u + C),veṭ,U₁,U1
54,u,,proclaim,U₁,§66-rule,open,full,§67-rule-1 (open i/ī/u/ū),aniṭ,U₁,U1
55,ukṣ,1,sprinkle,U₁,§66-rule,closed,defective,§67-rule-2 (heavy closed),seṭ,U₁,U1
59,ujh,,forsake,U₁,§66-rule,closed,defective,§67-rule-2 (heavy closed),seṭ,U₁,U1
60,uñch,,glean,U₁,§66-rule,closed,defective,§67-rule-2 (heavy closed),seṭ,U₁,U1
62,ubj,,force,U₁,§66-rule,closed,defective,§67-rule-2 (heavy closed),seṭ,U₁,U1
94,kuc,,"shrink, curl",U₁,§66-rule,closed,full,§67-rule-1 (closed short i/u + C),seṭ,U₁,U1
96,kuṭṭ,,"divide, crush",U₁,§66-rule,closed,defective,§67-rule-2 (heavy closed),seṭ,U₁,U1
98,kuth,,stink,U₁,§66-rule,closed,defective,§67-rule-2 (heavy closed),seṭ,U₁,U1
99,kup,,be angry,U₁,§66-rule,closed,full,§67-rule-1 (closed short i/u + C),seṭ,U₁,U1
100,kuṣ,,tear,U₁,§66-rule,closed,full,§67-rule-1 (closed short i/u + C),seṭ,U₁,U1
123,krudh,,be angry,U₁,§66-rule,closed,defective,§67-rule-2 (heavy closed),aniṭ,U₁,U1
124,kruś,,cry out,U₁,§66-rule,closed,full,§67-rule-1 (closed short i/u + C),aniṭ,U₁,U1
144,kṣu,,sneeze,U₁,§66-rule,open,full,§67-rule-1 (open i/ī/u/ū),veṭ,U₁,U1
145,kṣud,,crush,U₁,§66-rule,closed,full,§67-rule-1 (closed short i/u + C),aniṭ,U₁,U1
146,kṣudh,,be hungry,U₁,§66-rule,closed,defective,§67-rule-2 (heavy closed),veṭ,U₁,U1
147,kṣup,,be startled,U₁,§66-rule,closed,full,§67-rule-1 (closed short i/u + C),,U₁,U1
148,kṣubh,,quake,U₁,§66-rule,closed,defective,§67-rule-2 (heavy closed),veṭ,U₁,U1
149,kṣṇu,,whet,U₁,§66-rule,open,full,§67-rule-1 (open i/ī/u/ū),veṭ,U₁,U1
163,khud,,to have sexual intercourse,U₁,§66-rule,closed,full,§67-rule-1 (closed short i/u + C),,U₁,U1
180,gu,,sound,U₁,§66-rule,open,full,§67-rule-1 (open i/ī/u/ū),aniṭ,U₁,U1
181,guñj,,hum,U₁,§66-rule,closed,defective,§67-rule-2 (heavy closed),seṭ,U₁,U1
182,guṇṭh,,cover up,U₁,§66-rule,closed,defective,§67-rule-2 (heavy closed),seṭ,U₁,U1
183,gup,,protect,U₁,§66-rule,closed,full,§67-rule-1 (closed short i/u + C),veṭ,U₁,U1
315,tul,,"lift, weigh",U₁,§66-rule,closed,full,§67-rule-1 (closed short i/u + C),seṭ,U₁,U1
184,guph,,twine,U₁,§66-rule,closed,defective,§67-rule-2 (heavy closed),seṭ,U₁,U1
185,gur,,greet,U₁,§66-rule,closed,full,§67-rule-1 (closed short i/u + C),veṭ,U₁,U1
186,gulph,,bunch,U₁,§66-rule,closed,defective,§67-rule-2 (heavy closed),seṭ,U₁,U1
187,guh,,hide,U₁,§66-rule,closed,full,§67-rule-1 (closed short i/u + C),veṭ,U₁,U1
205,ghuṭ,,turn,U₁,§66-rule,closed,full,§67-rule-1 (closed short i/u + C),seṭ,U₁,U1
206,ghuṣ,,sound,U₁,§66-rule,closed,full,§67-rule-1 (closed short i/u + C),veṭ,U₁,U1
229,cud,,impel,U₁,§66-rule,closed,full,§67-rule-1 (closed short i/u + C),seṭ,U₁,U1
230,cup,,stir,U₁,§66-rule,closed,full,§67-rule-1 (closed short i/u + C),seṭ,U₁,U1
231,cumb,,kiss,U₁,§66-rule,closed,defective,§67-rule-2 (heavy closed),seṭ,U₁,U1
232,cur,,steal,U₁,§66-rule,closed,full,§67-rule-1 (closed short i/u + C),,U₁,U1
237,cyu,,"move, stir",U₁,§66-rule,open,full,§67-rule-1 (open i/ī/u/ū),aniṭ,U₁,U1
238,cyut,,drip,U₁,§66-rule,closed,full,§67-rule-1 (closed short i/u + C),veṭ,U₁,U1
244,chur,,scatter,U₁,§66-rule,closed,full,§67-rule-1 (closed short i/u + C),seṭ,U₁,U1
262,juṣ,,enjoy,U₁,§66-rule,closed,full,§67-rule-1 (closed short i/u + C),veṭ,U₁,U1
271,jyut,,shine,U₁,§66-rule,closed,full,§67-rule-1 (closed short i/u + C),,U₁,U1
309,tu,,be strong,U₁,§66-rule,open,full,§67-rule-1 (open i/ī/u/ū),,U₁,U1
311,tuj,,"urge, thrust",U₁,§66-rule,closed,full,§67-rule-1 (closed short i/u + C),veṭ,U₁,U1
312,tud,,"push, thrust",U₁,§66-rule,closed,full,§67-rule-1 (closed short i/u + C),aniṭ,U₁,U1
314,turv,,overcome,U₁,§66-rule,closed,defective,§67-rule-2 (heavy closed),seṭ,U₁,U1
316,tuś,,drip,U₁,§66-rule,closed,full,§67-rule-1 (closed short i/u + C),,U₁,U1
317,tuṣ,,be content,U₁,§66-rule,closed,full,§67-rule-1 (closed short i/u + C),aniṭ,U₁,U1
328,truṭ,,come to pieces,U₁,§66-rule,closed,full,§67-rule-1 (closed short i/u + C),seṭ,U₁,U1
365,du,,burn,U₁,§66-rule,open,full,§67-rule-1 (open i/ī/u/ū),,U₁,U1
366,dudh,,stir up,U₁,§66-rule,closed,defective,§67-rule-2 (heavy closed),seṭ,U₁,U1
367,dul,,raise,U₁,§66-rule,closed,full,§67-rule-1 (closed short i/u + C),seṭ,U₁,U1
368,duṣ,,spoil,U₁,§66-rule,closed,full,§67-rule-1 (closed short i/u + C),aniṭ,U₁,U1
369,duh,,"milk, derive",U₁,§66-rule,closed,full,§67-rule-1 (closed short i/u + C),aniṭ,U₁,U1
379,dyut,,shine,U₁,§66-rule,closed,full,§67-rule-1 (closed short i/u + C),seṭ,U₁,U1
384,dru,,run,U₁,§66-rule,open,full,§67-rule-1 (open i/ī/u/ū),aniṭ,U₁,U1
385,druh,,be hostile,U₁,§66-rule,closed,full,§67-rule-1 (closed short i/u + C),veṭ,U₁,U1
400,dhū,,shake,U₂,§66-rule,open,full,§67-rule-1 (open i/ī/u/ū),veṭ,U₂,U1
399,dhukṣ,,kindle,U₁,§66-rule,closed,defective,§67-rule-2 (heavy closed),seṭ,U₁,U1
429,nu,1,praise,U₁,§66-rule,open,full,§67-rule-1 (open i/ī/u/ū),veṭ,U₁,U1
431,nud,,push,U₁,§66-rule,closed,full,§67-rule-1 (closed short i/u + C),aniṭ,U₁,U1
462,puṭ,,scale,U₁,§66-rule,closed,full,§67-rule-1 (closed short i/u + C),seṭ,U₁,U1
463,puth,,crush,U₁,§66-rule,closed,defective,§67-rule-2 (heavy closed),seṭ,U₁,U1
464,puṣ,,thrive,U₁,§66-rule,closed,full,§67-rule-1 (closed short i/u + C),veṭ,U₁,U1
481,pru,,flow,U₁,§66-rule,open,full,§67-rule-1 (open i/ī/u/ū),aniṭ,U₁,U1
482,pruth,,snort,U₁,§66-rule,closed,defective,§67-rule-2 (heavy closed),seṭ,U₁,U1
483,pruṣ,,sprinkle,U₁,§66-rule,closed,full,§67-rule-1 (closed short i/u + C),seṭ,U₁,U1
485,plu,,float,U₁,§66-rule,open,full,§67-rule-1 (open i/ī/u/ū),aniṭ,U₁,U1
486,pluṣ,,,U₁,§66-rule,closed,full,§67-rule-1 (closed short i/u + C),veṭ,U₁,U1
497,budh,,"know, wake",U₁,§66-rule,closed,defective,§67-rule-2 (heavy closed),aniṭ,U₁,U1
524,bhuj,1,bend,U₁,§66-rule,closed,full,§67-rule-1 (closed short i/u + C),aniṭ,U₁,U1
525,bhuj,2,enjoy,U₁,§66-rule,closed,full,§67-rule-1 (closed short i/u + C),aniṭ,U₁,U1
564,muc,,release,U₁,§66-rule,closed,full,§67-rule-1 (closed short i/u + C),aniṭ,U₁,U1
565,muṭ,,break,U₁,§66-rule,closed,full,§67-rule-1 (closed short i/u + C),seṭ,U₁,U1
566,mud,,be merry,U₁,§66-rule,closed,full,§67-rule-1 (closed short i/u + C),seṭ,U₁,U1
567,muṣ,,steal,U₁,§66-rule,closed,full,§67-rule-1 (closed short i/u + C),veṭ,U₁,U1
568,muh,,be crazed,U₁,§66-rule,closed,full,§67-rule-1 (closed short i/u + C),veṭ,U₁,U1
606,yu,1,unite,U₁,§66-rule,open,full,§67-rule-1 (open i/ī/u/ū),veṭ,U₁,U1
607,yu,2,separate,U₁,§66-rule,open,full,§67-rule-1 (open i/ī/u/ū),aniṭ,U₁,U1
608,yuj,,join,U₁,§66-rule,closed,full,§67-rule-1 (closed short i/u + C),aniṭ,U₁,U1
609,yudh,,fight,U₁,§66-rule,closed,defective,§67-rule-2 (heavy closed),aniṭ,U₁,U1
610,yup,,obstruct,U₁,§66-rule,closed,full,§67-rule-1 (closed short i/u + C),seṭ,U₁,U1
652,ru,1,cry,U₁,§66-rule,open,full,§67-rule-1 (open i/ī/u/ū),veṭ,U₁,U1
653,ru,2,break,U₁,§66-rule,open,full,§67-rule-1 (open i/ī/u/ū),veṭ,U₁,U1
654,ruc,,shine,U₁,§66-rule,closed,full,§67-rule-1 (closed short i/u + C),seṭ,U₁,U1
655,ruj,,break,U₁,§66-rule,closed,full,§67-rule-1 (closed short i/u + C),aniṭ,U₁,U1
656,ruṭh,,torment,U₁,§66-rule,closed,defective,§67-rule-2 (heavy closed),seṭ,U₁,U1
657,rud,,weep,U₁,§66-rule,closed,full,§67-rule-1 (closed short i/u + C),seṭ,U₁,U1
658,rudh,1,grow,U₁,§66-rule,closed,defective,§67-rule-2 (heavy closed),,U₁,U1
659,rudh,2,obstruct,U₁,§66-rule,closed,defective,§67-rule-2 (heavy closed),aniṭ,U₁,U1
660,rup,,"break, pain",U₁,§66-rule,closed,full,§67-rule-1 (closed short i/u + C),seṭ,U₁,U1
661,ruṣ,,be vexed,U₁,§66-rule,closed,full,§67-rule-1 (closed short i/u + C),veṭ,U₁,U1
662,ruh,,ascend,U₁,§66-rule,closed,full,§67-rule-1 (closed short i/u + C),veṭ,U₁,U1
687,luñc,,tear,U₁,§66-rule,closed,defective,§67-rule-2 (heavy closed),seṭ,U₁,U1
688,luṭh,1,roll,U₁,§66-rule,closed,defective,§67-rule-2 (heavy closed),seṭ,U₁,U1
689,luṭh,2,rob,U₁,§66-rule,closed,defective,§67-rule-2 (heavy closed),seṭ,U₁,U1
690,luḍ,,stir up,U₁,§66-rule,closed,full,§67-rule-1 (closed short i/u + C),seṭ,U₁,U1
691,lup,,break,U₁,§66-rule,closed,full,§67-rule-1 (closed short i/u + C),veṭ,U₁,U1
692,lubh,,be lustful,U₁,§66-rule,closed,defective,§67-rule-2 (heavy closed),veṭ,U₁,U1
693,lul,,be lively,U₁,§66-rule,closed,full,§67-rule-1 (closed short i/u + C),seṭ,U₁,U1
763,vruḍ,,sink,U₁,§66-rule,closed,full,§67-rule-1 (closed short i/u + C),seṭ,U₁,U1
790,śuc,,gleam,U₁,§66-rule,closed,full,§67-rule-1 (closed short i/u + C),veṭ,U₁,U1
791,śuj,,swell,U₁,§66-rule,closed,full,§67-rule-1 (closed short i/u + C),,U₁,U1
792,śudh,,purify,U₁,§66-rule,closed,defective,§67-rule-2 (heavy closed),aniṭ,U₁,U1
19,av,,favor,A₁,§66-rule,closed,defective,§67-A1-default,veṭ,A₁,U2
67,ūh,1,remove,U₂,§66-rule,closed,defective,§67-rule-2 (heavy closed),veṭ,U₂,U2
68,ūh,2,consider,U₂,§66-rule,closed,defective,§67-rule-2 (heavy closed),veṭ,U₂,U2
101,kū,,design,U₂,§66-rule,open,full,§67-rule-1 (open i/ī/u/ū),aniṭ,U₂,U2
102,kūj,,hum,U₂,§66-rule,closed,defective,§67-rule-2 (heavy closed),seṭ,U₂,U2
103,kūḍ,,burn,U₂,§66-rule,closed,defective,§67-rule-2 (heavy closed),seṭ,U₂,U2
104,kūṇ,,shrink,U₂,§66-rule,closed,defective,§67-rule-2 (heavy closed),seṭ,U₂,U2
105,kūrd,,"leap, exult",U₂,§66-rule,closed,defective,§67-rule-2 (heavy closed),seṭ,U₂,U2
115,knū,,wet,U₂,§66-rule,open,full,§67-rule-1 (open i/ī/u/ū),veṭ,U₂,U2
188,gūrd,,exult,U₂,§66-rule,closed,defective,§67-rule-2 (heavy closed),,U₂,U2
189,gūrdh,,exalt,U₂,§66-rule,closed,defective,§67-rule-2 (heavy closed),,U₂,U2
207,ghūrṇ,,waver,U₂,§66-rule,closed,defective,§67-rule-2 (heavy closed),seṭ,U₂,U2
234,cūṣ,,"draw, suck",U₂,§66-rule,closed,defective,§67-rule-2 (heavy closed),veṭ,U₂,U2
263,jū,,be swift,U₂,§66-rule,open,full,§67-rule-1 (open i/ī/u/ū),veṭ,U₂,U2
264,jūrv,,consume,U₂,§66-rule,closed,defective,§67-rule-2 (heavy closed),seṭ,U₂,U2
386,drū,,hurl,U₂,§66-rule,open,full,§67-rule-1 (open i/ī/u/ū),,U₂,U2
401,dhūrv,,injure,U₂,§66-rule,closed,defective,§67-rule-2 (heavy closed),seṭ,U₂,U2
465,pū,,cleanse,U₂,§66-rule,open,full,§67-rule-1 (open i/ī/u/ū),veṭ,U₂,U2
466,pūj,,reverence,U₂,§66-rule,closed,defective,§67-rule-2 (heavy closed),,U₂,U2
467,pūy,,stink,U₂,§66-rule,closed,defective,§67-rule-2 (heavy closed),seṭ,U₂,U2
502,brū,,say,U₂,§66-rule,open,full,§67-rule-1 (open i/ī/u/ū),,U₂,U2
528,bhū,,be,U₂,§66-rule,open,full,§67-rule-1 (open i/ī/u/ū),veṭ,U₂,U2
529,bhūṣ,,"attend upon, adorn",U₂,§66-rule,closed,defective,§67-rule-2 (heavy closed),veṭ,U₂,U2
663,rūṣ,,strew,U₂,§66-rule,closed,defective,§67-rule-2 (heavy closed),veṭ,U₂,U2
694,lū,,cut,U₂,§66-rule,open,full,§67-rule-1 (open i/ī/u/ū),veṭ,U₂,U2
850,sūd,,put in order,U₂,§66-rule,closed,defective,§67-rule-2 (heavy closed),veṭ,U₂,U2
851,sūrkṣ,,heed,U₂,§66-rule,closed,defective,§67-rule-2 (heavy closed),seṭ,U₂,U2
891,sphūrj,,rumble,U₂,§66-rule,closed,defective,§67-rule-2 (heavy closed),seṭ,U₂,U2
922,hūrch,,fall away,U₂,§66-rule,closed,defective,§67-rule-2 (heavy closed),seṭ,U₂,U2
570,mūrch,,thicken,U₂,§66-rule,closed,defective,§67-rule-2 (heavy closed),veṭ,U₂,U2
