base_stem,dcs_lemma_grammar,formation_class,method,evidence,tokens
cintay,10. Ā.,class10_lexical,root-recovery(no-hit),no independent root recoverable; own entry 10. Ā.,200
preṣay,"10.P.,10.Ā.",causative,override (auto was ambiguous_caus_class10/root-recovery(identity)),pra+iṣ (MW s.v. pra-iṣ; iṣ 6.P 'send/impel') -> preṣayati; preverb-fused root invisible to the bare phonological test,184
pūjay,10. Ā.,class10_lexical,root-recovery(no-hit),no independent root recoverable; own entry 10. Ā.,160
janay,10. Ā.,causative,override (auto was ambiguous_caus_class10/root-recovery(identity)),jan 4.Ā 'be born' -> janayati 'begets' — transparent causative; identity grade only because medial a takes no strengthening (Whitney §1042e),159
darśay,10. Ā.,causative,root-recovery,guna ar->ṛ: dṛś (4. Ā.),131
kathay,10. Ā.,class10_lexical,override (auto was ambiguous_caus_class10/root-recovery(identity)),"MW kath cl.10 kathayati, denominative of katham (Whitney §1056a); the DCS inventory row 'kath 4.Ā.' reflects the rare epic middle kathate, not an independent underived root",125
pātay,10. Ā.,causative,root-recovery,vrddhi ā->a: pat (1. Ā.),105
vāray,10. Ā.,causative,root-recovery,vrddhi ār->ṛ: vṛ (1. Ā.),102
kāray,10. Ā.,causative,root-recovery,vrddhi ār->ṛ: kṛ (2. Ā.),91
chāday,10. Ā.,ambiguous_caus_class10,override (auto was causative/root-recovery),MW chad cl.10 chādayati 'cover' is the principal entry; plain chad barely attested — boundary case,87
sthāpay,10. Ā.,causative,root-recovery,p-caus (ā-p): sthā (1. Ā.),76
tāḍay,10. Ā.,class10_lexical,override (auto was causative/root-recovery),MW/Dhātupāṭha taḍ curādi (cl.10) tāḍayati only; the DCS inventory row 'taḍ 2.P.' has no MW basis,62
yodhay,10. Ā.,causative,root-recovery,guna o->u: yudh (2. P.),59
coday,10. Ā.,causative,root-recovery,guna o->u: cud (1. Ā.),56
dhāray,10. Ā.,causative,override-confirmed (root-recovery),"dhṛ -> dhārayati; formally causative (functions as the plain present 'holds' in classical usage, Whitney §1041b)",52
prasāday,"10.P.,10.Ā.",causative,root-recovery,strip prasād->sād; vrddhi ā->a: sad (6. P.),51
varay,10. Ā.,ambiguous_caus_class10,override (auto was causative/root-recovery),formally guna of vṛ 9 'choose' but varayati itself means 'chooses' (not 'causes to choose'); MW lists vṛ cl.10,48
pālay,10. Ā.,class10_lexical,override-confirmed (root-recovery(no-hit)),MW pāl 10 = denominative of pāla m. 'guardian'; the automatic hit pāl->pal (pal 1 'go') is a spurious homophone,47
utpāday,"10.P.,10.Ā.",causative,root-recovery,"vrddhi ā->a: utpad (4.P.,4.Ā.)",45
toṣay,10. Ā.,causative,root-recovery,guna o->u: tuṣ (4. Ā.),41
pūray,10. Ā.,causative,override (auto was class10_lexical/root-recovery(no-hit)),"pṝ 9 'fill' (pūryate) -> pūrayati, standard causative (Whitney §1042)",40
mantray,Denom. Ā.,denominative,dcs-grammar,Denom. Ā.,35
niveday,"10.P.,10.Ā.",causative,root-recovery,guna e->i: nivid (2.P.),35
yojay,10. Ā.,causative,root-recovery,guna o->u: yuj (1. P.),35
sāntvay,Denom. Ā.,denominative,dcs-grammar,Denom. Ā.,34
kalpay,10. Ā.,causative,override (auto was class10_lexical/root-recovery(no-hit)),kḷp 1.Ā 'be fit' -> kalpayati 'arranges' (Whitney §1042b),31
arcay,10. Ā.,ambiguous_caus_class10,override-confirmed (root-recovery(identity)),"arc 1.P arcati 'honour' and arcayati cl.10 same sense — causative form, non-causative semantics",29
pīḍay,10. Ā.,class10_lexical,override (auto was ambiguous_caus_class10/root-recovery(identity)),"MW pīḍ cl.10 pīḍayati 'press, pain' is the principal formation (cl.1 pīḍati marginal)",29
bhakṣay,10. Ā.,ambiguous_caus_class10,override-confirmed (root-recovery(identity)),"MW bhakṣ cl.1 bhakṣati and cl.10 bhakṣayati 'eat' same sense; denominative origin (bhakṣa) — causative form, plain meaning",28
ājñāpay,"10.P.,10.Ā.",causative,root-recovery,strip ājñāp->jñāp; p-caus (ā-p): jñā (4. Ā.),27
vijñāpay,"10.P.,10.Ā.",causative,root-recovery,"p-caus (ā-p): vijñā (9.P.,9.Ā.)",25
īkṣ,4. P.,plain_root,dcs-grammar,4. P.,25
śrāvay,10. Ā.,causative,root-recovery,vrddhi āv->u: śru (4. P.),25
bhī,1. P.,plain_root,dcs-grammar,1. P.,24
tarpay,10. Ā.,causative,root-recovery,guna ar->ṛ: tṛp (6. Ā.),24
visarjay,"10.P.,10.Ā.",causative,root-recovery,"guna ar->ṛ: visṛj (6.Ā.,6.P.,1.P.,4.Ā.)",23
adhyāpay,"10.P.,10.Ā.",causative,override (auto was class10_lexical/root-recovery(no-hit)),adhi+i 2.P 'study' -> adhyāpayati 'teaches': -p- causative on the ā-grade of i (Whitney §1042m) — unreachable by suffix reversal,22
praveśay,"10.P.,10.Ā.",causative,root-recovery,"guna e->i: praviś (4.P.,6.Ā.,6.P.)",22
prārthay,"Denom.P.,Denom.Ā.",denominative,dcs-grammar,"Denom.P.,Denom.Ā.",22
vid,1. Ā.,plain_root,dcs-grammar,1. Ā.,22
chanday,10. Ā.,ambiguous_caus_class10,root-recovery(identity),identity: chand (2. P.),20
nivāray,"10.P.,10.Ā.",causative,root-recovery,strip nivār->vār; vrddhi ār->ṛ: vṛ (1. Ā.),20
ārādhay,"10.P.,10.Ā.",causative,root-recovery,strip ārādh->rādh; vrddhi ā->a: radh (4. Ā.),20
āśvāsay,"10.P.,10.Ā.",causative,root-recovery,strip āśvās->śvās; vrddhi ā->a: śvas (1. Ā.),20
śamay,10. Ā.,causative,override (auto was ambiguous_caus_class10/root-recovery(identity)),śam 4.P 'become calm' -> śamayati 'calms' (a-vowel unstrengthened),20
mohay,10. Ā.,causative,root-recovery,guna o->u: muh (4. Ā.),19
yājay,10. Ā.,causative,root-recovery,vrddhi ā->a: yaj (2. P.),19
saṃpreṣay,10.P.,causative,override (auto was ambiguous_caus_class10/root-recovery(identity)),pra+iṣ (MW s.v. pra-iṣ; iṣ 6.P 'send/impel') -> preṣayati; preverb-fused root invisible to the bare phonological test,18
āropay,"10.P.,10.Ā.",causative,root-recovery,strip ārop->rop; guna o->u: rup (6. P.),18
niveśay,"10.P.,10.Ā.",causative,root-recovery,strip niveś->veś; guna e->i: viś (3. P.),17
bhrāmay,10. Ā.,causative,root-recovery,vrddhi ā->a: bhram (4. Ā.),16
mokṣay,10. Ā.,class10_lexical,root-recovery(no-hit),no independent root recoverable; own entry 10. Ā.,16
pracchāday,"10.P.,10.Ā.",ambiguous_caus_class10,override (auto was causative/root-recovery),MW chad cl.10 chādayati 'cover' is the principal entry; plain chad barely attested — boundary case,16
prasthāpay,10.P.,causative,root-recovery,"p-caus (ā-p): prasthā (1.P.,1.Ā.)",16
sampūjay,"10.P.,10.Ā.",class10_lexical,root-recovery(no-hit),"no independent root recoverable; own entry 10.P.,10.Ā.",15
tarkay,Denom. Ā.,denominative,dcs-grammar,Denom. Ā.,15
utthāpay,"10.P.,10.Ā.",causative,root-recovery,"p-caus (ā-p): utthā (1.P.,1.Ā.)",15
āhāray,"10.P.,10.Ā.",causative,root-recovery,"vrddhi ār->ṛ: āhṛ (1.P.,1.Ā.)",15
ramay,10. Ā.,causative,override (auto was ambiguous_caus_class10/root-recovery(identity)),ram 1.Ā 'delight in' -> ramayati 'delights (another)' (Whitney §1042),14
ās,4. P.,plain_root,dcs-grammar,4. P.,14
kāmay,10. P.,causative,root-recovery,vrddhi ā->a: kam (4. P.),13
nāśay,10. Ā.,causative,root-recovery,vrddhi ā->a: naś (1. Ā.),13
trāsay,10. Ā.,causative,root-recovery,vrddhi ā->a: tras (4. Ā.),13
upās,"2.Ā.,1.Ā.,2.P.,4.P.,1.P.",plain_root,dcs-grammar,"2.Ā.,1.Ā.,2.P.,4.P.,1.P.",13
āmantray,"Denom.P.,Denom.Ā.",denominative,dcs-grammar,"Denom.P.,Denom.Ā.",13
ānī,"1.P.,1.Ā.",plain_root,dcs-grammar,"1.P.,1.Ā.",13
arday,10. Ā.,causative,root-recovery,guna ar->ṛ: ṛd (1. P.),12
bhojay,10. Ā.,causative,root-recovery,guna o->u: bhuj (6. P.),12
grāhay,10. Ā.,causative,root-recovery,vrddhi ā->a: grah (4. P.),12
rocay,10. Ā.,causative,root-recovery,guna o->u: ruc (1. P.),12
snāpay,10. Ā.,causative,root-recovery,p-caus (ā-p): snā (4. P.),12
āhvā,"6.P.,1.Ā.,4.P.,6.Ā.,4.Ā.",plain_root,dcs-grammar,"6.P.,1.Ā.,4.P.,6.Ā.,4.Ā.",12
jīvay,10. Ā.,causative,override (auto was ambiguous_caus_class10/root-recovery(identity)),jīv 1.P 'live' -> jīvayati 'revives' (long medial vowel unstrengthened),11
mānay,10. Ā.,causative,root-recovery,vrddhi ā->a: man (1. Ā.),11
prāpay,"10.P.,10.Ā.",causative,root-recovery,p-caus (ā-p): prā (2. Ā.),11
saṃcoday,"10.P.,10.Ā.",causative,root-recovery,"guna o->u: saṃcud (1.P.,1.Ā.)",11
tāpay,10. Ā.,causative,root-recovery,vrddhi ā->a: tap (4. Ā.),11
ānāyay,"10.P.,10.Ā.",causative,root-recovery,strip ānāy->nāy; vrddhi āy->ī: nī (2. P.),11
cūrṇay,Denom. P.,denominative,dcs-grammar,Denom. P.,10
hu,3. Ā.,plain_root,dcs-grammar,3. Ā.,10
kṣobhay,10. Ā.,causative,root-recovery,guna o->u: kṣubh (1. Ā.),10
mocay,10. Ā.,causative,root-recovery,guna o->u: muc (6. Ā.),10
plāvay,10. Ā.,causative,root-recovery,vrddhi āv->u: plu (1. P.),10
pravartay,"10.P.,10.Ā.",causative,root-recovery,"guna ar->ṛ: pravṛt (1.P.,1.Ā.)",10
saṃcintay,"10.P.,10.Ā.",class10_lexical,root-recovery(no-hit),"no independent root recoverable; own entry 10.P.,10.Ā.",10
utpāṭay,10.P.,causative,root-recovery,strip utpāṭ->pāṭ; vrddhi ā->a: paṭ (1. P.),10
vīkṣ,"1.Ā.,4.P.,1.P.",plain_root,dcs-grammar,"1.Ā.,4.P.,1.P.",10
śobhay,10. Ā.,causative,root-recovery,guna o->u: śubh (6. Ā.),10
cālay,10. Ā.,causative,root-recovery,vrddhi ā->a: cal (1. Ā.),9
drāvay,10. Ā.,causative,root-recovery,vrddhi āv->u: dru (9. P.),9
kampay,10. Ā.,causative,override (auto was ambiguous_caus_class10/root-recovery(identity)),kamp 1.Ā 'tremble' -> kampayati 'shakes',9
niryātay,10.P.,causative,root-recovery,strip niryāt->yāt; vrddhi ā->a: yat (1. P.),9
āsphoṭay,"10.P.,10.Ā.",causative,root-recovery,strip āsphoṭ->sphoṭ; guna o->u: sphuṭ (6. Ā.),9
avatāray,10.P.,causative,root-recovery,strip avatār->tār; vrddhi ār->ṛ: tṛ (3. P.),8
bhartsay,10. Ā.,ambiguous_caus_class10,root-recovery(identity),identity: bharts (1. Ā.),8
bhūṣay,10. Ā.,ambiguous_caus_class10,root-recovery(identity),identity: bhūṣ (1. P.),8
bodhay,10. Ā.,causative,root-recovery,guna o->u: budh (1. Ā.),8
dāray,10. Ā.,causative,root-recovery,vrddhi ār->ṛ: dṛ (1. P.),8
pāyay,10. Ā.,causative,root-recovery,vrddhi āy->ī: pī (4. P.),8
sampāday,"10.P.,10.Ā.",causative,root-recovery,"vrddhi ā->a: sampad (4.P.,4.Ā.)",8
saṃchāday,10.P.,ambiguous_caus_class10,override (auto was causative/root-recovery),MW chad cl.10 chādayati 'cover' is the principal entry; plain chad barely attested — boundary case,8
saṃdarśay,"10.P.,10.Ā.",causative,root-recovery,strip saṃdarś->darś; guna ar->ṛ: dṛś (4. Ā.),8
saṃtarpay,"10.P.,10.Ā.",causative,root-recovery,guna ar->ṛ: saṃtṛp (4.P.),8
vartay,10. Ā.,causative,root-recovery,guna ar->ṛ: vṛt (3. P.),8
vicintay,"10.P.,10.Ā.",class10_lexical,root-recovery(no-hit),"no independent root recoverable; own entry 10.P.,10.Ā.",8
śikṣay,10. P.;10. Ā.,causative,override (auto was ambiguous_caus_class10/root-recovery(identity)),śikṣ 1.Ā 'learn' (old desid. of śak) -> śikṣayati 'teaches' = 'causes to learn' (MW caus.),8
bheday,10. Ā.,causative,root-recovery,guna e->i: bhid (3. P.),7
dharṣay,10. P.,causative,root-recovery,guna ar->ṛ: dhṛṣ (1. P.),7
dāhay,10. P.,causative,root-recovery,vrddhi ā->a: dah (2. P.),7
garhay,10. Ā.,ambiguous_caus_class10,root-recovery(identity),identity: garh (1. P.),7
ghoṣay,10. Ā.,causative,root-recovery,guna o->u: ghuṣ (1. Ā.),7
māpay,10. Ā.,causative,root-recovery,p-caus (ā-p): mā (3. P.),7
nanday,10. Ā.,causative,override (auto was ambiguous_caus_class10/root-recovery(identity)),nand 1.P 'rejoice' -> nandayati 'gladdens',7
nivartay,"10.P.,10.Ā.",causative,root-recovery,"guna ar->ṛ: nivṛt (1.P.,1.Ā.)",7
niyojay,"10.P.,10.Ā.",causative,root-recovery,strip niyoj->yoj; guna o->u: yuj (1. P.),7
pothay,10. Ā.,class10_lexical,root-recovery(no-hit),no independent root recoverable; own entry 10. Ā.,7
sūday,10. Ā.,ambiguous_caus_class10,root-recovery(identity),identity: sūd (1. Ā.),7
vācay,10. Ā.,causative,root-recovery,vrddhi ā->a: vac (2. P.),7
vāhay,10. Ā.,causative,root-recovery,vrddhi ā->a: vah (2. Ā.),7
āsāday,"10.P.,10.Ā.",causative,root-recovery,"vrddhi ā->a: āsad (1.P.,2.P.,1.Ā.)",7
avalokay,"10.P.,10.Ā.",class10_lexical,root-recovery(no-hit),"no independent root recoverable; own entry 10.P.,10.Ā.",6
gamay,10. Ā.,causative,override (auto was ambiguous_caus_class10/root-recovery(identity)),gam 'go' -> gamayati 'causes to go' (Whitney §1042e),6
ghātay,10. Ā.,causative,override (auto was class10_lexical/root-recovery(no-hit)),"han 2.P 'slay' -> ghātayati, suppletive causative stem (Whitney §1042l)",6
khānay,10. P.,causative,root-recovery,vrddhi ā->a: khan (2. P.),6
kṣamay,10. Ā.,ambiguous_caus_class10,root-recovery(identity),identity: kṣam (1. P.),6
lobhay,10. Ā.,causative,root-recovery,guna o->u: lubh (4. Ā.),6
rañjay,10. Ā.,causative,override (auto was ambiguous_caus_class10/root-recovery(identity)),"rañj 4.Ā 'be reddened/charmed' -> rañjayati 'colours, delights'",6
samāpay,"10.P.,10.Ā.",causative,override (auto was ambiguous_caus_class10/root-recovery(identity)),sam-āp 5 'complete' -> samāpayati 'brings to an end' (MW caus.),6
saṃkalpay,"10.P.,10.Ā.",causative,override (auto was class10_lexical/root-recovery(no-hit)),kḷp 1.Ā 'be fit' -> kalpayati 'arranges' (Whitney §1042b),6
vāday,10. Ā.,causative,root-recovery,vrddhi ā->a: vad (1. Ā.),6
ālokay,"10.P.,10.Ā.",class10_lexical,root-recovery(no-hit),"no independent root recoverable; own entry 10.P.,10.Ā.",6
āveday,"10.P.,10.Ā.",causative,root-recovery,strip āved->ved; guna e->i: vid (2. Ā.),6
arpay,10. Ā.,class10_lexical,root-recovery(no-hit),no independent root recoverable; own entry 10. Ā.,5
dīkṣay,10. Ā.,ambiguous_caus_class10,root-recovery(identity),identity: dīkṣ (1. P.),5
dīpay,10. Ā.,causative,override (auto was ambiguous_caus_class10/root-recovery(identity)),dīp 4.Ā 'blaze' -> dīpayati 'kindles',5
lakṣay,10. Ā.,ambiguous_caus_class10,root-recovery(identity),identity: lakṣ (1. Ā.),5
mṛgay,Denom. P.,denominative,dcs-grammar,Denom. P.,5
nirvartay,10.P.,causative,root-recovery,strip nirvart->vart; guna ar->ṛ: vṛt (3. P.),5
samānī,"1.P.,1.Ā.",plain_root,dcs-grammar,"1.P.,1.Ā.",5
saṃmānay,10.P.,causative,root-recovery,strip saṃmān->mān; vrddhi ā->a: man (1. Ā.),5
saṃyojay,"10.P.,10.Ā.",causative,root-recovery,"guna o->u: saṃyuj (7.Ā.,4.P.,7.P.)",5
stambhay,10. Ā.,causative,override (auto was ambiguous_caus_class10/root-recovery(identity)),stambh 'become rigid' -> stambhayati 'makes firm' (MW caus.),5
sādhay,10. Ā.,causative,override (auto was ambiguous_caus_class10/root-recovery(identity)),sādh 1/5 'succeed' -> sādhayati 'accomplishes' (MW caus.),5
tolay,10. P.,class10_lexical,root-recovery(no-hit),no independent root recoverable; own entry 10. P.,5
tvaray,10. Ā.,causative,override (auto was ambiguous_caus_class10/root-recovery(identity)),tvar 1.Ā 'hasten' -> tvarayati 'speeds (another)' (MW caus.),5
udyojay,10.P.,causative,root-recovery,"guna o->u: udyuj (7.Ā.,7.P.)",5
vardhay,10. Ā.,causative,root-recovery,guna ar->ṛ: vṛdh (6. P.),5
vañcay,10. Ā.,causative,override (auto was ambiguous_caus_class10/root-recovery(identity)),"vañc 1 'move crookedly' -> caus. vañcayati 'deceives' (MW caus., specialized sense)",5
vidhvaṃsay,10.P.,causative,override (auto was ambiguous_caus_class10/root-recovery(identity)),dhvaṃs 1.Ā 'fall to pieces' -> dhvaṃsayati 'destroys' (MW caus.),5
vidrāvay,"10.P.,10.Ā.",causative,root-recovery,"vrddhi āv->u: vidru (1.P.,1.Ā.)",5
ārocay,"10.P.,10.Ā.",causative,root-recovery,guna o->u: āruc (1.Ā.),5
śātay,10. Ā.,class10_lexical,root-recovery(no-hit),no independent root recoverable; own entry 10. Ā.,5
cāray,10. Ā.,causative,root-recovery,vrddhi ā->a: car (1. Ā.),4
gaṇay,10. Ā.,class10_lexical,root-recovery(no-hit),no independent root recoverable; own entry 10. Ā.,4
harṣay,10. Ā.,causative,root-recovery,guna ar->ṛ: hṛṣ (1. P.),4
hlāday,10. Ā.,causative,override (auto was ambiguous_caus_class10/root-recovery(identity)),hlād 1.Ā 'be glad' -> hlādayati 'gladdens' (MW caus.),4
kālay,10. Ā.,causative,root-recovery,vrddhi ā->a: kal (1. P.),4
maṇḍay,Denom. Ā.,denominative,dcs-grammar,Denom. Ā.,4
nipātay,"10.P.,10.Ā.",causative,root-recovery,strip nipāt->pāt; vrddhi ā->a: pat (1. Ā.),4
nirbhartsay,10.P.,ambiguous_caus_class10,root-recovery(identity),identity (preverb-stripped nirbharts->bharts): bharts (1. Ā.),4
nirvāpay,10.P.,causative,root-recovery,p-caus (ā-p): nirvā (2.P.),4
pracoday,10.P.,causative,root-recovery,"guna o->u: pracud (1.P.,1.Ā.)",4
pāṭay,10. Ā.,causative,root-recovery,vrddhi ā->a: paṭ (1. P.),4
samarpay,"10.P.,10.Ā.",class10_lexical,root-recovery(no-hit),"no independent root recoverable; own entry 10.P.,10.Ā.",4
sambhāvay,"10.P.,10.Ā.",causative,root-recovery,strip sambhāv->bhāv; vrddhi āv->ū: bhū (1. Ā.),4
samāśvāsay,"10.P.,10.Ā.",causative,root-recovery,"vrddhi ā->a: samāśvas (1.P.,2.P.,2.Ā.)",4
saṃstambhay,"10.P.,10.Ā.",causative,override (auto was ambiguous_caus_class10/root-recovery(identity)),stambh 'become rigid' -> stambhayati 'makes firm' (MW caus.),4
saṃtāpay,10.P.,causative,root-recovery,strip saṃtāp->tāp; vrddhi ā->a: tap (4. Ā.),4
saṃvardhay,10.P.,causative,root-recovery,"guna ar->ṛ: saṃvṛdh (1.P.,1.Ā.)",4
smāray,10. Ā.,causative,root-recovery,vrddhi ār->ṛ: smṛ (1. Ā.),4
tāray,10. Ā.,causative,root-recovery,vrddhi ār->ṛ: tṛ (3. P.),4
upamantray,"Denom.P.,Denom.Ā.",denominative,dcs-grammar,"Denom.P.,Denom.Ā.",4
varṇay,Denom. Ā.,denominative,dcs-grammar,Denom. Ā.,4
visphāray,"10.P.,10.Ā.",causative,root-recovery,strip visphār->sphār; vrddhi ā->a: sphar (1. P.),4
ādīpay,10.P.,causative,override (auto was ambiguous_caus_class10/root-recovery(identity)),dīp 4.Ā 'blaze' -> dīpayati 'kindles',4
āpūray,"10.P.,10.Ā.",causative,override (auto was class10_lexical/root-recovery(no-hit)),"pṝ 9 'fill' (pūryate) -> pūrayati, standard causative (Whitney §1042)",4
śrapay,10. Ā.,class10_lexical,root-recovery(no-hit),no independent root recoverable; own entry 10. Ā.,4
arhay,10. Ā.,ambiguous_caus_class10,root-recovery(identity),identity: arh (1. Ā.),3
bandhay,10. P.,ambiguous_caus_class10,root-recovery(identity),identity: bandh (4. P.),3
bhāsay,10. Ā.,causative,root-recovery,vrddhi ā->a: bhas (1. P.),3
bhṛ,1. Ā.,plain_root,dcs-grammar,1. Ā.,3
bādhay,10. Ā.,ambiguous_caus_class10,root-recovery(identity),identity: bādh (1. P.),3
cheday,10. P.,causative,root-recovery,guna e->i: chid (1. P.),3
dāpay,10. Ā.,causative,root-recovery,p-caus (ā-p): dā (1. Ā.),3
gopay,10. Ā.,causative,root-recovery,guna o->u: gup (1. Ā.),3
hiṃsay,10. Ā.,ambiguous_caus_class10,root-recovery(identity),identity: hiṃs (7. Ā.),3
jaray,10. Ā.,causative,root-recovery,guna ar->ṛ: jṛ (6. P.),3
jñāpay,10. Ā.,causative,root-recovery,p-caus (ā-p): jñā (4. Ā.),3
karśay,10. Ā.,causative,root-recovery,guna ar->ṛ: kṛś (1. P.),3
khyāpay,10. Ā.,causative,root-recovery,p-caus (ā-p): khyā (4. P.),3
kṣapay,10. Ā.,ambiguous_caus_class10,root-recovery(identity),identity: kṣap (1. Ā.),3
lambhay,10. Ā.,class10_lexical,root-recovery(no-hit),no independent root recoverable; own entry 10. Ā.,3
loḍay,10. P.,causative,root-recovery,guna o->u: luḍ (1. P.),3
maday,10. Ā.,ambiguous_caus_class10,root-recovery(identity),identity: mad (3. P.),3
majjay,10. Ā.,ambiguous_caus_class10,root-recovery(identity),identity: majj (1. Ā.),3
nimantray,"Denom.P.,Denom.Ā.",denominative,dcs-grammar,"Denom.P.,Denom.Ā.",3
prabodhay,"10.P.,10.Ā.",causative,root-recovery,"guna o->u: prabudh (4.P.,1.P.,1.Ā.,4.Ā.)",3
pradarśay,"10.P.,10.Ā.",causative,root-recovery,strip pradarś->darś; guna ar->ṛ: dṛś (4. Ā.),3
prajanay,"10.P.,10.Ā.",causative,override (auto was ambiguous_caus_class10/root-recovery(identity)),jan 4.Ā 'be born' -> janayati 'begets' — transparent causative; identity grade only because medial a takes no strengthening (Whitney §1042e),3
prakṣepay,10.P.,causative,root-recovery,"guna e->i: prakṣip (4.P.,6.Ā.,6.P.)",3
pralobhay,"10.P.,10.Ā.",causative,root-recovery,"guna o->u: pralubh (4.P.,4.Ā.)",3
prasāray,"10.P.,10.Ā.",causative,root-recovery,"vrddhi ār->ṛ: prasṛ (1.Ā.,1.P.,3.P.,3.Ā.)",3
pratiṣṭhāpay,"10.P.,10.Ā.",causative,root-recovery,"p-caus (ā-p): pratiṣṭhā (1.P.,1.Ā.)",3
pratyarcay,10.P.,ambiguous_caus_class10,override-confirmed (root-recovery(identity)),"arc 1.P arcati 'honour' and arcayati cl.10 same sense — causative form, non-causative semantics",3
sammantray,"Denom.P.,Denom.Ā.",denominative,dcs-grammar,"Denom.P.,Denom.Ā.",3
saṃdhā,"3.Ā.,1.P.,3.P.",plain_root,dcs-grammar,"3.Ā.,1.P.,3.P.",3
saṃjanay,"10.P.,10.Ā.",causative,override (auto was ambiguous_caus_class10/root-recovery(identity)),jan 4.Ā 'be born' -> janayati 'begets' — transparent causative; identity grade only because medial a takes no strengthening (Whitney §1042e),3
saṃjīvay,"10.P.,10.Ā.",causative,override (auto was ambiguous_caus_class10/root-recovery(identity)),jīv 1.P 'live' -> jīvayati 'revives' (long medial vowel unstrengthened),3
saṃprakāśay,"10.P.,10.Ā.",causative,override (auto was ambiguous_caus_class10/root-recovery(identity)),kāś 1.Ā 'shine' -> (pra)kāśayati 'makes visible' (MW caus.),3
saṃrādhay,10.P.,causative,root-recovery,strip saṃrādh->rādh; vrddhi ā->a: radh (4. Ā.),3
saṃtoṣay,"10.P.,10.Ā.",causative,root-recovery,guna o->u: saṃtuṣ (4.P.),3
saṃvartay,10.P.,causative,root-recovery,"guna ar->ṛ: saṃvṛt (1.P.,1.Ā.)",3
spṛhay,10. Ā.,class10_lexical,override (auto was ambiguous_caus_class10/root-recovery(identity)),MW spṛh cl.10 spṛhayati 'desire' (denominative type; Whitney §1056),3
uddhāray,10.P.,causative,override-confirmed (root-recovery),"dhṛ -> dhārayati; formally causative (functions as the plain present 'holds' in classical usage, Whitney §1041b)",3
vidāray,"10.P.,10.Ā.",causative,root-recovery,"vrddhi ār->ṛ: vidṛ (2.P.,4.P.)",3
vigarhay,"10.P.,10.Ā.",ambiguous_caus_class10,root-recovery(identity),"identity: vigarh (1.Ā.,1.P.)",3
viloḍay,10.P.,causative,root-recovery,strip viloḍ->loḍ; guna o->u: luḍ (1. P.),3
vyathay,10. Ā.,causative,override (auto was ambiguous_caus_class10/root-recovery(identity)),vyath 1.Ā 'waver' -> vyathayati 'agitates' (Whitney §1042),3
vyāpāray,10.P.,causative,root-recovery,strip vyāpār->āpār; vrddhi ār->ṛ: āpṛ (3.P.),3
vāsay,10. Ā.;Denom. Ā.,denominative,dcs-grammar,10. Ā.;Denom. Ā.,3
ācchāday,"10.P.,10.Ā.",ambiguous_caus_class10,override (auto was causative/root-recovery),MW chad cl.10 chādayati 'cover' is the principal entry; plain chad barely attested — boundary case,3
ānanday,10.P.,causative,override (auto was ambiguous_caus_class10/root-recovery(identity)),nand 1.P 'rejoice' -> nandayati 'gladdens',3
āvāsay,10.P.,causative,root-recovery,strip āvās->vās; vrddhi ā->a: vas (2. Ā.),3
abhicchāday,"10.P.,10.Ā.",ambiguous_caus_class10,override (auto was causative/root-recovery),MW chad cl.10 chādayati 'cover' is the principal entry; plain chad barely attested — boundary case,2
abhiprasthāpay,10.P.,causative,root-recovery,"strip abhiprasthāp->prasthāp; p-caus (ā-p): prasthā (1.P.,1.Ā.)",2
abhipravāday,"10.P.,10.Ā.",causative,root-recovery,strip abhipravād->vād; vrddhi ā->a: vad (1. Ā.),2
abhirādhay,10.P.,causative,root-recovery,strip abhirādh->rādh; vrddhi ā->a: radh (4. Ā.),2
abhyarcay,"10.P.,10.Ā.",ambiguous_caus_class10,override-confirmed (root-recovery(identity)),"arc 1.P arcati 'honour' and arcayati cl.10 same sense — causative form, non-causative semantics",2
abhyarthay,"Denom.P.,Denom.Ā.",denominative,dcs-grammar,"Denom.P.,Denom.Ā.",2
abhyutsāday,10.P.,causative,root-recovery,"vrddhi ā->a: abhyutsad (6.P.,1.P.,2.P.,1.Ā.)",2
anunī,"1.P.,1.Ā.",plain_root,dcs-grammar,"1.P.,1.Ā.",2
bhañjay,10. P.,ambiguous_caus_class10,root-recovery(identity),identity: bhañj (4. P.),2
bhājay,10. Ā.,causative,root-recovery,vrddhi ā->a: bhaj (1. Ā.),2
bhāvay,10. Ā.,causative,root-recovery,vrddhi āv->ū: bhū (1. Ā.),2
cyāvay,10. Ā.,causative,root-recovery,vrddhi āv->u: cyu (1. P.),2
dūṣay,10. Ā.,class10_lexical,root-recovery(no-hit),no independent root recoverable; own entry 10. Ā.,2
kopay,10. Ā.,causative,root-recovery,guna o->u: kup (4. Ā.),2
kuṭṭay,10. Ā.,ambiguous_caus_class10,root-recovery(identity),identity: kuṭṭ (6. P.),2
kīrtay,10. Ā.,class10_lexical,root-recovery(no-hit),no independent root recoverable; own entry 10. Ā.,2
marday,10. Ā.,causative,root-recovery,guna ar->ṛ: mṛd (9. Ā.),2
mārgay,Denom. Ā.,denominative,dcs-grammar,Denom. Ā.,2
niryāpay,10.P.,causative,root-recovery,strip niryāp->yāp; p-caus (ā-p): yā (2. Ā.),2
nirīkṣay,10.P.,ambiguous_caus_class10,root-recovery(identity),identity (preverb-stripped nirīkṣ->īkṣ): īkṣ (4. P.),2
nyāsay,"10.P.,10.Ā.",causative,root-recovery,"vrddhi ā->a: nyas (1.Ā.,2.P.,4.P.,1.P.,4.Ā.)",2
nāday,10. Ā.,causative,root-recovery,vrddhi ā->a: nad (1. Ā.),2
nāmay,10. P.,causative,root-recovery,vrddhi ā->a: nam (1. Ā.),2
paridevay,"10.P.,10.Ā.",causative,root-recovery,strip paridev->dev; guna e->ī: dīv (4. Ā.),2
pracyāvay,10.P.,causative,root-recovery,strip pracyāv->cyāv; vrddhi āv->u: cyu (1. P.),2
pradhāvay,"10.P.,10.Ā.",causative,root-recovery,vrddhi āv->ū: pradhū (5.P.),2
prahlāday,"10.P.,10.Ā.",causative,override (auto was ambiguous_caus_class10/root-recovery(identity)),hlād 1.Ā 'be glad' -> hlādayati 'gladdens' (MW caus.),2
prakṣālay,"10.P.,10.Ā.",class10_lexical,root-recovery(no-hit),"no independent root recoverable; own entry 10.P.,10.Ā.",2
pratipāday,"10.P.,10.Ā.",causative,root-recovery,strip pratipād->pād; vrddhi ā->a: pad (1. P.),2
pravāday,"10.P.,10.Ā.",causative,root-recovery,strip pravād->vād; vrddhi ā->a: vad (1. Ā.),2
preray,"10.P.,10.Ā.",ambiguous_caus_class10,root-recovery(identity),identity: prer (2.Ā.),2
prokṣay,10.P.,ambiguous_caus_class10,root-recovery(identity),"identity: prokṣ (6.Ā.,6.P.)",2
pāray,10. Ā.,causative,root-recovery,vrddhi ār->ṛ: pṛ (1. P.),2
sabhājay,Denom. Ā.,denominative,dcs-grammar,Denom. Ā.,2
samprārthay,Denom.P.,denominative,dcs-grammar,Denom.P.,2
samśoṣay,10.P.,causative,root-recovery,strip samśoṣ->śoṣ; guna o->u: śuṣ (6. Ā.),2
saṃcāray,10.P.,causative,root-recovery,strip saṃcār->cār; vrddhi ā->a: car (1. Ā.),2
saṃharṣay,10.P.,causative,root-recovery,strip saṃharṣ->harṣ; guna ar->ṛ: hṛṣ (1. P.),2
saṃkrāmay,"10.P.,10.Ā.",causative,root-recovery,"vrddhi ā->a: saṃkram (4.P.,6.P.,1.P.,1.Ā.)",2
saṃkīrtay,10.P.,class10_lexical,root-recovery(no-hit),no independent root recoverable; own entry 10.P.,2
saṃskāray,"10.P.,10.Ā.",causative,root-recovery,"vrddhi ār->ṛ: saṃskṛ (8.P.,8.Ā.)",2
saṃsthāpay,10.P.,causative,root-recovery,strip saṃsthāp->sthāp; p-caus (ā-p): sthā (1. Ā.),2
saṃtarjay,10.P.,ambiguous_caus_class10,root-recovery(identity),identity (preverb-stripped saṃtarj->tarj): tarj (1. Ā.),2
saṃveśay,10.P.,causative,root-recovery,"guna e->i: saṃviś (6.Ā.,6.P.)",2
upādhāvay,"10.P.,10.Ā.",causative,root-recovery,strip upādhāv->dhāv; vrddhi ā->a: dhav (1. P.),2
utsāray,10.P.,causative,root-recovery,strip utsār->sār; vrddhi ār->ṛ: sṛ (3. Ā.),2
varṣay,10. P.,causative,root-recovery,guna ar->ṛ: vṛṣ (6. P.),2
veday,10. Ā.,causative,root-recovery,guna e->i: vid (2. Ā.),2
vibhūṣay,10.P.,ambiguous_caus_class10,root-recovery(identity),identity: vibhūṣ (1.P.),2
vilokay,"10.P.,10.Ā.",class10_lexical,root-recovery(no-hit),"no independent root recoverable; own entry 10.P.,10.Ā.",2
vivāsay,"10.P.,10.Ā.",causative,root-recovery,vrddhi ā->a: vivas (6.P.),2
viśrāvay,10.P.,causative,root-recovery,"vrddhi āv->u: viśru (5.Ā.,5.P.)",2
vyaṃsay,Denom. Ā.,denominative,dcs-grammar,Denom. Ā.,2
yācay,10. P.,ambiguous_caus_class10,root-recovery(identity),identity: yāc (1. Ā.),2
āgamay,"10.P.,10.Ā.",causative,override (auto was ambiguous_caus_class10/root-recovery(identity)),gam 'go' -> gamayati 'causes to go' (Whitney §1042e),2
ākāray,10.P.,causative,root-recovery,strip ākār->kār; vrddhi ār->ṛ: kṛ (2. Ā.),2
āliṅgay,10.P.,ambiguous_caus_class10,root-recovery(identity),identity (preverb-stripped āliṅg->liṅg): liṅg (1. P.),2
āvartay,"10.P.,10.Ā.",causative,root-recovery,"guna ar->ṛ: āvṛt (1.P.,1.Ā.)",2
śaṃsay,10. P.,ambiguous_caus_class10,root-recovery(identity),identity: śaṃs (2. P.),2
abhinanday,10.P.,causative,override (auto was ambiguous_caus_class10/root-recovery(identity)),nand 1.P 'rejoice' -> nandayati 'gladdens',1
abhiprasāday,"10.P.,10.Ā.",causative,root-recovery,strip abhiprasād->sād; vrddhi ā->a: sad (6. P.),1
abhipravarṣay,10.P.,causative,root-recovery,strip abhipravarṣ->varṣ; guna ar->ṛ: vṛṣ (6. P.),1
abhisāray,10.P.,causative,root-recovery,"vrddhi ār->ṛ: abhisṛ (1.Ā.,1.P.,3.P.,3.Ā.)",1
abhivāday,"10.P.,10.Ā.",causative,root-recovery,strip abhivād->vād; vrddhi ā->a: vad (1. Ā.),1
abhiṣecay,"10.P.,10.Ā.",causative,root-recovery,"guna e->i: abhiṣic (4.P.,6.Ā.,6.P.)",1
alaṃkāray,"10.P.,10.Ā.",causative,root-recovery,"vrddhi ār->ṛ: alaṃkṛ (8.P.,8.Ā.)",1
anumantray,"Denom.P.,Denom.Ā.",denominative,dcs-grammar,"Denom.P.,Denom.Ā.",1
anuvicintay,"10.P.,10.Ā.",class10_lexical,root-recovery(no-hit),"no independent root recoverable; own entry 10.P.,10.Ā.",1
anuvāday,"10.P.,10.Ā.",causative,root-recovery,strip anuvād->vād; vrddhi ā->a: vad (1. Ā.),1
anveṣay,"10.P.,10.Ā.",causative,root-recovery,"guna e->i: anviṣ (6.P.,1.Ā.,4.P.,6.Ā.,1.P.,4.Ā.)",1
apacikramiṣ,Desid. P.,desiderative,dcs-grammar,Desid. P.,1
apanī,"1.P.,1.Ā.",plain_root,dcs-grammar,"1.P.,1.Ā.",1
atitāpay,10.P.,causative,root-recovery,"vrddhi ā->a: atitap (1.P.,4.P.)",1
avakalpay,"10.P.,10.Ā.",causative,override (auto was class10_lexical/root-recovery(no-hit)),kḷp 1.Ā 'be fit' -> kalpayati 'arranges' (Whitney §1042b),1
avekṣ,"1.Ā.,1.P.",plain_root,dcs-grammar,"1.Ā.,1.P.",1
aṅkay,10. P.,ambiguous_caus_class10,root-recovery(identity),identity: aṅk (1. P.),1
bhraṃśay,10. Ā.,ambiguous_caus_class10,root-recovery(identity),identity: bhraṃś (1. P.),1
bībhats,Desid. Ā.,desiderative,dcs-grammar,Desid. Ā.,1
ci,1. Ā.,plain_root,dcs-grammar,1. Ā.,1
daṃśay,10. P.,ambiguous_caus_class10,root-recovery(identity),identity: daṃś (1. Ā.),1
devay,10. Ā.,causative,root-recovery,guna e->ī: dīv (4. Ā.),1
deśay,10. Ā.,causative,root-recovery,guna e->i: diś (6. Ā.),1
dhvaṃsay,10. Ā.,causative,override (auto was ambiguous_caus_class10/root-recovery(identity)),dhvaṃs 1.Ā 'fall to pieces' -> dhvaṃsayati 'destroys' (MW caus.),1
dhūnay,10. Ā.,class10_lexical,root-recovery(no-hit),no independent root recoverable; own entry 10. Ā.,1
dudhūrṣ,Desid. Ā.,desiderative,dcs-grammar,Desid. Ā.,1
dyotay,10. Ā.,causative,root-recovery,guna o->u: dyut (1. P.),1
edh,1. P.,plain_root,dcs-grammar,1. P.,1
edhay,10. P.,ambiguous_caus_class10,root-recovery(identity),identity: edh (1. P.),1
gharṣay,10. P.,causative,root-recovery,guna ar->ṛ: ghṛṣ (4. P.),1
ghaṭay,10. Ā.,ambiguous_caus_class10,root-recovery(identity),identity: ghaṭ (1. Ā.),1
ghaṭṭay,10. P.,ambiguous_caus_class10,root-recovery(identity),identity: ghaṭṭ (1. Ā.),1
gāpay,10. Ā.,causative,root-recovery,p-caus (ā-p): gā (4. Ā.),1
jñapay,10. Ā.,class10_lexical,root-recovery(no-hit),no independent root recoverable; own entry 10. Ā.,1
jāgṛ,2. Ā.,plain_root,dcs-grammar,2. Ā.,1
jṛmbhay,10. P.,ambiguous_caus_class10,root-recovery(identity),identity: jṛmbh (1. P.),1
kalay,10. Ā.,ambiguous_caus_class10,root-recovery(identity),identity: kal (1. P.),1
kartay,10. P.,causative,root-recovery,guna ar->ṛ: kṛt (2. P.),1
khaṇḍay,Denom. P.,denominative,dcs-grammar,Denom. P.,1
kleday,10. P.,causative,root-recovery,guna e->i: klid (4. Ā.),1
krīḍay,10. Ā.,ambiguous_caus_class10,root-recovery(identity),identity: krīḍ (1. Ā.),1
kṛpay,10. Ā.,ambiguous_caus_class10,root-recovery(identity),identity: kṛp (1. Ā.),1
kṣepay,10. P.,causative,root-recovery,guna e->i: kṣip (6. Ā.),1
lolay,10. Ā.,causative,root-recovery,guna o->u: lul (1. P.),1
mahay,Denom. Ā.,denominative,dcs-grammar,Denom. Ā.,1
marṣay,10. Ā.,causative,root-recovery,guna ar->ṛ: mṛṣ (2. P.),1
māray,10. Ā.,causative,root-recovery,vrddhi ār->ṛ: mṛ (4. Ā.),1
nikṣepay,10.P.,causative,root-recovery,"guna e->i: nikṣip (4.P.,6.Ā.,6.P.)",1
nilī,"1.Ā.,4.P.,4.Ā.",plain_root,dcs-grammar,"1.Ā.,4.P.,4.Ā.",1
ninday,10. Ā.,ambiguous_caus_class10,root-recovery(identity),identity: nind (1. Ā.),1
nirmāpay,10.P.,causative,root-recovery,strip nirmāp->māp; p-caus (ā-p): mā (3. P.),1
nirvāsay,10.P.,causative,root-recovery,vrddhi ā->a: nirvas (1.P.),1
niḥsrāvay,10.P.,causative,root-recovery,vrddhi āv->u: niḥsru (1.P.),1
niṣkrāmay,10.P.,causative,root-recovery,"vrddhi ā->a: niṣkram (4.P.,6.P.,1.P.,1.Ā.)",1
niṣkāsay,10.P.,causative,root-recovery,vrddhi ā->a: niṣkas (1.P.),1
niṣpattray,Denom. Ā.,denominative,dcs-grammar,Denom. Ā.,1
paripālay,"10.P.,10.Ā.",class10_lexical,override-confirmed (root-recovery(no-hit)),MW pāl 10 = denominative of pāla m. 'guardian'; the automatic hit pāl->pal (pal 1 'go') is a spurious homophone,1
parisaṃsthāpay,"10.P.,10.Ā.",causative,root-recovery,"p-caus (ā-p): parisaṃsthā (1.P.,1.Ā.)",1
paritoṣay,10.P.,causative,root-recovery,strip paritoṣ->toṣ; guna o->u: tuṣ (4. Ā.),1
prabhāsay,10.P.,causative,root-recovery,strip prabhās->bhās; vrddhi ā->a: bhas (1. P.),1
pradhvaṃsay,"10.P.,10.Ā.",causative,override (auto was ambiguous_caus_class10/root-recovery(identity)),dhvaṃs 1.Ā 'fall to pieces' -> dhvaṃsayati 'destroys' (MW caus.),1
pragaṇay,10.P.,class10_lexical,root-recovery(no-hit),no independent root recoverable; own entry 10.P.,1
prajvālay,10.P.,causative,root-recovery,vrddhi ā->a: prajval (1.P.),1
prakalpay,10.P.,causative,override (auto was class10_lexical/root-recovery(no-hit)),kḷp 1.Ā 'be fit' -> kalpayati 'arranges' (Whitney §1042b),1
prakampay,10.P.,causative,override (auto was ambiguous_caus_class10/root-recovery(identity)),kamp 1.Ā 'tremble' -> kampayati 'shakes',1
prakaṭay,Denom. P.,denominative,dcs-grammar,Denom. P.,1
prakāśay,"10.P.,10.Ā.",causative,override (auto was ambiguous_caus_class10/root-recovery(identity)),kāś 1.Ā 'shine' -> (pra)kāśayati 'makes visible' (MW caus.),1
prasnāpay,"10.P.,10.Ā.",causative,root-recovery,strip prasnāp->snāp; p-caus (ā-p): snā (4. P.),1
prathay,10. Ā.,ambiguous_caus_class10,root-recovery(identity),identity: prath (1. P.),1
pratigrāhay,"10.P.,10.Ā.",causative,root-recovery,"vrddhi ā->a: pratigrah (9.P.,1.P.,9.Ā.)",1
pratipālay,"10.P.,10.Ā.",class10_lexical,override-confirmed (root-recovery(no-hit)),MW pāl 10 = denominative of pāla m. 'guardian'; the automatic hit pāl->pal (pal 1 'go') is a spurious homophone,1
pravaray,"10.P.,10.Ā.",ambiguous_caus_class10,override (auto was causative/root-recovery),formally guna of vṛ 9 'choose' but varayati itself means 'chooses' (not 'causes to choose'); MW lists vṛ cl.10,1
pravyathay,10.P.,causative,override (auto was ambiguous_caus_class10/root-recovery(identity)),vyath 1.Ā 'waver' -> vyathayati 'agitates' (Whitney §1042),1
prayojay,10.P.,causative,root-recovery,"guna o->u: prayuj (7.Ā.,7.P.)",1
praṇāśay,10.P.,causative,root-recovery,vrddhi ā->a: praṇaś (1.P.),1
ropay,10. Ā.,causative,root-recovery,guna o->u: rup (6. P.),1
rāvay,10. P.,causative,root-recovery,vrddhi āv->u: ru (1. P.),1
samarcay,10.P.,ambiguous_caus_class10,override-confirmed (root-recovery(identity)),"arc 1.P arcati 'honour' and arcayati cl.10 same sense — causative form, non-causative semantics",1
samarthay,"Denom.P.,Denom.Ā.",denominative,dcs-grammar,"Denom.P.,Denom.Ā.",1
sambodhay,10.P.,causative,root-recovery,"guna o->u: sambudh (4.P.,1.P.,1.Ā.,4.Ā.)",1
samupasthāpay,10.P.,causative,root-recovery,"p-caus (ā-p): samupasthā (1.P.,1.Ā.)",1
samutthāpay,10.P.,causative,root-recovery,"p-caus (ā-p): samutthā (1.P.,1.Ā.)",1
samādeśay,"10.P.,10.Ā.",causative,root-recovery,"strip samādeś->ādeś; guna e->i: ādiś (6.Ā.,6.P.)",1
samājñāpay,"10.P.,10.Ā.",causative,root-recovery,strip samājñāp->jñāp; p-caus (ā-p): jñā (4. Ā.),1
samārurukṣ,Desid. P.,desiderative,dcs-grammar,Desid. P.,1
saṃcalay,10.P.,ambiguous_caus_class10,root-recovery(identity),identity (preverb-stripped saṃcal->cal): cal (1. Ā.),1
saṃcyāvay,10.P.,causative,root-recovery,strip saṃcyāv->cyāv; vrddhi āv->u: cyu (1. P.),1
saṃdhāray,"10.P.,10.Ā.",causative,override-confirmed (root-recovery),"dhṛ -> dhārayati; formally causative (functions as the plain present 'holds' in classical usage, Whitney §1041b)",1
saṃdāray,"10.P.,10.Ā.",causative,root-recovery,strip saṃdār->dār; vrddhi ār->ṛ: dṛ (1. P.),1
saṃdīpay,"10.P.,10.Ā.",causative,override (auto was ambiguous_caus_class10/root-recovery(identity)),dīp 4.Ā 'blaze' -> dīpayati 'kindles',1
saṃgamay,10.P.,causative,override (auto was ambiguous_caus_class10/root-recovery(identity)),gam 'go' -> gamayati 'causes to go' (Whitney §1042e),1
saṃghaṭay,10.P.,ambiguous_caus_class10,root-recovery(identity),identity (preverb-stripped saṃghaṭ->ghaṭ): ghaṭ (1. Ā.),1
saṃghaṭṭay,10.P.,ambiguous_caus_class10,root-recovery(identity),identity (preverb-stripped saṃghaṭṭ->ghaṭṭ): ghaṭṭ (1. Ā.),1
saṃghoṣay,10.P.,causative,root-recovery,"guna o->u: saṃghuṣ (1.P.,1.Ā.)",1
saṃjṛmbhay,10. P.,ambiguous_caus_class10,root-recovery(identity),identity: saṃjṛmbh (1.Ā.),1
saṃkathay,10.P.,class10_lexical,override (auto was ambiguous_caus_class10/root-recovery(identity)),"MW kath cl.10 kathayati, denominative of katham (Whitney §1056a); the DCS inventory row 'kath 4.Ā.' reflects the rare epic middle kathate, not an independent underived root",1
saṃkṣobhay,"10.P.,10.Ā.",causative,root-recovery,"guna o->u: saṃkṣubh (9.P.,1.Ā.,4.P.,4.Ā.)",1
saṃloḍay,10.P.,causative,root-recovery,strip saṃloḍ->loḍ; guna o->u: luḍ (1. P.),1
saṃnipātay,10.P.,causative,root-recovery,strip saṃnipāt->pāt; vrddhi ā->a: pat (1. Ā.),1
saṃplāvay,"10.P.,10.Ā.",causative,root-recovery,strip saṃplāv->plāv; vrddhi āv->u: plu (1. P.),1
saṃpradits,"Desid.Ā.,Desid.P.",desiderative,dcs-grammar,"Desid.Ā.,Desid.P.",1
saṃsmāray,10.P.,causative,root-recovery,strip saṃsmār->smār; vrddhi ār->ṛ: smṛ (1. Ā.),1
saṃtarkay,Denom.P.,denominative,dcs-grammar,Denom.P.,1
saṃtolay,10.P.,class10_lexical,root-recovery(no-hit),no independent root recoverable; own entry 10.P.,1
saṃtānay,10.P.,causative,root-recovery,strip saṃtān->tān; vrddhi ā->a: tan (8. Ā.),1
saṃtāḍay,10.P.,class10_lexical,override (auto was causative/root-recovery),MW/Dhātupāṭha taḍ curādi (cl.10) tāḍayati only; the DCS inventory row 'taḍ 2.P.' has no MW basis,1
saṃvāray,10.P.,causative,root-recovery,"vrddhi ār->ṛ: saṃvṛ (9.P.,5.Ā.,5.P.)",1
saṃśamay,"10.P.,10.Ā.",causative,override (auto was ambiguous_caus_class10/root-recovery(identity)),śam 4.P 'become calm' -> śamayati 'calms' (a-vowel unstrengthened),1
saṃśrāvay,"10.P.,10.Ā.",causative,root-recovery,"vrddhi āv->u: saṃśru (5.Ā.,5.P.)",1
snapay,10. P.,class10_lexical,root-recovery(no-hit),no independent root recoverable; own entry 10. P.,1
sparśay,10. Ā.,causative,root-recovery,guna ar->ṛ: spṛś (6. Ā.),1
sphoṭay,10. Ā.,causative,root-recovery,guna o->u: sphuṭ (6. Ā.),1
svaday,10. Ā.,ambiguous_caus_class10,root-recovery(identity),identity: svad (1. Ā.),1
takṣay,10. P.,ambiguous_caus_class10,root-recovery(identity),identity: takṣ (5. P.),1
tulay,10. Ā.,class10_lexical,root-recovery(no-hit),no independent root recoverable; own entry 10. Ā.,1
uddharṣay,10.P.,causative,root-recovery,guna ar->ṛ: uddhṛṣ (4.P.),1
uddhvaṃsay,10.P.,causative,override (auto was ambiguous_caus_class10/root-recovery(identity)),dhvaṃs 1.Ā 'fall to pieces' -> dhvaṃsayati 'destroys' (MW caus.),1
uddhūlay,Denom.P.,denominative,dcs-grammar,Denom.P.,1
uddyotay,10.P.,causative,root-recovery,guna o->u: uddyut (1.Ā.),1
udghāṭay,10.P.,causative,root-recovery,strip udghāṭ->ghāṭ; vrddhi ā->a: ghaṭ (1. Ā.),1
udvartay,10.P.,causative,root-recovery,"guna ar->ṛ: udvṛt (1.P.,1.Ā.)",1
udvāhay,"10.P.,10.Ā.",causative,root-recovery,"vrddhi ā->a: udvah (1.P.,1.Ā.)",1
udvāpay,"10.P.,10.Ā.",causative,root-recovery,"p-caus (ā-p): udvā (2.P.,4.P.)",1
udvāsay,"10.P.,10.Ā.",causative,root-recovery,strip udvās->vās; vrddhi ā->a: vas (2. Ā.),1
udyamay,10.P.,ambiguous_caus_class10,root-recovery(identity),"identity: udyam (6.P.,1.P.,1.Ā.)",1
unmūlay,"10.P.,10.Ā.",ambiguous_caus_class10,root-recovery(identity),identity: unmūl (1.P.),1
upanāmay,10.P.,causative,root-recovery,strip upanām->nām; vrddhi ā->a: nam (1. Ā.),1
upasukhay,Denom.P.,denominative,dcs-grammar,Denom.P.,1
upādīpay,"10.P.,10.Ā.",causative,override (auto was ambiguous_caus_class10/root-recovery(identity)),dīp 4.Ā 'blaze' -> dīpayati 'kindles',1
utplāvay,10.P.,causative,root-recovery,strip utplāv->plāv; vrddhi āv->u: plu (1. P.),1
utpātay,"10.P.,10.Ā.",causative,root-recovery,"vrddhi ā->a: utpat (1.P.,1.Ā.)",1
utsāhay,10.P.,causative,root-recovery,strip utsāh->sāh; vrddhi ā->a: sah (1. P.),1
uttejay,10.P.,causative,root-recovery,strip uttej->tej; guna e->i: tij (1. P.),1
uttāray,10.P.,causative,root-recovery,strip uttār->tār; vrddhi ār->ṛ: tṛ (3. P.),1
varjay,10. Ā.,causative,root-recovery,guna ar->ṛ: vṛj (7. Ā.),1
veṣṭay,10. Ā.,causative,root-recovery,guna e->i: viṣṭ (6. P.),1
vibhāvay,"10.P.,10.Ā.",causative,root-recovery,vrddhi āv->ū: vibhū (1.P.),1
vicāray,"10.P.,10.Ā.",causative,root-recovery,"vrddhi ā->a: vicar (1.P.,1.Ā.)",1
vidyotay,10.P.,causative,root-recovery,"guna o->u: vidyut (1.Ā.,1.P.)",1
vigaṇay,10.P.,class10_lexical,root-recovery(no-hit),no independent root recoverable; own entry 10.P.,1
vikrāpay,10.P.,class10_lexical,root-recovery(no-hit),no independent root recoverable; own entry 10.P.,1
vilobhay,10.P.,causative,root-recovery,strip vilobh->lobh; guna o->u: lubh (4. Ā.),1
vimohay,"10.P.,10.Ā.",causative,root-recovery,"guna o->u: vimuh (4.P.,4.Ā.)",1
viniyojay,10.P.,causative,root-recovery,strip viniyoj->yoj; guna o->u: yuj (1. P.),1
vināday,10.P.,causative,root-recovery,"vrddhi ā->a: vinad (1.P.,1.Ā.)",1
vināmay,10.P.,causative,root-recovery,strip vinām->nām; vrddhi ā->a: nam (1. Ā.),1
vināśay,"10.P.,10.Ā.",causative,root-recovery,strip vināś->nāś; vrddhi ā->a: naś (1. Ā.),1
vipothay,"10.P.,10.Ā.",class10_lexical,root-recovery(no-hit),"no independent root recoverable; own entry 10.P.,10.Ā.",1
vismi,"1.Ā.,1.P.",plain_root,dcs-grammar,"1.Ā.,1.P.",1
vitrāsay,10.P.,causative,root-recovery,strip vitrās->trās; vrddhi ā->a: tras (4. Ā.),1
vivardhay,10.P.,causative,root-recovery,"guna ar->ṛ: vivṛdh (1.P.,1.Ā.)",1
viśrāmay,10.P.,causative,root-recovery,"vrddhi ā->a: viśram (1.Ā.,1.P.,4.P.,4.Ā.)",1
viśātay,10.P.,class10_lexical,root-recovery(no-hit),no independent root recoverable; own entry 10.P.,1
viṣāday,10.P.,causative,root-recovery,"vrddhi ā->a: viṣad (1.P.,1.Ā.)",1
vyavasthāpay,10.P.,causative,root-recovery,"strip vyavasthāp->avasthāp; p-caus (ā-p): avasthā (1.P.,1.Ā.)",1
vyavasāyay,10.P.,class10_lexical,root-recovery(no-hit),no independent root recoverable; own entry 10.P.,1
vyañjay,10.P.,ambiguous_caus_class10,root-recovery(identity),"identity: vyañj (1.P.,7.Ā.,1.Ā.,7.P.)",1
vyāpāday,10.P.,causative,root-recovery,"strip vyāpād->āpād; vrddhi ā->a: āpad (4.P.,4.Ā.)",1
vyāpātay,"10.P.,10.Ā.",causative,root-recovery,"vrddhi ā->a: vyāpat (1.P.,1.Ā.)",1
yāpay,10. P.,causative,root-recovery,p-caus (ā-p): yā (2. Ā.),1
ācchanday,"10.P.,10.Ā.",class10_lexical,root-recovery(no-hit),"no independent root recoverable; own entry 10.P.,10.Ā.",1
āghaṭṭay,10.P.,ambiguous_caus_class10,root-recovery(identity),identity (preverb-stripped āghaṭṭ->ghaṭṭ): ghaṭṭ (1. Ā.),1
ākramay,10.P.,causative,override (auto was ambiguous_caus_class10/root-recovery(identity)),ram 1.Ā 'delight in' -> ramayati 'delights (another)' (Whitney §1042),1
ākṣepay,10.P.,causative,root-recovery,"guna e->i: ākṣip (4.P.,6.Ā.,6.P.)",1
ālakṣay,"10.P.,10.Ā.",ambiguous_caus_class10,root-recovery(identity),identity (preverb-stripped ālakṣ->lakṣ): lakṣ (1. Ā.),1
āsay,10. P.,causative,root-recovery,vrddhi ā->a: as (2. P.),1
āsañjay,10.P.,ambiguous_caus_class10,root-recovery(identity),"identity: āsañj (1.P.,1.Ā.)",1
āvarjay,10.P.,causative,root-recovery,"guna ar->ṛ: āvṛj (7.Ā.,7.P.)",1
āveśay,10.P.,causative,root-recovery,"guna e->i: āviś (6.Ā.,6.P.)",1
āvāhay,"10.P.,10.Ā.",causative,root-recovery,"vrddhi ā->a: āvah (4.P.,1.P.,1.Ā.)",1
āvāray,10.P.,causative,root-recovery,"vrddhi ār->ṛ: āvṛ (5.Ā.,5.P.)",1
āśri,"1.P.,1.Ā.",plain_root,dcs-grammar,"1.P.,1.Ā.",1
śodhay,10. Ā.,causative,root-recovery,guna o->u: śudh (7. P.),1
śoṣay,10. Ā.,causative,root-recovery,guna o->u: śuṣ (6. Ā.),1
