note_uid	sheet_id	item_id	note	target_file	applied_status	evidence	provenance
sangram-prose-style-guide-visa_16.07.26#A1	sangram-prose-style-guide-visa_16.07.26	A1	Также полезно сверять с Ученым советом RWS	sangram/editorial/SANGRAM_STYLE_GUIDE_PROSE_RU.mdx	APPLIED	SANGRAM_STYLE_GUIDE_PROSE_RU.mdx rev-row 21-07-2026 (H1274): §1 RWS-council cross-check promoted from backlog item to standing lifecycle rule + checklist item 9; first full cross-check scheduled with §6 row 8	RECONSTRUCTED
sangram-prose-style-guide-visa_16.07.26#A2	sangram-prose-style-guide-visa_16.07.26	A2	Добавить еще 4 антипримера по подобию отобранного мною. / Проанализировать по хотя бы 2 стать каждого автора. Расширить выборку для эталона, помнить про стилистику конкретного автора внутри rusgram	sangram/editorial/SANGRAM_STYLE_GUIDE_PROSE_RU.mdx	PARTIAL	SANGRAM_STYLE_GUIDE_PROSE_RU.mdx rev-row 21-07-2026 (H1274): 4 anti-examples half APPLIED — §4 extended from git history rev 475805e (pre-H1014 a-stems/thematic-present/tatpurusha/krt-suffixes passages); rusgram-expansion half DEFERRED — blocker: dedicated live-reading session (§6 row 8; site reachable over plain http only, https cert broken per SERVER_OUTAGES)	RECONSTRUCTED
sangram-prose-style-guide-visa_16.07.26#A8	sangram-prose-style-guide-visa_16.07.26	A8	Сам корпус слова „перфект“ не знает - верно ли? или корпус О. Хельвига на 2026 не знает? / Применять стилистику Зализняка из RWS.	sangram/articles/perfect/index.mdx	APPLIED	sangram/articles/perfect/index.mdx rev-row 17-07-2026 (Sonnet 5): §6 п.1 'сама схема разметки DCS' replaces impersonal 'корпус'; cross-cited in SANGRAM_STYLE_GUIDE_PROSE_RU.mdx's own rev-row same date	ORPHAN_MOOT
sangram-prose-style-guide-visa_16.07.26#B1	sangram-prose-style-guide-visa_16.07.26	B1	Да, сделать его похожим на https://www.chicagomanualofstyle.org/home.html, посвятить ему отдельную страницу. После завершения очередного этапа работы - пересмотреть его принципы, что можно углубить и развить	sangram/editorial/SANGRAM_STYLE_GUIDE_PROSE_RU.mdx	APPLIED	SANGRAM_STYLE_GUIDE_PROSE_RU.mdx rev-row 21-07-2026 (H1274): §1.1 guide lifecycle per Chicago Manual model — dedicated page confirmed live (grammars/sangram/editorial/prose-style-guide, checked 21-07-2026), citable §-addresses, edition-style principle review after each work stage; one rule citing both B1 uids (this sheet + perfect#B1)	RECONSTRUCTED
sangram-sg-mo-001-declension-overview-visa_16.07.26#A1	sangram-sg-mo-001-declension-overview-visa_16.07.26	A1	Похоже на жанр очерка у Зализняка, который свободнее, чем нормативная грамматика Whitney?	sangram/articles/declension-overview/index.mdx	ESCALATED	QUESTION class: a genre ruling is the author's, not derivable from in-repo evidence — two-paragraph @DECIDE in Uprava GTD_NEXT_ACTIONS (21-07-2026, H1274) quoting the note; adjacent evidence gathered same pass (declension §1.1 grid comparison with the Языки-мира sketch)	HTML
sangram-sg-mo-001-declension-overview-visa_16.07.26#A2	sangram-sg-mo-001-declension-overview-visa_16.07.26	A2	предмет кластера «Композиты» -> привычнее Сложные слова / У местоимений свое склонение, отличительное от существительных. А вот прилагательных в грамматике не просто отличить от существительных	sangram/articles/declension-overview/index.mdx	APPLIED	declension-overview/index.mdx rev-row 21-07-2026 (H1274): «Композиты»→«Сложные слова» in §2/§5 п.2; §5 п.2 pronoun-vs-adjective motivation caveat added. Article-local per minimal-edit rule; repo-wide cluster rename in C2 registry = a disposition request for the H1260-frozen registry, not done here	HTML
sangram-sg-mo-001-declension-overview-visa_16.07.26#A3	sangram-sg-mo-001-declension-overview-visa_16.07.26	A3	дательный реже всех (2,2 %) - не просто реже, а почти не засвидетельствован. Я не знаю, на каком жаргоне ДИ	sangram/articles/declension-overview/index.mdx	APPLIED	declension-overview/index.mdx rev-row 21-07-2026 (H1274): RESEARCH probe run (sangram/audit/probe_h1274_dat_attestation.py) — «почти не засвидетельствован» CONFIRMED at lemma level (4881/57144 = 8.5%) and for Dat.Dual (576 tokens), REFUTED for the case as a whole (235/270 texts); §3.1 nuanced sentence added, published 2.2% untouched (I4); «ДИ» spelled out at first use in §2	HTML
sangram-sg-mo-001-declension-overview-visa_16.07.26#A4	sangram-sg-mo-001-declension-overview-visa_16.07.26	A4	обзор должен ждать настоящей парадигматической классификации основ	sangram/articles/declension-overview/index.mdx	APPLIED	declension-overview/index.mdx rev-row 16-07-2026 'Реальная парадигматика (виза A4)': §3.2 stem-type inventory switched from lemma-final approximation to real attested Ins.Sg-based classification	HTML
sangram-sg-mo-001-declension-overview-visa_16.07.26#A5	sangram-sg-mo-001-declension-overview-visa_16.07.26	A5	По одному мало. Пусть 1 будет флагманом, еще 4 "запасных" для подкрепления.	sangram/articles/declension-overview/index.mdx	APPLIED	POLICY class (gate C5): rule written once globally — SANGRAM_STYLE_GUIDE_PROSE_RU.mdx §3.7 (21-07-2026, H1274) citing this uid + taddhita#WF004-09 + applied family; this article queued for the examples sweep in guide §6 row 10 (expansion inside existing manifest only, H1260 freeze respected)	HTML
sangram-sg-mo-001-declension-overview-visa_16.07.26#A6	sangram-sg-mo-001-declension-overview-visa_16.07.26	A6	Потом увидим, удобно ли. Ведь еще на githubio ничего нет, чтобы судить удобно ли	sangram/articles/declension-overview/index.mdx	ANSWERED	QUESTION class, answered from in-repo evidence (deploy-pages.yml + docusaurus routeBasePath) + live check: the page IS on githubio — https://gasyoun.github.io/SanskritGrammar/grammars/sangram/articles/declension-overview (HTTP 200, 21-07-2026); URL added to the article header, rev-row cites A6 (H1274). Not marked APPLIED per gate C4	HTML
sangram-sg-mo-001-declension-overview-visa_16.07.26#A7	sangram-sg-mo-001-declension-overview-visa_16.07.26	A7	пин зеркала осиротел — привязка provenance-таблица - не понятно НИ одно слово	sangram/articles/declension-overview/index.mdx	APPLIED	declension-overview/index.mdx rev-row 21-07-2026 (H1274): §5 п.4 rewritten in plain Russian («осиротевший пин»/provenance jargon removed from limitations prose, technical detail stays in §2); global half → style guide §4 sign 7 (no invented jargon), citing this uid in the five-sheet family	HTML
sangram-sg-mo-001-declension-overview-visa_16.07.26#B1	sangram-sg-mo-001-declension-overview-visa_16.07.26	B1	Нужно изучить сетку серии "Языки мира" ИЯз РАН, как она соотносится с нашей, сравни PDF C:\Users\user\Documents\GitHub\SanskritGrammar\Elizarenkova_2004	sangram/articles/declension-overview/index.mdx	APPLIED	declension-overview/index.mdx rev-row 21-07-2026 (H1274): PDF read (Elizarenkova 2004, «Языки мира», text layer intact) — §1.1 grid comparison added: category-first vs frequency-first order, 7 case grammemes (звательная форма outside the opposition) vs our 8 annotation rows, WF split coincides, frequency layer is Sangram's own contribution. PDF stays off-git (rights)	HTML
sangram-sg-mo-002-a-stems-visa_15.07.26#A2	sangram-sg-mo-002-a-stems-visa_15.07.26	A2	восемь реальных падежей - вокатив не считается падежом, а считается падежной формой / Следствия: прилагательные на -a (крупнейший класс) и PROPN вне универсума; суффиксальные леммы (tva, 9 972 токена) — внутри.  - не понятно чем это обусловлено и что именно из этого следует	sangram/articles/a-stems/index.mdx	APPLIED	a-stems/index.mdx rev-row 15-07-2026 (prose, no literal id): case-form terminology fix ('звательная форма, не падеж') matches A2's ask	ORPHAN_MOOT
sangram-sg-mo-002-a-stems-visa_15.07.26#A5	sangram-sg-mo-002-a-stems-visa_15.07.26	A5	ведийские варианты окончаний лемматизируются в те же клетки, хронологические слои не расслоены - а возможно ли расслоение или хотя бы помета для ведийских вариантов окончаний?	sangram/articles/a-stems/index.mdx	APPLIED	a-stems/index.mdx rev-row 15-07-2026 (prose, no literal id): universe-boundary justification expanded, matches A5's ask	ORPHAN_MOOT
sangram-sg-mo-002-a-stems-visa_15.07.26#A6	sangram-sg-mo-002-a-stems-visa_15.07.26	A6	восстанови	sangram/articles/a-stems/index.mdx	APPLIED	a-stems/index.mdx rev-row 15-07-2026 (prose, no literal id): 'восстанови' -> mirror pin restored (tag c3-pin-04e0778-content) + Vedic-layering backlog note, matches A6's ask	ORPHAN_MOOT
sangram-sg-mo-017-perfect-visa_15.07.26#A1	sangram-sg-mo-017-perfect-visa_15.07.26	A1	Вывод статьи: перфект нельзя ни выбрать по Tense, ни выделить форма-классом (§ 3) + по данным DCS, верно? Это важная оговорка	sangram/articles/perfect/index.mdx	APPLIED	perfect/index.mdx rev-row 16-07-2026: DCS-data caveat added to §4 main conclusion (карточка A1)	ORPHAN_MOOT
sangram-sg-mo-017-perfect-visa_15.07.26#A4	sangram-sg-mo-017-perfect-visa_15.07.26	A4	as (āsa/āsuḥ) 91,4 % kṛ (cakāra) 7,4 % bhū (babhūva) 0,8 % - распределение важное и нужно его задокументировать для методички Кочергиной, для Занятие 22, стр. 153	sangram/articles/perfect/index.mdx	APPLIED	perfect/index.mdx rev-row 16-07-2026: as/kṛ/bhū auxiliary distribution routed to KocherginaUchebnik_1998 metodichka Занятие 22 §4.2 (карточка A4) -- confirmed present	ORPHAN_MOOT
sangram-sg-mo-017-perfect-visa_15.07.26#A5	sangram-sg-mo-017-perfect-visa_15.07.26	A5	А если проверить исходя из списка известных перфектов помимо uvāca, āha, babhūva?	sangram/articles/perfect/index.mdx	APPLIED	perfect/index.mdx rev-row 21-07-2026 (H1274): lexicon probe EXECUTED (sangram/audit/probe_h1274_perfect_lexicon.py) — 60 known-perfect forms, 59 found, 39375 finite tokens, form-class recall on known perfects 0%; §3.5 updated from «задел» to executed result, published numbers untouched (cross-checks: Past bucket 102055, peri 4046 both reproduced)	RECONSTRUCTED
sangram-sg-mo-017-perfect-visa_15.07.26#A7	sangram-sg-mo-017-perfect-visa_15.07.26	A7	Это написано на птичьем языке. Это может быть техническая заметка для самого клода, но человек это читать не может. Это даже не для языков, это более зубодробительно, чем книги по структурной лингвистике	sangram/articles/perfect/index.mdx	APPLIED	perfect/index.mdx rev-row 16-07-2026: §6 'Ограничения' rewritten per style guide (H1003, карточка A7 -- 'птичий язык')	ORPHAN_MOOT
sangram-sg-mo-017-perfect-visa_15.07.26#B1	sangram-sg-mo-017-perfect-visa_15.07.26	B1	Нужно составить style guide, чтобы это мог читать человек, а не просто агент, иначе это совсем не похоже на http://rusgram.ru/main, на эталон	sangram/articles/perfect/index.mdx	APPLIED	perfect/index.mdx + style-guide rev-rows 16-07-2026: style guide built (handoff H1003), satisfying карточка B1's request	ORPHAN_MOOT
sangram-w2-core-11candidates-visa_17.07.26#WF06	sangram-w2-core-11candidates-visa_17.07.26	WF06	Строго учесть конспект Эдгара Лейтана по самасам и транскрипции лекций по санскритскому синтаксису	sangram/articles/compounds-overview/index.mdx	APPLIED	index.mdx rev-row 21-07-2026 (H1346): вложенность двигу⊂кармадхарая⊂татпуруша сверена с письменным конспектом Э. З. Лейтана (SamasaChakram/leitan) и лекциями «Весёлый синтаксис санскрита» (Uprava/stenogrammy) — подтверждена, четыре разряда явно перечислены в § 1	HTML
sangram-w2-core-11candidates-visa_17.07.26#WF01	sangram-w2-core-11candidates-visa_17.07.26	WF01	композит 14,8 % - видимо от общего числа, но всеравно подозрительно мало. 3/4 слов санскрита из словарей - композиты.	sangram/articles/word-structure-overview/index.mdx	APPLIED	index.mdx rev-row 21-07-2026 (H1346): 14,8% — доля от токенов корпуса, не от лексикона; денаминатор явно назван, cf. FINDINGS §86	HTML
sangram-w2-core-11candidates-visa_17.07.26#MO06	sangram-w2-core-11candidates-visa_17.07.26	MO06	Там не один тип, а зонтик многих подтипов. Сверить с Талмудом и Whitney, rājan далеко не типичный и не самый характерный пример, которые к тому имеет свои особенности	sangram/articles/consonant-stems/index.mdx	APPLIED	index.mdx rev-rows 21-07-2026 (H1346): § 1/§ 4 переписаны как зонтик подтипов, rājan помечен нетипичным; чередование основ по позиции суффикса (Зализняк/Талмуд-2.1.6.mdx), а не «утрата гласной»; ātman/karman/brahman разведены (только karman/brahman ретрофлексируют)	HTML
sangram-w2-core-11candidates-visa_17.07.26#MO10	sangram-w2-core-11candidates-visa_17.07.26	MO10	Про местоименное склонение почему ни слова? можно сразу с отсылками на номера страниц в популярных грамматиках	sangram/articles/pronouns/index.mdx	APPLIED	index.mdx rev-row 21-07-2026 (H1346): § 4 добавлен раздел sarvanāman-класса с Whitney §§522-526/стр.199 + Кочергина Занятие XXVI,3	HTML
sangram-w2-core-11candidates-visa_17.07.26#MO23	sangram-w2-core-11candidates-visa_17.07.26	MO23	Самый частотный причастный тип - и не только. Ведь самое частотное отглагольное образование, 1/3 всех форм? / (исключает ассимилированные labdha/rūḍha/baddha) - что значит исключает? Они, конечно, уже могли и субстантивироваться, но это же означает, что они не являются изначально причастиями	sangram/articles/ta-na-participles/index.mdx	APPLIED	index.mdx rev-rows 21-07-2026 (H1346): 45,5% доля от 483 623 нефинитных токенов (не 1/3); формулировка «исключает ассимилированные» переписана как предел метода (нижняя граница), не как отрицание причастного статуса; 523 738 знаменатель исправлен на воспроизводимый критерий	HTML
sangram-w2-core-11candidates-visa_17.07.26#MO26	sangram-w2-core-11candidates-visa_17.07.26	MO26	-ya/-tya на 97,8 %  - так сколько  -ya и сколько -tya? 5 частотных примеров для каждого нужно	sangram/articles/absolutive/index.mdx	APPLIED	index.mdx rev-row 21-07-2026 (H1346): 57 790 разбит на -tya 10 719 (10,5%) и -ya 47 071 (46,1%), 5 примеров на каждый в новом § 3.1	HTML
sangram-w2-core-11candidates-visa_17.07.26#MO16	sangram-w2-core-11candidates-visa_17.07.26	MO16	позитивный двойник пилота P3 - это написано на каком языке?	sangram/articles/imperfect/index.mdx	APPLIED	index.mdx rev-row 21-07-2026 (H1346): жаргонная фраза «позитивный двойник пилота P3» заменена на обычную русскую прозу в § 1/§ 7	HTML
sangram-w2-core-11candidates-visa_17.07.26#MO18	sangram-w2-core-11candidates-visa_17.07.26	MO18	И ни слова про исключительную редкость, 1% всех глагольных форм?	sangram/articles/aorist/index.mdx	APPLIED	index.mdx rev-row 21-07-2026 (H1346): § 1 ведёт с редкостью, три знаменателя названы явно — 11,8% Past / 2,3% финитных / 1,2% всех глагольных форм (авторские «~1%»)	HTML
sangram-w2-core-11candidates-visa_17.07.26#MO27	sangram-w2-core-11candidates-visa_17.07.26	MO27	Доля пассива со временем растет?	sangram/articles/passive/index.mdx	APPLIED	index.mdx новый § 3.1 «Доля пассива по эпохам» 21-07-2026 (H1346): рост от 2,7% (ведийская) до пика 9,2% (ранняя классика), затем снижение до 7,0% (средневековье) — не монотонный рост; join через chapter-info.xml/slot_era_map.csv	HTML
sangram-w2-core-11candidates-visa_17.07.26#MO28	sangram-w2-core-11candidates-visa_17.07.26	MO28	СЛИТА с первичным curādi - кто из грамматик сливает? Кто держит по отдельности, но с оговоркой как Кнауэр, что отличить их трудно?	sangram/articles/causative/index.mdx	APPLIED	index.mdx rev-row 22-07-2026 (H1257): новый абзац § 4 — Уитни (§607/§1041b) формально сливает изложение и документирует ≈1/3 не-каузативных -áya в РВ; Кочергина держит curādi (Зан. XV) и каузатив (Зан. XXXV) раздельно и молча; Talmud-формализм вопроса не касается; Кнауэровская оговорка не найдена в архиве (только KnauerFrazy_1908 учебник-упражнение, не сама грамматика) — источник-не-найден, честно запаркован, не выдуман	HTML
sanskritgrammar-a65-verdict-validation-disagreements_16.07.26#HB-10	sanskritgrammar-a65-verdict-validation-disagreements_16.07.26	HB-10	Да, добавить сноску-оговорку про Whitney §1128. А также после сверить с данными Шерцля, предоставлю насчет управления	verdict_validation/VERDICT_VALIDATION_KAPPA_A65_2026.md	APPLIED	VERDICT_VALIDATION_KAPPA_A65_2026.md: Whitney §1128 ā-government footnote added (H1049); independently corroborated 17-07-2026 via Sherzl-Bühler index cross-check (H1205)	CLAIMS_NARRATIVE
sanskritgrammar-a65-verdict-validation-disagreements_16.07.26#HB-100	sanskritgrammar-a65-verdict-validation-disagreements_16.07.26	HB-100	Что насчет залогов пишет Зализняк 1978? Учесть, только у Зализняка вся правда, ее надо проверить отдельной гипотезой на DCS	verdict_validation/VERDICT_VALIDATION_KAPPA_A65_2026.md	OPEN	VERDICT_VALIDATION_KAPPA_A65_2026.md: routed to research handoff H1050-H1054 (Zalizniak-1978 voice hypothesis, H1051, executed) but the DCS-hypothesis re-derivation for HB-100 specifically not yet folded back into the A65 doc as closed; NOTE: unmerged branch origin/h1276-a65-writeback (no PR yet) may discharge this -- verify before re-deriving	CLAIMS_NARRATIVE
sanskritgrammar-a65-verdict-validation-disagreements_16.07.26#HB-2	sanskritgrammar-a65-verdict-validation-disagreements_16.07.26	HB-2	OVERSTATED, но надо оговорить в сноске дополнительно. Сперва дается модель, она далека от корпуса, а потом, когда ученик поумнел, приводят разные исключения. Если все исключения дать сразу, ученику будет трудно и такой подход оправдан. Кто еще использует из грамматиков такой подход?	verdict_validation/VERDICT_VALIDATION_KAPPA_A65_2026.md	APPLIED	VERDICT_VALIDATION_KAPPA_A65_2026.md: didactic 'model-then-exceptions' caveat added as footnote (H1049)	CLAIMS_NARRATIVE
sanskritgrammar-a65-verdict-validation-disagreements_16.07.26#HB-57	sanskritgrammar-a65-verdict-validation-disagreements_16.07.26	HB-57	Сверить по токенам санскритско-русского корпуса, отличают ли переводчики разные прошедшие времена в русском переводе	verdict_validation/VERDICT_VALIDATION_KAPPA_A65_2026.md	OPEN	VERDICT_VALIDATION_KAPPA_A65_2026.md: routed to H1052 (SamudraManthanam parallel-corpus check, executed) but not yet folded back as a closed A65 item; NOTE: origin/h1276-a65-writeback (unmerged) may discharge this	CLAIMS_NARRATIVE
sanskritgrammar-a65-verdict-validation-disagreements_16.07.26#HK-15	sanskritgrammar-a65-verdict-validation-disagreements_16.07.26	HK-15	Имперфект так же может быть маркером переключения нарратива в череде других форм прошедшего времени. То есть не только имперфект важен сам по себе, но и в какой он компании, меняется ли вместе с введение имперфекта там, где, например, вокруг перфекты, тема?	verdict_validation/VERDICT_VALIDATION_KAPPA_A65_2026.md	OPEN	VERDICT_VALIDATION_KAPPA_A65_2026.md: routed to H1053 (imperfect narrative-switching study, executed, PARTIALLY CONFIRMED) but not yet folded back as closed; NOTE: origin/h1276-a65-writeback (unmerged) may discharge this	CLAIMS_NARRATIVE
sanskritgrammar-a65-verdict-validation-disagreements_16.07.26#HK-34	sanskritgrammar-a65-verdict-validation-disagreements_16.07.26	HK-34	Да, у Кочериной весь раздел по самасам неверный. Проверить все по Лейтану	verdict_validation/VERDICT_VALIDATION_KAPPA_A65_2026.md	OPEN	VERDICT_VALIDATION_KAPPA_A65_2026.md: routed to H1050 (Kochergina samasa/Leitan audit, executed) but not yet folded back as closed; NOTE: origin/h1276-a65-writeback (unmerged) may discharge this	CLAIMS_NARRATIVE
sanskritgrammar-a65-verdict-validation-disagreements_16.07.26#HK-4a	sanskritgrammar-a65-verdict-validation-disagreements_16.07.26	HK-4a	Оговорка Витни важная, но можно ли -ṣya/-iṣya считать инвариантами суффикса -syá?	verdict_validation/VERDICT_VALIDATION_KAPPA_A65_2026.md	OPEN	VERDICT_VALIDATION_KAPPA_A65_2026.md: sent to QUESTIONS_LOG as an unresolved question (-ṣya/-iṣya invariance), not answered in-repo -- ESCALATED, not applied	CLAIMS_NARRATIVE
sanskritgrammar-a65-verdict-validation-disagreements_16.07.26#HK-4b	sanskritgrammar-a65-verdict-validation-disagreements_16.07.26	HK-4b	Всегда верить Витни, сверить все утверждения всех грамматик с Витни	verdict_validation/VERDICT_VALIDATION_KAPPA_A65_2026.md	APPLIED	VERDICT_VALIDATION_KAPPA_A65_2026.md: 'always verify against Whitney' directive recorded as standing programme policy (rule D-B)	CLAIMS_NARRATIVE
sanskritgrammar-a65-verdict-validation-disagreements_16.07.26#HK-5	sanskritgrammar-a65-verdict-validation-disagreements_16.07.26	HK-5	сверить с Талмудом, там аористы описаны исчерпывающим образом	verdict_validation/VERDICT_VALIDATION_KAPPA_A65_2026.md	OPEN	VERDICT_VALIDATION_KAPPA_A65_2026.md: routed to H1054 (aorist-types Talmud cross-check, executed) but not yet folded back as closed; NOTE: origin/h1276-a65-writeback (unmerged) may discharge this	CLAIMS_NARRATIVE
sanskritgrammar-metodichka-apte-v1_17.07.26#razdel-1-frame	sanskritgrammar-metodichka-apte-v1_17.07.26	razdel-1-frame	перевод Лихушиной цитируется минимально - зря, нужно использовать максимально, есть разрешение	ApteSyntax_1885/METODICHKA_APTE_KOMMENTARII_2026.md	APPLIED	METODICHKA_APTE_KOMMENTARII_2026.md rev-row 19-07-2026 (H1275): rule formulations in every visaed lesson quoted directly from Likhushina translation	HTML
sanskritgrammar-metodichka-apte-v1_17.07.26#zan-03	sanskritgrammar-metodichka-apte-v1_17.07.26	zan-03	Оговорить в сноске	ApteSyntax_1885/METODICHKA_APTE_KOMMENTARII_2026.md	APPLIED	METODICHKA_APTE_KOMMENTARII_2026.md rev-row 19-07-2026 (H1275): caveat moved into a real footnote	HTML
sanskritgrammar-metodichka-apte-v1_17.07.26#zan-07	sanskritgrammar-metodichka-apte-v1_17.07.26	zan-07	Нужно добавить учет данных Шерцля. Use the data from index_Shertsl_Byuler_dopoln_180721 file in C:\Users\user\Documents\GitHub\SanskritGrammar\BuhlerLeitfaden_1923 to see what Buhler and Shercl data can give us	ApteSyntax_1885/METODICHKA_APTE_KOMMENTARII_2026.md	APPLIED	METODICHKA_APTE_KOMMENTARII_2026.md rev-row 19-07-2026 (H1275, with H1205): government_lexicon.jsonl cross-check applied (ruc/krudh government corrected)	HTML
sanskritgrammar-metodichka-apte-v1_17.07.26#zan-09	sanskritgrammar-metodichka-apte-v1_17.07.26	zan-09	А как Шерцль?	ApteSyntax_1885/METODICHKA_APTE_KOMMENTARII_2026.md	APPLIED	METODICHKA_APTE_KOMMENTARII_2026.md rev-row 19-07-2026 (H1275, with H1205): kṣip/muc government figures verified + corrected	HTML
sanskritgrammar-metodichka-apte-v1_17.07.26#zan-10	sanskritgrammar-metodichka-apte-v1_17.07.26	zan-10	винительный если что чаще - насколько чаще?	ApteSyntax_1885/METODICHKA_APTE_KOMMENTARII_2026.md	APPLIED	METODICHKA_APTE_KOMMENTARII_2026.md rev-row 19-07-2026 (H1275, with H1205): '41% vs 30%' figure re-verified, no change needed	HTML
sanskritgrammar-metodichka-apte-v1_17.07.26#zan-19	sanskritgrammar-metodichka-apte-v1_17.07.26	zan-19	Оговорить в сноске. Что сказано в книге Елизаренковой Аорист в Ригведе? Скан выкладывался мною в Обществе ревнителей санскрита	ApteSyntax_1885/METODICHKA_APTE_KOMMENTARII_2026.md	PARTIAL	METODICHKA_APTE_KOMMENTARII_2026.md rev-row 19-07-2026 (H1275): footnote part applied (§210 falsity caveat); Elizarenkova scan part DEFERRED -- PDF not in repo, @DO logged to GTD	HTML
sanskritgrammar-metodichka-apte-v1_17.07.26#zan-22	sanskritgrammar-metodichka-apte-v1_17.07.26	zan-22	Учащемуся: пользоваться по смыслу, но не как постпозитивной. + приводим для него в сноске статистику, верно? И отдельно dashboard со всеми статистическим выкладками	ApteSyntax_1885/METODICHKA_APTE_KOMMENTARII_2026.md	PARTIAL	METODICHKA_APTE_KOMMENTARII_2026.md rev-row 19-07-2026 (H1275): footnote part applied (uta-position statistic); dashboard part DEFERRED -- separate feature frozen by the 18-07-2026 consolidation freeze	HTML
sanskritgrammar-metodichka-apte-v1_17.07.26#prilozhenie	sanskritgrammar-metodichka-apte-v1_17.07.26	prilozhenie	лучше калибровано, чем у Бюлера - а что еще у кого лучше? составить отдельные списки	ApteSyntax_1885/METODICHKA_APTE_KOMMENTARII_2026.md	OPEN	METODICHKA_APTE_KOMMENTARII_2026.md rev-row 19-07-2026 (H1275): 'ОТЛОЖЕНО' -- cross-book calibration list is a separate feature frozen by the 18-07-2026 consolidation freeze	HTML
sanskritgrammar-metodichka-kochergina-v1_16.07.26#razdel-1-frame	sanskritgrammar-metodichka-kochergina-v1_16.07.26	razdel-1-frame	учебник фактически точен - вряд ли. В издании 2015 года было 750+ опечаток, в издании 2024 все еще не меньше 50 именно опечаток, не считая ошибки или недостаточно четкие формулировки. Где-то надо поменять местами материал в рамках одного урока. Все эти случаи надо учесть и описать для методички.	KocherginaUchebnik_1998/METODICHKA_KOCHERGINA_V1_KOMMENTARII_2026.md	OPEN		HTML
sanskritgrammar-metodichka-kochergina-v1_16.07.26#zan-06	sanskritgrammar-metodichka-kochergina-v1_16.07.26	zan-06	Да, но тогда нужно посчитать сколько из описанных случаев безударны, чтобы понять для какого количества слов в предложении хотя бы теоретически ударение имеет смысл. В реальной жизни оно бесполезно, потому что шлока к ним безразлична, а почти все написано шлокой.	KocherginaUchebnik_1998/METODICHKA_KOCHERGINA_V1_KOMMENTARII_2026.md	OPEN		HTML
sanskritgrammar-metodichka-kochergina-v1_16.07.26#zan-12	sanskritgrammar-metodichka-kochergina-v1_16.07.26	zan-12	В сноске добавить, про то из каких трех частотных срезов образовывается женский род на самом деле	KocherginaUchebnik_1998/METODICHKA_KOCHERGINA_V1_KOMMENTARII_2026.md	OPEN		HTML
sanskritgrammar-metodichka-kochergina-v1_16.07.26#zan-18	sanskritgrammar-metodichka-kochergina-v1_16.07.26	zan-18	Согласен ли Талмуд, что тут нет четкого распределения?	KocherginaUchebnik_1998/METODICHKA_KOCHERGINA_V1_KOMMENTARII_2026.md	OPEN		HTML
sanskritgrammar-metodichka-kochergina-v1_16.07.26#zan-21	sanskritgrammar-metodichka-kochergina-v1_16.07.26	zan-21	корней с долгим гласным (перифрастика) - за каждым подобным утверждением тут и везде должна идти ссылка с ПОЛНЫМ списком. /  «нескольких корней» aniṭ — на деле десятки (закрытый класс) - аналогично.	KocherginaUchebnik_1998/METODICHKA_KOCHERGINA_V1_KOMMENTARII_2026.md	OPEN		HTML
sanskritgrammar-metodichka-kochergina-v1_16.07.26#zan-22	sanskritgrammar-metodichka-kochergina-v1_16.07.26	zan-22	Это актуально в первую очередь для каузативов, верно? или доля других производных форм тут тоже значима?	KocherginaUchebnik_1998/METODICHKA_KOCHERGINA_V1_KOMMENTARII_2026.md	OPEN		HTML
sanskritgrammar-metodichka-kochergina-v1_16.07.26#zan-30	sanskritgrammar-metodichka-kochergina-v1_16.07.26	zan-30	пользовать такого слова в русском нет, есть использовать, но тут лучше употреблять	KocherginaUchebnik_1998/METODICHKA_KOCHERGINA_V1_KOMMENTARII_2026.md	OPEN		HTML
sanskritgrammar-metodichka-kochergina-v1_16.07.26#zan-32	sanskritgrammar-metodichka-kochergina-v1_16.07.26	zan-32	У Лейтана есть критика Кочергиной, именно этих уроков. Это далеко не единственная неточность в уроках по самасам	KocherginaUchebnik_1998/METODICHKA_KOCHERGINA_V1_KOMMENTARII_2026.md	OPEN		HTML
sanskritgrammar-metodichka-kochergina-v1_16.07.26#zan-37	sanskritgrammar-metodichka-kochergina-v1_16.07.26	zan-37	Да, но можно не зубрить, все равно кроме Ригведы никогда не встретятся	KocherginaUchebnik_1998/METODICHKA_KOCHERGINA_V1_KOMMENTARII_2026.md	OPEN		HTML
sanskritgrammar-metodichka-kochergina-v1_16.07.26#zan-39	sanskritgrammar-metodichka-kochergina-v1_16.07.26	zan-39	Этому посвящена и докторская диссертация Кочергиной. Нужно будет проверить и монографию, написанную на ее основе в 1990	KocherginaUchebnik_1998/METODICHKA_KOCHERGINA_V1_KOMMENTARII_2026.md	OPEN		HTML
sanskritgrammar-metodichka-kochergina-v1_16.07.26#razdel-3-otsylki	sanskritgrammar-metodichka-kochergina-v1_16.07.26	razdel-3-otsylki	онспект-2004 по разделам + номерам страниц / Потом надо будет добавить еще Миллера	KocherginaUchebnik_1998/METODICHKA_KOCHERGINA_V1_OTSYLKI_2026.md	OPEN		HTML
sanskritgrammar-precative-label-dcs2026-visa_17.07.26#P1	sanskritgrammar-precative-label-dcs2026-visa_17.07.26	P1	оговорить в сноске DCS-2026 не размечает пада; DCS-2021 медий-код = 221	KocherginaUchebnik_1998/claims.json	APPLIED	commit 3b4f9e4 / PR #416 (H1253, 18-07-2026): footnote caveat via KocherginaUchebnik_1998/claims.json HK-39 mg_footnote	HTML
sanskritgrammar-precative-label-dcs2026-visa_17.07.26#P4	sanskritgrammar-precative-label-dcs2026-visa_17.07.26	P4	precative (whole mood, pada untagged) 577 + injunctive 5,258 + conditional 340 = 1.18% of verbal - зачем на английском, SANGAM пишем на русском языке, ничего там не планируется на английском языке	ZalizniakOcherk_1978/claims.json	APPLIED	commit 3b4f9e4 / PR #416 (H1253, 18-07-2026): whole-mood re-label via ZalizniakOcherk_1978/claims.json OCH-3 number + OCH-30 number/mg_footnote	HTML
sanskritgrammar-precative-label-dcs2026-visa_17.07.26#P5	sanskritgrammar-precative-label-dcs2026-visa_17.07.26	P5	пада не размечена -> залог не размечен	KocherginaUchebnik_1998/claims.json	APPLIED	commit 3b4f9e4 / PR #416 (H1253, 18-07-2026): pada-untagged caveat via KocherginaUchebnik_1998/claims.json HK-39 mg_footnote	HTML
sanskritgrammar-sg-mo-021-future_visa#MO021-01	sanskritgrammar-sg-mo-021-future_visa	MO021-01	нативно размечены - гд именно? Нужно КАЖДЫЙ раз оговаривать	sangram/articles/future/index.mdx	APPLIED	future/index.mdx rev-row 17-07-2026: §1/§7 'нативно' clarified per tense (MO021-01)	HTML
sanskritgrammar-sg-mo-021-future_visa#MO021-02	sanskritgrammar-sg-mo-021-future_visa	MO021-02	Прочитал, но ничего не понял	sangram/articles/future/index.mdx	APPLIED	future/index.mdx rev-row 17-07-2026: §2 rewritten in prose per style guide (MO021-02)	HTML
sanskritgrammar-sg-mo-021-future_visa#MO021-03	sanskritgrammar-sg-mo-021-future_visa	MO021-03	Как разные грамматики называют оба этих будущих? Учесть тут и везде, учесть терминологические расхождения разных авторов. Отдельно проанализировать в handoff	sangram/articles/future/index.mdx	APPLIED	future/index.mdx rev-row 17-07-2026: §3 'перволичная' marked as working term + grammar terminology filed to backlog (MO021-03/04)	HTML
sanskritgrammar-sg-mo-021-future_visa#MO021-04	sanskritgrammar-sg-mo-021-future_visa	MO021-04	перволичная - это наш термин или взят из какого-то лингвистического труда?	sangram/articles/future/index.mdx	APPLIED	future/index.mdx rev-row 17-07-2026: same backlog row as MO021-03 (MO021-03/04)	HTML
sanskritgrammar-sg-mo-021-future_visa#MO021-05	sanskritgrammar-sg-mo-021-future_visa	MO021-05	Примеров должно быть много, всегда много, а они у нас есть	sangram/articles/future/index.mdx	APPLIED	future/index.mdx rev-row 17-07-2026: §5 examples expanded 5->14 (MO021-05/07)	HTML
sanskritgrammar-sg-mo-021-future_visa#MO021-07	sanskritgrammar-sg-mo-021-future_visa	MO021-07	Да, но если их есть 5, то давать 2 - мало	sangram/articles/future/index.mdx	APPLIED	future/index.mdx rev-row 17-07-2026: same examples-expansion row as MO021-05 (MO021-05/07)	HTML
sanskritgrammar-sg-mo-021-future_visa#MO021-09	sanskritgrammar-sg-mo-021-future_visa	MO021-09	На основ SANGRAM потом будем писать методички ко всем санскритским грамматикам на русском, начиная с Кочергиной и Бюлера	sangram/articles/future/index.mdx	OPEN	No citation found anywhere in future/index.mdx or elsewhere in the repo (checked 19-07-2026). Note is a programmatic remark ('build Sa-Ru companion guides for other grammars, starting Kochergina/Bühler') -- arguably satisfied in spirit by the metodichka programme (KocherginaUchebnik_1998 H807, ApteSyntax_1885 H1275) but with NO direct citation tying it to this item_id. Flagged as a genuine divergence from the plan's 'future 7/7' anchor -- see PR body.	HTML
sanskritgrammar-sg-mo-028-causative_visa#MO028-05	sanskritgrammar-sg-mo-028-causative_visa	MO028-05	Дополнить анализом исключений из Whitney и данными Талмуда и другими грамматиками, чтобы существенно повысить оценку	sangram/articles/causative/index.mdx	APPLIED	causative/index.mdx rev-row 17-07-2026: third corroboration via WhitneyRoots + existing lexical root maps (MO028-05/07)	HTML
sanskritgrammar-sg-mo-028-causative_visa#MO028-07	sanskritgrammar-sg-mo-028-causative_visa	MO028-07	но словообразовательная категория не отделима без лексической карты корней - мы ее можем разработать или она уже доступна в другом нашем репозитарии?	sangram/articles/causative/index.mdx	APPLIED	causative/index.mdx rev-row 17-07-2026: same row as MO028-05 (MO028-05/07)	HTML
sanskritgrammar-sg-mo-028-causative_visa#MO028-08	sanskritgrammar-sg-mo-028-causative_visa	MO028-08	vṛддхi - это помесь на 3 языках - русском, санскрите и украинском сразу	sangram/articles/causative/index.mdx	APPLIED	causative/index.mdx rev-row 17-07-2026: mixed-script 'vṛддхи'->'vṛddhi' fixed throughout (MO028-08)	HTML
sanskritgrammar-sg-mo-028-causative_visa#MO028-09	sanskritgrammar-sg-mo-028-causative_visa	MO028-09	Везде надо по хотя бы 5 примеров, по возможности	sangram/articles/causative/index.mdx	APPLIED	causative/index.mdx rev-row 17-07-2026: §5 examples expanded 5->7 (MO028-09)	HTML
sanskritgrammar-sg-wf-004-taddhita-revisa_visa#TAD2-01	sanskritgrammar-sg-wf-004-taddhita-revisa_visa	TAD2-01	Но авторитетнее MW для нас PWG, потому что для почти каждого значения там приведена цитата, что усечено у MW	sangram/articles/taddhita-overview/index.mdx	APPLIED	taddhita-overview/index.mdx rev-row 18-07-2026: PWG pass executed (§3-quater), TAD2-01 realised -- new extractor sg_wf_004_taddhita_pwg.py	HTML
sanskritgrammar-sg-wf-004-taddhita-revisa_visa#TAD2-03	sanskritgrammar-sg-wf-004-taddhita-revisa_visa	TAD2-03	по грамматике MW - нет. Мы ее не используем, хотя такая и есть. По словарю MW берем, словарь 2-й редакции 1899	sangram/articles/taddhita-overview/index.mdx	APPLIED	taddhita-overview/index.mdx rev-row: §3-ter clarified -- MW dictionary gloss (2nd ed. 1899), not a separate Monier-Williams grammar (TAD2-03)	HTML
sanskritgrammar-sg-wf-004-taddhita-revisa_visa#TAD2-04	sanskritgrammar-sg-wf-004-taddhita-revisa_visa	TAD2-04	Выборка из 60 примеров маловата. Увеличить кратно	sangram/articles/taddhita-overview/index.mdx	APPLIED	taddhita-overview/index.mdx rev-row 18-07-2026: adjudication sample enlarged + root inventory switched (TAD2-04)	HTML
sanskritgrammar-sg-wf-004-taddhita-revisa_visa#TAD2-08	sanskritgrammar-sg-wf-004-taddhita-revisa_visa	TAD2-08	Где видна на githubio?	sangram/articles/taddhita-overview/index.mdx	ANSWERED	QUESTION class, answered with evidence (21-07-2026, H1274): the header URL lacked the grammars/ path segment and 404'd — fixed to https://gasyoun.github.io/SanskritGrammar/grammars/sangram/articles/taddhita-overview, verified HTTP 200; rev-row cites TAD2-08. Not marked APPLIED per gate C4	HTML
sanskritgrammar-sg-wf-004-taddhita_visa#WF004-05	sanskritgrammar-sg-wf-004-taddhita_visa	WF004-05	Да, но суффиксов ya 8 разновидностей. Что говорит Whitney?	sangram/articles/taddhita-overview/index.mdx	ANSWERED	Pre-existing (rank-2 evidence, adjudicated 21-07-2026 by H1274): H1183 rev-row 17-07-2026 «добавлен разбор -ya у Уитни (§§ 1210–1230)» matches the note; §5 «-ya — не один суффикс, а пучок» answers «Что говорит Whitney?» with real in-repo-verifiable content (Whitney §1210 names the ya-bundle incl. iya/īya/eya/āyya/eyya/enya — the author's «8 разновидностей» ballpark). QUESTION class → ANSWERED, not APPLIED (gate C4)	HTML
sanskritgrammar-sg-wf-004-taddhita_visa#WF004-06	sanskritgrammar-sg-wf-004-taddhita_visa	WF004-06	Одобрить отказ от количественной оценки - нет, есть словарь Апте санскритско-хниди, мы оттуда уже извлекали нужные нам данные, а также SKD и VCP	sangram/articles/taddhita-overview/index.mdx	DEFERRED	Substance already applied by prior sessions (adjudicated 21-07-2026, H1274): the refusal-of-quantification the note rejects was withdrawn — §§3-bis/3-ter/3-quater deliver dictionary quantification (MW 36290 + PWG 117243 DCS tokens; H1189/H1192/H1254 rev-rows). Residue — extraction from the three NAMED dictionaries — DEFERRED with probe stub sangram/audit/PROBE_STUB_WF004-06_DICT_TADDHITA_APTE_SKD_VCP.md; prior art confirmed real (csl-orig skd/vcp/ap90 *_etymology.tsv, 2213/3664/332 rows, Apte-SH affix map already in use); blocker: curated pratyaya→krt/taddhita map is its own session	HTML
sanskritgrammar-sg-wf-004-taddhita_visa#WF004-08	sanskritgrammar-sg-wf-004-taddhita_visa	WF004-08	Да, но дополнить классификацией из раздела Словообразование из Конспекта Зализняка	sangram/articles/taddhita-overview/index.mdx	APPLIED	Pre-existing (rank-2 evidence, adjudicated 21-07-2026 by H1274): H1183 rev-row 17-07-2026 «ссылка на „Словообразование“ Конспекта Зализняка» matches; §5 integrates the Russian razryad classification (поссессивы/отвлечённые/относительные) with the Konspekt link. Plan's «applied 0» for this sheet corrected — divergence reported per gate B5, plan table not edited	HTML
sanskritgrammar-sg-wf-004-taddhita_visa#WF004-09	sanskritgrammar-sg-wf-004-taddhita_visa	WF004-09	Да, но примеров везде должно быть не меньше 5, по возможности.	sangram/articles/taddhita-overview/index.mdx	APPLIED	POLICY class (gate C5): rule written once globally — SANGRAM_STYLE_GUIDE_PROSE_RU.mdx §3.7 (21-07-2026, H1274) citing this uid + declension-overview#A5 + applied family (causative#MO028-09, future#MO021-05/07); taddhita-overview queued for the examples sweep (guide §6 row 10); a new-article reading of the note = disposition request to H1260's frozen registry, not done	HTML
sanskritgrammar-sg-wf-004-taddhita_visa#WF004-10	sanskritgrammar-sg-wf-004-taddhita_visa	WF004-10	нет подмножества EM5 - читателю это ничего не говорит. Не надо сорить терминами, которые сам придумал или подсмотрел где-то. Я сам не понимаю, что такое осиротевший пин.	sangram/articles/taddhita-overview/index.mdx	APPLIED	Pre-existing (rank-2 evidence, adjudicated 21-07-2026 by H1274): H1183 rev-row 17-07-2026 «убран жаргон (EM5, „осиротевший пин“)» matches — both strings now occur only inside that rev-row (grep-verified). Global half → style guide §4 sign 7 (no invented jargon), citing this uid in the five-sheet family	HTML
