lesson	lemma_iast	lemma_slp1	count_all	rank_all	band	cand_no	dcs_text	dcs_ref	dcs_sent	form	example_iast	public_glosses
XII	nadī	nadI	1448	467	топ-1000	1	Hitopadeśa	Hitop, 3	Hitop, 3, 51.2	nadī	samunmūlayituṃ vṛkṣāṃs tṛṇānīva nadīrayaḥ	реки | река | реку
XII	nadī	nadI	1448	467	топ-1000	2	Hitopadeśa	Hitop, 1	Hitop, 1, 111.3	nadī	ṛṇadātā ca vaidyaś ca śrotriyaḥ sajalā nadī	реки | река | реку
XII	nadī	nadI	1448	467	топ-1000	3	Hitopadeśa	Hitop, 3	Hitop, 3, 71.2	nadī	nadyadrivanadurgeṣu yatra yatra bhayaṃ nṛpa	реки | река | реку
XII	nadī	nadI	1448	467	топ-1000	4	Hitopadeśa	Hitop, 3	Hitop, 3, 110.3	nadī	dīrghavartmapariśrāntaṃ nadyadrivanasaṅkulam	реки | река | реку
XII	nadī	nadI	1448	467	топ-1000	5	Hitopadeśa	Hitop, 1	Hitop, 1, 19.4	nadīnāṃ	nadīnāṃ śastrapāṇīnāṃ nakhināṃ śṛṅgiṇāṃ tathā	реки | река | реку
XII	nadī	nadI	1448	467	топ-1000	6	Hitopadeśa	Hitop, 4	Hitop, 4, 66.15	nadī	kṣālayanty api vṛkṣāṅghriṃ nadīvelā nikṛntati	реки | река | реку
XII	vadhū	vaDU	421	1636	редкое	1	Hitopadeśa	Hitop, 3	Hitop, 3, 102.40	vadhūḥ	tato vīravareṇa svagṛhaṃ gatvā nidrāyamāṇā svavadhūḥ prabodhitā putraś ca	невестка | невеста | невесту
XII	vadhū	vaDU	421	1636	редкое	2	Hitopadeśa	Hitop, 2	Hitop, 2, 115.2	vadhūr	damanakaḥ kathayati asti dvāravatyāṃ puryāṃ kasyacid gopasya vadhūr bandhakī	невестка | невеста | невесту
XII	vadhū	vaDU	421	1636	редкое	3	Hitopadeśa	Hitop, 2	Hitop, 2, 112.12	vadhūḥ	tataḥ prātar evānena nāpitena svavadhūḥ kṣurabhāṇḍaṃ yācitā satī kṣuram ekaṃ prādāt	невестка | невеста | невесту
XII	vadhū	vaDU	421	1636	редкое	4	Rāmāyaṇa	Rām, Bā, 70	Rām, Bā, 70, 19.2	vadhvau	dadāmi paramaprīto vadhvau te munipuṃgava	невестка | невеста | невесту
XII	vadhū	vaDU	421	1636	редкое	5	Rāmāyaṇa	Rām, Bā, 1	Rām, Bā, 1, 24	vadhūḥ	sarvalakṣaṇasampannā nārīṇām uttamā vadhūḥ	невестка | невеста | невесту
XII	vadhū	vaDU	421	1636	редкое	6	Rāmāyaṇa	Rām, Bā, 70	Rām, Bā, 70, 21.2	vadhvau	dadāmi paramaprīto vadhvau te raghunandana	невестка | невеста | невесту
XII	senānī	senAnI	26	10649	редкое	1	Mahābhārata	MBh, 8, 6	MBh, 8, 6, 28.2	senānye	abhiṣecaya senānye svayam ātmānam ātmanā	полководцев | полководец | военачальников
XII	senānī	senAnI	26	10649	редкое	2	Mahābhārata	MBh, 14, 8	MBh, 14, 8, 19.2	senānye	vṛṣāya mātṛbhaktāya senānye madhyamāya ca	полководцев | полководец | военачальников
XII	senānī	senAnI	26	10649	редкое	3	Mahābhārata	MBh, 8, 6	MBh, 8, 6, 29	senānīḥ	devatānāṃ yathā skandaḥ senānīḥ prabhur avyayaḥ	полководцев | полководец | военачальников
XII	senānī	senAnI	26	10649	редкое	4	Kathāsaritsāgara	KSS, 3, 6	KSS, 3, 6, 99	senānīḥ	tato jaghāna na cirāt senānīstārakāsuram	полководцев | полководец | военачальников
XII	senānī	senAnI	26	10649	редкое	5	Kathāsaritsāgara	KSS, 3, 6	KSS, 3, 6, 98.2	senānye	abhiṣekotsavaṃ samyak senānye niravartayat	полководцев | полководец | военачальников
XII	senānī	senAnI	26	10649	редкое	6	Maitrāyaṇīsaṃhitā	MS, 2, 9, 3	MS, 2, 9, 3, 1	senānye	namo hiraṇyabāhave senānye	полководцев | полководец | военачальников
XVI	jñā	jYA	4568	90	топ-100	1	Hitopadeśa	Hitop, 2	Hitop, 2, 83.2	jñātaṃ	jñātaṃ mayā bhayakāraṇam	зная | познав | знает
XVI	jñā	jYA	4568	90	топ-100	2	Hitopadeśa	Hitop, 3	Hitop, 3, 69.2	jñāyatām	tadaiteṣām upayogo jñāyatām	зная | познав | знает
XVI	jñā	jYA	4568	90	топ-100	3	Hitopadeśa	Hitop, 4	Hitop, 4, 6.9	jñāyatāṃ	haṃsāv āhatuḥ jñāyatāṃ tāvat	зная | познав | знает
XVI	jñā	jYA	4568	90	топ-100	4	Hitopadeśa	Hitop, 4	Hitop, 4, 9.4	jñātam	mayāsya mukham āghrāya jñātam	зная | познав | знает
XVI	jñā	jYA	4568	90	топ-100	5	Hitopadeśa	Hitop, 2	Hitop, 2, 90.22	jānītaḥ	rājāha damanakakaraṭakau jānītaḥ	зная | познав | знает
XVI	jñā	jYA	4568	90	топ-100	6	Hitopadeśa	Hitop, 2	Hitop, 2, 89.5	jñātaṃ	kiṃtu yad devena jñātaṃ tat tathā	зная | познав | знает
XVI	grah	grah	4310	100	топ-100	1	Hitopadeśa	Hitop, 3	Hitop, 3, 103.5	gṛhyatām	gṛhyatām ayam upahāraḥ	взяв | схватил | взял
XVI	grah	grah	4310	100	топ-100	2	Hitopadeśa	Hitop, 0	Hitop, 0, 3.2	gṛhīta	gṛhīta iva keśeṣu mṛtyunā dharmamācaret	взяв | схватил | взял
XVI	grah	grah	4310	100	топ-100	3	Hitopadeśa	Hitop, 3	Hitop, 3, 37	gṛhītvā	sa ca dvitīyaṃ viśvāsapātraṃ gṛhītvā yātu	взяв | схватил | взял
XVI	grah	grah	4310	100	топ-100	4	Hitopadeśa	Hitop, 3	Hitop, 3, 58.3	gṛhṇīyāt	gṛhṇīyāt taṃ vinā tena vyañjanaṃ gomayāyate	взяв | схватил | взял
XVI	grah	grah	4310	100	топ-100	5	Hitopadeśa	Hitop, 2	Hitop, 2, 79.2	gṛhītavyaṃ	bālād api gṛhītavyaṃ yuktam uktaṃ manīṣibhiḥ	взяв | схватил | взял
XVI	grah	grah	4310	100	топ-100	6	Hitopadeśa	Hitop, 2	Hitop, 2, 148.4	gṛhṇāti	sa mṛtyur eva gṛhṇāti garbham aśvatarī yathā	взяв | схватил | взял
XVI	krī	krI	169	3324	редкое	1	Manusmṛti	ManuS, 8	ManuS, 8, 415	krīta	dhvajāhṛto bhaktadāso gṛhajaḥ krītadattrimau	купленный | купить | купив
XVI	krī	krI	169	3324	редкое	2	Manusmṛti	ManuS, 5	ManuS, 5, 32	krītvā	krītvā svayaṃ vāpy utpādya paropakṛtam eva vā	купленный | купить | купив
XVI	krī	krI	169	3324	редкое	3	Manusmṛti	ManuS, 8	ManuS, 8, 222	krītvā	krītvā vikrīya vā kiṃcid yasyehānuśayo bhavet	купленный | купить | купив
XVI	krī	krI	169	3324	редкое	4	Manusmṛti	ManuS, 8	ManuS, 8, 413	krītam	śūdraṃ tu kārayed dāsyaṃ krītam akrītam eva vā	купленный | купить | купив
XVI	krī	krI	169	3324	редкое	5	Manusmṛti	ManuS, 9	ManuS, 9, 158	krītaḥ	kānīnaś ca sahoḍhaś ca krītaḥ paunarbhavas tathā	купленный | купить | купив
XVI	krī	krI	169	3324	редкое	6	Manusmṛti	ManuS, 9	ManuS, 9, 172	krīṇīyād	krīṇīyād yas tv apatyārthaṃ mātāpitror yam antikāt	купленный | купить | купив
XVI	pū	pU	1326	515	топ-1000	1	Manusmṛti	ManuS, 8	ManuS, 8, 311.2	pūyante	dvijātaya ivejyābhiḥ pūyante satataṃ nṛpāḥ	Павамана | очищается | Очищайся
XVI	pū	pU	1326	515	топ-1000	2	Manusmṛti	ManuS, 6	ManuS, 6, 46.2	pūtām	satyapūtāṃ vaded vācaṃ manaḥpūtaṃ samācaret	Павамана | очищается | Очищайся
XVI	pū	pU	1326	515	топ-1000	3	Manusmṛti	ManuS, 8	ManuS, 8, 257	pūyante	yathoktena nayantas te pūyante satyasākṣiṇaḥ	Павамана | очищается | Очищайся
XVI	pū	pU	1326	515	топ-1000	4	Manusmṛti	ManuS, 2	ManuS, 2, 75.2	pūtas	prāṇāyāmais tribhiḥ pūtas tata oṃkāram arhati	Павамана | очищается | Очищайся
XVI	pū	pU	1326	515	топ-1000	5	Manusmṛti	ManuS, 4	ManuS, 4, 225.2	pūtam	śraddhāpūtaṃ vadānyasya hatam aśraddhayetarat	Павамана | очищается | Очищайся
XVI	pū	pU	1326	515	топ-1000	6	Manusmṛti	ManuS, 8	ManuS, 8, 83	pūyate	satyena pūyate sākṣī dharmaḥ satyena vardhate	Павамана | очищается | Очищайся
XVI	lū	lU	64	6402	редкое	1	Hitopadeśa	Hitop, 4	Hitop, 4, 85.2	lūnasya	yadviyogāsilūnasya manaso nāsti bheṣajam	рассек | без | сжатых
XVI	lū	lU	64	6402	редкое	2	Hitopadeśa	Hitop, 2	Hitop, 2, 84.5	lūnaṃ	tataḥ kesarāgraṃ lūnaṃ dṛṣṭvā kupito vivarāntargataṃ mūṣikam alabhamāno 'cintayat	рассек | без | сжатых
XVI	lū	lU	64	6402	редкое	3	Rāmāyaṇa	Rām, Bā, 54	Rām, Bā, 54, 10	lūna	hataputrabalo dīno lūnapakṣa iva dvijaḥ	рассек | без | сжатых
XVI	lū	lU	64	6402	редкое	4	Rāmāyaṇa	Rām, Ay, 58	Rām, Ay, 58, 3.2	lūna	apaśyaṃ tasya pitarau lūnapakṣāv iva dvijau	рассек | без | сжатых
XVI	lū	lU	64	6402	редкое	5	Rāmāyaṇa	Rām, Ār, 10	Rām, Ār, 10, 48.2	lūnāś	lūnāś ca pathi dṛśyante darbhā vaiḍūryavarcasaḥ	рассек | без | сжатых
XVI	lū	lU	64	6402	редкое	6	Mahābhārata	MBh, 1, 192	MBh, 1, 192, 22.12	lūna	asahāyāśca me putrā lūnapakṣā iva dvijāḥ	рассек | без | сжатых
XVI	prī	prI	1262	540	топ-1000	1	Hitopadeśa	Hitop, 2	Hitop, 2, 52.4	prītaṃ	ātmānaṃ manyate prītaṃ bhūpālasya sa durmatiḥ	доволен | довольный | довольны
XVI	prī	prI	1262	540	топ-1000	2	Hitopadeśa	Hitop, 1	Hitop, 1, 60	prītena	kiṃ ca yadi annaṃ nāsti tadā suprītenāpi vacasā tāvad atithiḥ pūjya eva	доволен | довольный | довольны
XVI	prī	prI	1262	540	топ-1000	3	Manusmṛti	ManuS, 9	ManuS, 9, 128.2	prīta	somāya rājñe satkṛtya prītātmā saptaviṃśatim	доволен | довольный | довольны
XVI	prī	prI	1262	540	топ-1000	4	Manusmṛti	ManuS, 1	ManuS, 1, None	prīta	tān abravīt ṛṣīn sarvān prīta ātmā śrūyatām iti	доволен | довольный | довольны
XVI	prī	prI	1262	540	топ-1000	5	Manusmṛti	ManuS, 9	ManuS, 9, 191	prītena	anvādheyaṃ ca yad dattaṃ patyā prītena caiva yat	доволен | довольный | довольны
XVI	prī	prI	1262	540	топ-1000	6	Manusmṛti	ManuS, 3	ManuS, 3, 131.2	prītaḥ	ekas tān mantravit prītaḥ sarvān arhati dharmataḥ	доволен | довольный | довольны
XVI	bandh	banD	2210	296	топ-1000	1	Hitopadeśa	Hitop, 2	Hitop, 2, 112.2	baddhvā	tad aham atrātmānaṃ baddhvā tiṣṭhāmi	связан | привязал | связав
XVI	bandh	banD	2210	296	топ-1000	2	Hitopadeśa	Hitop, 2	Hitop, 2, 32.6	baddhas	tasya prāṅgaṇe gardabho baddhas tiṣṭhati	связан | привязал | связав
XVI	bandh	banD	2210	296	топ-1000	3	Hitopadeśa	Hitop, 2	Hitop, 2, 143.3	badhnīyāt	ātmanāvagataṃ kṛtvā badhnīyāt pūjayec ca vā	связан | привязал | связав
XVI	bandh	banD	2210	296	топ-1000	4	Hitopadeśa	Hitop, 1	Hitop, 1, 55.3	baddhaḥ	śṛgālāt pāśabaddho 'sau mṛgaḥ kākena rakṣitaḥ	связан | привязал | связав
XVI	bandh	banD	2210	296	топ-1000	5	Hitopadeśa	Hitop, 1	Hitop, 1, 35.4	badhyante	tṛṇair guṇatvam āpannair badhyante mattadantinaḥ	связан | привязал | связав
XVI	bandh	banD	2210	296	топ-1000	6	Hitopadeśa	Hitop, 2	Hitop, 2, 111.27	baddhvā	tatas tāṃ gopīṃ tāḍayitvā stambhe baddhvā suptaḥ	связан | привязал | связав
XVIII	kṛ	kf	33251	12	топ-100	1	Hitopadeśa	Hitop, 4	Hitop, 4, 124	kariṣyati	upakāraṃ karomy asya mamāpy eṣa kariṣyati	сделал | совершил | сделав
XVIII	kṛ	kf	33251	12	топ-100	2	Hitopadeśa	Hitop, 4	Hitop, 4, 123	kariṣyati	mayāsyopakṛtaṃ pūrvaṃ mamāpy eṣa kariṣyati	сделал | совершил | сделав
XVIII	kṛ	kf	33251	12	топ-100	3	Hitopadeśa	Hitop, 3	Hitop, 3, 121.5	kariṣyati	locanābhyāṃ vihīnasya darpaṇaḥ kiṃ kariṣyati	сделал | совершил | сделав
XVIII	kṛ	kf	33251	12	топ-100	4	Hitopadeśa	Hitop, 0	Hitop, 0, 23.2	kariṣyati	dhanurvaṃśaviśuddho 'pi nirguṇaḥ kiṃ kariṣyati	сделал | совершил | сделав
XVIII	kṛ	kf	33251	12	топ-100	5	Hitopadeśa	Hitop, 3	Hitop, 3, 29.4	kariṣyāmi	tanmaraṇe cānumaraṇaṃ kariṣyāmīti pratijñā vartate	сделал | совершил | сделав
XVIII	kṛ	kf	33251	12	топ-100	6	Hitopadeśa	Hitop, 4	Hitop, 4, 61.15	kariṣyati	kāko brūte iha samaye parikṣīṇaḥ svāmī pāpam api kariṣyati	сделал | совершил | сделав
XVIII	bhū	BU	32612	13	топ-100	1	Hitopadeśa	Hitop, 3	Hitop, 3, 125.3	bhaviṣyati	gṛdhro vadati deva sarvaṃ bhaviṣyati	будет | был | будь
XVIII	bhū	BU	32612	13	топ-100	2	Hitopadeśa	Hitop, 4	Hitop, 4, 107.2	bhaviṣyati	mantrī brūte deva satvaraṃ bhaviṣyati	будет | был | будь
XVIII	bhū	BU	32612	13	топ-100	3	Hitopadeśa	Hitop, 2	Hitop, 2, 85.13	bhaviṣyati	anyathā te viruddhaṃ phalaṃ bhaviṣyati	будет | был | будь
XVIII	bhū	BU	32612	13	топ-100	4	Hitopadeśa	Hitop, 1	Hitop, 1, 192.11	bhaviṣyasi	yadāsatsaṅgarahito bhaviṣyasi bhaviṣyasi	будет | был | будь
XVIII	bhū	BU	32612	13	топ-100	5	Hitopadeśa	Hitop, 3	Hitop, 3, 103.13	bhaviṣyati	anena sadṛśo loke na bhūto na bhaviṣyati	будет | был | будь
XVIII	bhū	BU	32612	13	топ-100	6	Hitopadeśa	Hitop, 1	Hitop, 1, 73.9	bhaviṣyati	manorathasiddhir api bāhulyān me bhaviṣyati	будет | был | будь
XVIII	gam	gam	15950	25	топ-100	1	Hitopadeśa	Hitop, 3	Hitop, 3, 17.6	gamiṣyāmi	punar na tatra gamiṣyāmi	отправился | ушел | ступай
XVIII	gam	gam	15950	25	топ-100	2	Hitopadeśa	Hitop, 3	Hitop, 3, 102.35	gamiṣyāmi	idānīm anyatra gamiṣyāmi	отправился | ушел | ступай
XVIII	gam	gam	15950	25	топ-100	3	Hitopadeśa	Hitop, 1	Hitop, 1, 4.4	gamiṣyati	āyuṣaḥ khaṇḍam ādāya ravir astaṃ gamiṣyati	отправился | ушел | ступай
XVIII	gam	gam	15950	25	топ-100	4	Hitopadeśa	Hitop, 2	Hitop, 2, 123.12	gamiṣyāmi	pañcatvaṃ ced gamiṣyāmi kiṃ siṃhānunayena me	отправился | ушел | ступай
XVIII	gam	gam	15950	25	топ-100	5	Rāmāyaṇa	Rām, Bā, 58	Rām, Bā, 58, 4.2	gamiṣyasi	anena saha rūpeṇa saśarīro gamiṣyasi	отправился | ушел | ступай
XVIII	gam	gam	15950	25	топ-100	6	Rāmāyaṇa	Rām, Ki, 18	Rām, Ki, 18, 47.2	gamiṣyati	taṭāka iva pītāmbur upaśoṣaṃ gamiṣyati	отправился | ушел | ступай
XVIII	dṛś	dfS	14755	27	топ-100	1	Rāmāyaṇa	Rām, Ār, 59	Rām, Ār, 59, 6.2	drakṣyati	paraloke mahārājo nūnaṃ drakṣyati me pitā	увидев | увидел | видя
XVIII	dṛś	dfS	14755	27	топ-100	2	Rāmāyaṇa	Rām, Su, 12	Rām, Su, 12, 41	drakṣyāmi	ito drakṣyāmi vaidehīṃ rāmadarśanalālasām	увидев | увидел | видя
XVIII	dṛś	dfS	14755	27	топ-100	3	Rāmāyaṇa	Rām, Yu, 61	Rām, Yu, 61, 30.2	drakṣyasi	kailāsaśikharaṃ cāpi drakṣyasyariniṣūdana	увидев | увидел | видя
XVIII	dṛś	dfS	14755	27	топ-100	4	Rāmāyaṇa	Rām, Ay, 48	Rām, Ay, 48, 35.2	drakṣyasi	vicaranti vanānteṣu tāni drakṣyasi rāghava	увидев | увидел | видя
XVIII	dṛś	dfS	14755	27	топ-100	5	Rāmāyaṇa	Rām, Ay, 77	Rām, Ay, 77, 8.2	drakṣyāmahe	kadā drakṣyāmahe rāmaṃ jagataḥ śokanāśanam	увидев | увидел | видя
XVIII	dṛś	dfS	14755	27	топ-100	6	Rāmāyaṇa	Rām, Ār, 7	Rām, Ār, 7, 15	drakṣyase	drakṣyase dṛṣṭiramyāṇi giriprasravaṇāni ca	увидев | увидел | видя
XVIII	dah	dah	2012	329	топ-1000	1	Rāmāyaṇa	Rām, Utt, 72	Rām, Utt, 72, 8.2	dhakṣyate	dhakṣyate pāṃsuvarṣeṇa mahatā pākaśāsanaḥ	сжигает | сжечь | сжег
XVIII	dah	dah	2012	329	топ-1000	2	Rāmāyaṇa	Rām, Ār, 64	Rām, Ār, 64, 28.2	dhakṣyāmi	imaṃ dhakṣyāmi saumitre hataṃ raudreṇa rakṣasā	сжигает | сжечь | сжег
XVIII	dah	dah	2012	329	топ-1000	3	Rāmāyaṇa	Rām, Ār, 62	Rām, Ār, 62, 6	dhakṣyate	duḥkhito hi bhavāṃl lokāṃs tejasā yadi dhakṣyate	сжигает | сжечь | сжег
XVIII	dah	dah	2012	329	топ-1000	4	Mahābhārata	MBh, 5, 72	MBh, 5, 72, 10.2	dhakṣyante	dhakṣyante śiśirāpāye vanānīva hutāśanaiḥ	сжигает | сжечь | сжег
XVIII	dah	dah	2012	329	топ-1000	5	Mahābhārata	MBh, 1, 13	MBh, 1, 13, 35.3	dhakṣyati	janamejayasya vo yajñe dhakṣyatyanilasārathiḥ	сжигает | сжечь | сжег
XVIII	dah	dah	2012	329	топ-1000	6	Mahābhārata	MBh, 1, 46	MBh, 1, 46, 16.3	dhakṣyate	takṣakeṇa bhujaṃgena dhakṣyate kila tatra vai	сжигает | сжечь | сжег
XVIII	sṛj	sfj	1840	361	топ-1000	1	Mahābhārata	MBh, 3, 187	MBh, 3, 187, 46.2	srakṣyāmi	ekībhūto hi srakṣyāmi śarīrād dvijasattama	сотворил | выпустил | создал
XVIII	sṛj	sfj	1840	361	топ-1000	2	Mahābhārata	MBh, 10, 17	MBh, 10, 17, 13.2	srakṣyāmi	yadi me nāgrajastvanyastataḥ srakṣyāmyahaṃ prajāḥ	сотворил | выпустил | создал
XVIII	sṛj	sfj	1840	361	топ-1000	3	Tantrāloka	TĀ, 1	TĀ, 1, 259	srakṣyamāṇo	srakṣyamāṇo viśeṣāṃśo yadā tūparamettadā	сотворил | выпустил | создал
XVIII	sṛj	sfj	1840	361	топ-1000	4	Tantrāloka	TĀ, 1	TĀ, 1, 267	srakṣyamāṇa	vikalpasrakṣyamāṇānyarucitāṃśasahiṣṇunaḥ	сотворил | выпустил | создал
XVIII	sṛj	sfj	1840	361	топ-1000	5	Tantrāloka	TĀ, 1	TĀ, 1, 268	srakṣyamāṇa	tadaiva saṃviccinute yāvataḥ srakṣyamāṇatā	сотворил | выпустил | создал
XVIII	sṛj	sfj	1840	361	топ-1000	6	Harivaṃśa	HV, 35	HV, 35, 46.2	srakṣye	dārayogaṃ vinā srakṣye putram ātmatanūruham	сотворил | выпустил | создал
XVIII	ruh	ruh	310	2079	редкое	1	Mahābhārata	MBh, 3, 188	MBh, 3, 188, 76.2	rokṣyanti	sasyāni ca na rokṣyanti yugānte paryupasthite	поднялся | взойти | поднимись
XVIII	ruh	ruh	310	2079	редкое	2	Śatapathabrāhmaṇa	ŚBM, 5, 2, 1	ŚBM, 5, 2, 1, 10	rokṣyan	sa rokṣyan jāyām āmantrayate	поднялся | взойти | поднимись
XVIII	ruh	ruh	310	2079	редкое	3	Kāṭhakasaṃhitā	KS, 14, 8	KS, 14, 8, 10	rokṣyan	svar eva rokṣyan patnyā saṃvadate	поднялся | взойти | поднимись
XVIII	ruh	ruh	310	2079	редкое	4	Āpastambaśrautasūtra	ĀpŚS, 18, 5	ĀpŚS, 18, 5, 12	rokṣyāmi	ahaṃ nāv ubhayoḥ suvo rokṣyāmīti yajamāno 'ntataḥ	поднялся | взойти | поднимись
XVIII	ruh	ruh	310	2079	редкое	5	Maitrāyaṇīsaṃhitā	MS, 1, 11, 8	MS, 1, 11, 8, 1	rokṣyan	svo rohāvehi svo rohāvehi svo rohāveti svar vā etad rokṣyan patnyā saṃvadate	поднялся | взойти | поднимись
XVIII	ruh	ruh	310	2079	редкое	6	Vārāhaśrautasūtra	VārŚS, 3, 1, 2	VārŚS, 3, 1, 2, 16	rokṣyāmi	ahaṃ nāv ubhayo rokṣyāmīty uktvāyuryajñena kalpata iti yajamāno yūpam ārohati	поднялся | взойти | поднимись
XXI	vid	vid	9384	48	топ-100	1	Hitopadeśa	Hitop, 3	Hitop, 3, 104.15	vidyate	na kāpy anyā vārtā vidyate	знает | знай | знают
XXI	vid	vid	9384	48	топ-100	2	Hitopadeśa	Hitop, 3	Hitop, 3, 116.2	vidvān	avidvān api bhūpālo vidyāvṛddhopasevayā	знает | знай | знают
XXI	vid	vid	9384	48	топ-100	3	Hitopadeśa	Hitop, 2	Hitop, 2, 113.2	vidaḥ	same nimnonnatānīva citrakarmavido janāḥ	знает | знай | знают
XXI	vid	vid	9384	48	топ-100	4	Hitopadeśa	Hitop, 3	Hitop, 3, 5.2	vidvān	vidvān evopadeṣṭavyo nāvidvāṃs tu kadācana	знает | знай | знают
XXI	vid	vid	9384	48	топ-100	5	Hitopadeśa	Hitop, 4	Hitop, 4, 66.11	vetti	ato 'haṃ bravīmyātmaupamyena yo vettītyādi	знает | знай | знают
XXI	vid	vid	9384	48	топ-100	6	Hitopadeśa	Hitop, 1	Hitop, 1, 76.6	vidyate	vidyate hi nṛśaṃsebhyo bhayaṃ guṇavatām api	знает | знай | знают
XXI	ās	As	1379	494	топ-1000	1	Hitopadeśa	Hitop, 3	Hitop, 3, 33.4	āste	śuko 'pi mama paścād āgacchann āste	сидит | пребывает | сидят
XXI	ās	As	1379	494	топ-1000	2	Hitopadeśa	Hitop, 4	Hitop, 4, 99.14	āstām	tato yady asmatsevayā vasati tad āstām	сидит | пребывает | сидят
XXI	ās	As	1379	494	топ-1000	3	Hitopadeśa	Hitop, 2	Hitop, 2, 83	āsyatām	damanako vihasyāha mitra tūṣṇīm āsyatām	сидит | пребывает | сидят
XXI	ās	As	1379	494	топ-1000	4	Hitopadeśa	Hitop, 3	Hitop, 3, 14.3	āsate	śaśino vyapadeśena śaśakāḥ sukham āsate	сидит | пребывает | сидят
XXI	ās	As	1379	494	топ-1000	5	Hitopadeśa	Hitop, 2	Hitop, 2, 123.4	āste	sa ca sarvadā paśūnāṃ vadhaṃ kurvann āste	сидит | пребывает | сидят
XXI	ās	As	1379	494	топ-1000	6	Hitopadeśa	Hitop, 3	Hitop, 3, 82.2	āsīta	uparudhyārim āsīta rāṣṭraṃ cāsyopapīḍayet	сидит | пребывает | сидят
XXI	śru	Sru	9431	47	топ-100	1	Hitopadeśa	Hitop, 1	Hitop, 1, 1.2	śṛṇuta	bho rājaputrāḥ śṛṇuta	услышав | Услышав | выслушав
XXI	śru	Sru	9431	47	топ-100	2	Hitopadeśa	Hitop, 1	Hitop, 1, 178	śṛṇu	anyac ca bhrātaḥ śṛṇu	услышав | Услышав | выслушав
XXI	śru	Sru	9431	47	топ-100	3	Hitopadeśa	Hitop, 3	Hitop, 3, 143	śṛṇu	sāraso brūte śṛṇu deva	услышав | Услышав | выслушав
XXI	śru	Sru	9431	47	топ-100	4	Hitopadeśa	Hitop, 3	Hitop, 3, 116	śṛṇu	gṛdhro 'vadad deva śṛṇu	услышав | Услышав | выслушав
XXI	śru	Sru	9431	47	топ-100	5	Hitopadeśa	Hitop, 4	Hitop, 4, 1.3	śrūyatām	viṣṇuśarmeṇoktam śrūyatām	услышав | Услышав | выслушав
XXI	śru	Sru	9431	47	топ-100	6	Hitopadeśa	Hitop, 1	Hitop, 1, 2.3	śṛṇuta	viṣṇuśarmovāca śṛṇuta yūyam	услышав | Услышав | выслушав
XXII	as	as	24567	17	топ-100	1	Hitopadeśa	Hitop, 3	Hitop, 3, 140	asti	tat tāvad atra nāsti	есть | ты | я
XXII	as	as	24567	17	топ-100	2	Hitopadeśa	Hitop, 1	Hitop, 1, 73	astu	kākena uktamevam astu	есть | ты | я
XXII	as	as	24567	17	топ-100	3	Hitopadeśa	Hitop, 4	Hitop, 4, 19.4	astu	matsyā āhuḥ evam astu	есть | ты | я
XXII	as	as	24567	17	топ-100	4	Hitopadeśa	Hitop, 2	Hitop, 2, 66.8	'si	rājāha cirād dṛṣṭo 'si	есть | ты | я
XXII	as	as	24567	17	топ-100	5	Hitopadeśa	Hitop, 1	Hitop, 1, 112.2	astu	vāyaso 'vadad evam astu	есть | ты | я
XXII	as	as	24567	17	топ-100	6	Hitopadeśa	Hitop, 2	Hitop, 2, 32.7	'sti	kukkuraś copaviṣṭo 'sti	есть | ты | я
XXII	tāḍay	tAqay	435	1585	редкое	1	Rāmāyaṇa	Rām, Yu, 33	Rām, Yu, 33, 35.2	tāḍayāmāsa	suṣeṇaṃ tāḍayāmāsa nanāda ca muhur muhuḥ	ударил | поразил | нанес удары
XXII	tāḍay	tAqay	435	1585	редкое	2	Rāmāyaṇa	Rām, Yu, 58	Rām, Yu, 58, 14.2	tāḍayāmāsa	devāntakam abhidrutya tāḍayāmāsa saṃyuge	ударил | поразил | нанес удары
XXII	tāḍay	tAqay	435	1585	редкое	3	Rāmāyaṇa	Rām, Yu, 58	Rām, Yu, 58, 38.2	tāḍayāmāsa	utpatya ca hanūmantaṃ tāḍayāmāsa muṣṭinā	ударил | поразил | нанес удары
XXII	tāḍay	tAqay	435	1585	редкое	4	Rāmāyaṇa	Rām, Yu, 63	Rām, Yu, 63, 2	tāḍayāmāsa	āhūya so 'ṅgadaṃ kopāt tāḍayāmāsa vegitaḥ	ударил | поразил | нанес удары
XXII	tāḍay	tAqay	435	1585	редкое	5	Rāmāyaṇa	Rām, Yu, 36	Rām, Yu, 36, 17.2	tāḍayāmāsa	yūthapān api tān sarvāṃstāḍayāmāsa rāvaṇiḥ	ударил | поразил | нанес удары
XXII	tāḍay	tAqay	435	1585	редкое	6	Rāmāyaṇa	Rām, Utt, 15	Rām, Utt, 15, 9.2	tāḍayāmāsa	śaktibhistāḍayāmāsa tisṛbhir yakṣapuṃgavaḥ	ударил | поразил | нанес удары
XXX	manas	manas	5528	74	топ-100	1	Hitopadeśa	Hitop, 4	Hitop, 4, 85.2	manaso	yadviyogāsilūnasya manaso nāsti bheṣajam	ум | разум | сердце
XXX	manas	manas	5528	74	топ-100	2	Hitopadeśa	Hitop, 1	Hitop, 1, 127.3	manas	arthanāśaṃ manastāpaṃ gṛhe duścaritāni ca	ум | разум | сердце
XXX	manas	manas	5528	74	топ-100	3	Hitopadeśa	Hitop, 1	Hitop, 1, 87.2	mano	sādhoḥ prakopitasyāpi mano nāyāti vikriyām	ум | разум | сердце
XXX	manas	manas	5528	74	топ-100	4	Hitopadeśa	Hitop, 2	Hitop, 2, 50.2	manaḥ	netravaktravikāreṇa lakṣyate'ntargataṃ manaḥ	ум | разум | сердце
XXX	manas	manas	5528	74	топ-100	5	Hitopadeśa	Hitop, 4	Hitop, 4, 13.4	manasā	phalena manasā vācā dṛṣṭyā cainaṃ praharṣayet	ум | разум | сердце
XXX	manas	manas	5528	74	топ-100	6	Hitopadeśa	Hitop, 0	Hitop, 0, 17.2	manaḥ	dāne tapasi śaurye ca yasya na prathitaṃ manaḥ	ум | разум | сердце
XXX	tejas	tejas	3472	143	топ-1000	1	Hitopadeśa	Hitop, 3	Hitop, 3, 99.4	tejas	sāmānādhikaraṇyaṃ hi tejastimirayoḥ kutaḥ	блеск | жар | блеском
XXX	tejas	tejas	3472	143	топ-1000	2	Hitopadeśa	Hitop, 2	Hitop, 2, 81.10	tejas	mṛtyuś ca vasati krodhe sarvatejomayo hi saḥ	блеск | жар | блеском
XXX	tejas	tejas	3472	143	топ-1000	3	Manusmṛti	ManuS, 6	ManuS, 6, 39.2	tejas	tasya tejomayā lokā bhavanti brahmavādinaḥ	блеск | жар | блеском
XXX	tejas	tejas	3472	143	топ-1000	4	Manusmṛti	ManuS, 7	ManuS, 7, 5.2	tejasā	tasmād abhibhavaty eṣa sarvabhūtāni tejasā	блеск | жар | блеском
XXX	tejas	tejas	3472	143	топ-1000	5	Manusmṛti	ManuS, 7	ManuS, 7, 11.2	tejas	mṛtyuś ca vasati krodhe sarvatejomayo hi saḥ	блеск | жар | блеском
XXX	tejas	tejas	3472	143	топ-1000	6	Manusmṛti	ManuS, 7	ManuS, 7, 14.2	tejas	brahmatejomayaṃ daṇḍam asṛjat pūrvam īśvaraḥ	блеск | жар | блеском
XXX	candramas	candramas	369	1812	редкое	1	Hitopadeśa	Hitop, 0	Hitop, 0, 18.3	candramās	ekaś candramās tamo hanti na ca tārāgaṇair api	луна | месяц | Месяц
XXX	candramas	candramas	369	1812	редкое	2	Rāmāyaṇa	Rām, Ār, 16	Rām, Ār, 16, 3.2	candramā	virarāja mahābāhuś citrayā candramā iva	луна | месяц | Месяц
XXX	candramas	candramas	369	1812	редкое	3	Rāmāyaṇa	Rām, Yu, 60	Rām, Yu, 60, 13.2	candramasā	rarāja paripūrṇena nabhaścandramasā yathā	луна | месяц | Месяц
XXX	candramas	candramas	369	1812	редкое	4	Rāmāyaṇa	Rām, Su, 16	Rām, Su, 16, 25	candramāḥ	vṛtaḥ paramanārībhistārābhir iva candramāḥ	луна | месяц | Месяц
XXX	candramas	candramas	369	1812	редкое	5	Rāmāyaṇa	Rām, Su, 31	Rām, Su, 31, 6	candramasā	kiṃ nu candramasā hīnā patitā vibudhālayāt	луна | месяц | Месяц
XXX	candramas	candramas	369	1812	редкое	6	Rāmāyaṇa	Rām, Yu, 31	Rām, Yu, 31, 8	candramāḥ	rajanyām aprakāśaśca saṃtāpayati candramāḥ	луна | месяц | Месяц
XXXII	mahābāhu	mahAbAhu	21	11898	редкое	1	Mahābhārata	MBh, 1, 61	MBh, 1, 61, 83.18	mahābāhuḥ	ayobāhur mahābāhuścitracāpasukuṇḍalau	могучерукий | мощнорукий | мощнодланный
XXXII	mahābāhu	mahAbAhu	21	11898	редкое	2	Mahābhārata	MBh, 1, 61	MBh, 1, 61, 48	mahābāhur	tṛtīyastu mahārāja mahābāhur mahāsuraḥ	могучерукий | мощнорукий | мощнодланный
XXXII	mahābāhu	mahAbAhu	21	11898	редкое	3	Mahābhārata	MBh, 1, 108	MBh, 1, 108, 7	mahābāhuḥ	ayobāhur mahābāhuścitrāṅgaścitrakuṇḍalaḥ	могучерукий | мощнорукий | мощнодланный
XXXII	mahābāhu	mahAbAhu	21	11898	редкое	4	Mahābhārata	MBh, 6, 61	MBh, 6, 61, 46.2	mahābāho	viśveśvara mahābāho jaya lokārthatatpara	могучерукий | мощнорукий | мощнодланный
XXXII	mahābāhu	mahAbAhu	21	11898	редкое	5	Mahābhārata	MBh, 7, 158	MBh, 7, 158, 21.2	mahābāho	āvāraya mahābāho dhārtarāṣṭrasya vāhinīm	могучерукий | мощнорукий | мощнодланный
XXXII	mahābāhu	mahAbAhu	21	11898	редкое	6	Mahābhārata	MBh, 5, 68	MBh, 5, 68, 14.3	mahābāhur	āgantā hi mahābāhur ānṛśaṃsyārtham acyutaḥ	могучерукий | мощнорукий | мощнодланный
XXXVII	sthā	sTA	7882	57	топ-100	1	Ṛgveda	ṚV, 8, 102	ṚV, 8, 102, 13.2	asthiran	vāyor anīke asthiran	пребывает | стоит | стоя
XXXVII	sthā	sTA	7882	57	топ-100	2	Ṛgveda	ṚV, 1, 74	ṚV, 1, 74, 8.2	asthāt	pra dāśvāṁ agne asthāt	пребывает | стоит | стоя
XXXVII	sthā	sTA	7882	57	топ-100	3	Kauśikasūtra	KauśS, 4, 12	KauśS, 4, 12, 5	asthād	asthād dyaur iti niveṣṭanam	пребывает | стоит | стоя
XXXVII	sthā	sTA	7882	57	топ-100	4	Saddharmapuṇḍarīkasūtra	SDhPS, 7	SDhPS, 7, 27	asthāt	dvitīyamapyantarakalpam asthāt	пребывает | стоит | стоя
XXXVII	sthā	sTA	7882	57	топ-100	5	Kāṭhakasaṃhitā	KS, 19, 11	KS, 19, 11, 66	asthād	agre bṛhann uṣasām ūrdhvo asthād iti	пребывает | стоит | стоя
XXXVII	sthā	sTA	7882	57	топ-100	6	Atharvaveda (Paippalāda)	AVP, 19, 4	AVP, 19, 4, 13.2	asthur	asthur madhyamā yāḥ sākam antā araṃsata	пребывает | стоит | стоя
XXXVII	dā	dA	9987	43	топ-100	1	Manusmṛti	ManuS, 2	ManuS, 2, 114.2	adāḥ	asūyakāya māṃ mādās tathā syāṃ vīryavattamā	дает | дам | дай
XXXVII	dā	dA	9987	43	топ-100	2	Rāmāyaṇa	Rām, Su, 56	Rām, Su, 56, 81.2	adāt	aṅgulīyam abhijñānam adāt tubhyaṃ yaśasvini	дает | дам | дай
XXXVII	dā	dA	9987	43	топ-100	3	Mahābhārata	MBh, 3, 190	MBh, 3, 190, 39	adāt	athaināṃ rājñe pitādāt	дает | дам | дай
XXXVII	dā	dA	9987	43	топ-100	4	Mahābhārata	MBh, 1, 213	MBh, 1, 213, 48.4	adād	mahiṣīṇām adād bhūripayasām ayutadvayam	дает | дам | дай
XXXVII	dā	dA	9987	43	топ-100	5	Mahābhārata	MBh, 12, 137	MBh, 12, 137, 9	adāt	phalam ekaṃ sutāyādād rājaputrāya cāparam	дает | дам | дай
XXXVII	dā	dA	9987	43	топ-100	6	Mahābhārata	MBh, 1, 105	MBh, 1, 105, 7.39	adāt	ratnāni ca vicitrāṇi śalyāyādāt sahasraśaḥ	дает | дам | дай
XXXVII	dhā	DA	2272	283	топ-1000	1	Kāṭhakasaṃhitā	KS, 12, 3	KS, 12, 3, 25	adhāḥ	trir mādhā viṣṇa iti	дай | дайте | поставили
XXXVII	dhā	DA	2272	283	топ-1000	2	Āpastambaśrautasūtra	ĀpŚS, 6, 23	ĀpŚS, 6, 23, 1.6	dhīmahi	viśvā vāmāni dhīmahi	дай | дайте | поставили
XXXVII	dhā	DA	2272	283	топ-1000	3	Ṛgveda	ṚV, 10, 127	ṚV, 10, 127, 1.2	'dhita	viśvā adhi śriyo 'dhita	дай | дайте | поставили
XXXVII	dhā	DA	2272	283	топ-1000	4	Maitrāyaṇīsaṃhitā	MS, 1, 6, 6	MS, 1, 6, 6, 12	'dhita	tad virājaṃ madhyato 'dhita	дай | дайте | поставили
XXXVII	dhā	DA	2272	283	топ-1000	5	Maitrāyaṇīsaṃhitā	MS, 1, 6, 6	MS, 1, 6, 6, 15	'dhita	paśūn vā etan madhyato 'dhita	дай | дайте | поставили
XXXVII	dhā	DA	2272	283	топ-1000	6	Kauśikasūtra	KauśS, 4, 12	KauśS, 4, 12, 21	'dhām	upa te 'dhām ity uparyupāsyati	дай | дайте | поставили
XXXVII	kram	kram	276	2293	редкое	1	Ṛgveda	ṚV, 9, 32	ṚV, 9, 32, 1.2	akramuḥ	sutā vidathe akramuḥ	выступаю | поднялась | выступил
XXXVII	kram	kram	276	2293	редкое	2	Taittirīyabrāhmaṇa	TB, 1, 2, 1	TB, 1, 2, 1, 16.10	akrann	akrann imaṃ pitaro lokam asmai	выступаю | поднялась | выступил
XXXVII	kram	kram	276	2293	редкое	3	Ṛgveda	ṚV, 9, 31	ṚV, 9, 31, 1	akramuḥ	pra somāsaḥ svādhyaḥ pavamānāso akramuḥ	выступаю | поднялась | выступил
XXXVII	kram	kram	276	2293	редкое	4	Ṛgveda	ṚV, 9, 23	ṚV, 9, 23, 2	akramuḥ	anu pratnāsa āyavaḥ padaṃ navīyo akramuḥ	выступаю | поднялась | выступил
XXXVII	kram	kram	276	2293	редкое	5	Ṛgveda	ṚV, 8, 93	ṚV, 8, 93, 14	akramuḥ	vi yad aher adha tviṣo viśve devāso akramuḥ	выступаю | поднялась | выступил
XXXVII	kram	kram	276	2293	редкое	6	Vājasaneyisaṃhitā (Mādhyandina)	VSM, 12	VSM, 12, 84	akramuḥ	ati viśvāḥ pariṣṭhā stena iva vrajam akramuḥ	выступаю | поднялась | выступил
XXXIX	samāgam	samAgam	697	1029	редкое	1	Hitopadeśa	Hitop, 3	Hitop, 3, 4.11	samāgato	pṛṣṭaś ca kas tvam kutaḥ samāgato 'si	собрались | собравшиеся | собравшихся
XXXIX	samāgam	samAgam	697	1029	редкое	2	Hitopadeśa	Hitop, 2	Hitop, 2, 119.4	samāgataḥ	anantaraṃ tasya bhartā gopo goṣṭhāt samāgataḥ	собрались | собравшиеся | собравшихся
XXXIX	samāgam	samAgam	697	1029	редкое	3	Hitopadeśa	Hitop, 2	Hitop, 2, 90.19	samāgataḥ	atha kadācit tasya siṃhasya bhrātā stabdhakarṇanāmā siṃhaḥ samāgataḥ	собрались | собравшиеся | собравшихся
XXXIX	samāgam	samAgam	697	1029	редкое	4	Hitopadeśa	Hitop, 2	Hitop, 2, 124.2	samāgato	tataḥ siṃho 'pi kṣudhāpīḍitaḥ kopāt tam uvāca kutas tvaṃ vilambya samāgato 'si	собрались | собравшиеся | собравшихся
XXXIX	samāgam	samAgam	697	1029	редкое	5	Manusmṛti	ManuS, 7	ManuS, 7, 92.2	samāgatam	nāyudhyamānaṃ paśyantaṃ na pareṇa samāgatam	собрались | собравшиеся | собравшихся
XXXIX	samāgam	samAgam	697	1029	редкое	6	Manusmṛti	ManuS, 2	ManuS, 2, 127.2	samāgamya	vaiśyaṃ kṣemaṃ samāgamya śūdram ārogyam eva ca	собрались | собравшиеся | собравшихся
