mw_L	root_iast	k1_slp1	verb_type	genuine	classes	dcs_freq	dcs_rank	n_dicts	whitney_anchor	westergaard
9	aṃś	aMS	genuineroot	1	10P,10Ā	0		4		
87	aṃs	aMs	genuineroot	1		0		3		
107	aṃh	aMh	genuineroot	1	1Ā,10P	0		2		
114	aṃh	aMh	genuineroot	1		0		2	aMh,1	
134	ak	ak	genuineroot	1	1P	0		1		
423	akṣ	akz	genuineroot	1	1,5	4	5127	5	akz1,1;akz2,1	
762	ag	ag	genuineroot	1	1P	0		0		
1348	agh	aG	genuineroot	1	10P	0		2		
1408	aṅk	aNk	genuineroot	1	1Ā,10P	0		3		
1491	aṅkh	aNK	genuineroot	1	10P	0		1		
1492	aṅg	aNg	genuineroot	1	1P,10P	4	5210	4	aNg,1	
1752	aṅgh	aNG	genuineroot	1	1Ā	0		0		
1767	ac	ac	genuineroot	1	1P,1Ā	0		2	ac,1	
1927	aj	aj	genuineroot	1	1P	55	1741	7	aj,2	
2250	añc	aYc	genuineroot	1	1P,1Ā,10P,10Ā	0		4	ac,1	
2267	añj	aYj	genuineroot	1	7P,7Ā	708	231	4	aYj,2	
2337	aṭ	aw	genuineroot	1	1P,1Ā	60	1660	5	aw,2	
2358	aṭṭ	aww	genuineroot	1	1Ā,10P	0		3		
2383	aṭh	aW	genuineroot	1	1P,1Ā	0		0		
2386	aḍ	aq	genuineroot	1	1P	0		2		
2388	aḍḍ	aqq	genuineroot	1	1P	0		0		
2390	aṇ	aR	genuineroot	1	1P,4Ā	0		0		
2447	aṇṭh	aRW	genuineroot	1	1Ā	0		0	aRW,3	
2490	at	at	genuineroot	1	1P,1Ā	8	3959	4	at,3	
3575	ad	ad	genuineroot	1	2P	699	233	5	ad,3	
4782	an	an	genuineroot	1	2P	10	3646	5	an,3	
7900	ant	ant	genuineroot	1	1P	0		3		
8399	and	and	genuineroot	1	1P	0		0		
8411	andh	anD	genuineroot	1	10P	0		3		
8656	anyathaya	anyaTaya	root	0	0P	0		0		
13687	abhr	aBr	genuineroot	1	1P	0		2		
13748	am	am	genuineroot	1	0Ā	14	3186	5	am,3	
14390	amb	amb	genuineroot	1	1P,1Ā	0		0		
14564	ambh	amB	genuineroot	1		0		0		
14662	ay	ay	root	0	0	0		5		
15571	ark	ark	genuineroot	1		0		2		
15682.1	argh	arG	root	0	1P	0		1		
15701	arc	arc	genuineroot	1	1P,1Ā	413	413	3	arc,4	
15739	arj	arj	genuineroot	1	1P,1Ā	0		3	fj,14	
15839	arth	arT	genuineroot	1	10Ā,1Ā	0		5		
16095	ard	ard	genuineroot	1	6P,1P,7	0		4	fd,15	
16336	arpaya	arpaya	root	0	0	0		0		
16352	arb	arb	genuineroot	1	1P	0		0		
16408	arv	arv	genuineroot	1	1P	0		1		
16483	arh	arh	genuineroot	1	1P,1Ā	2380	54	4	arh,4	
16510	al	al	genuineroot	1	1P	0		3		
16938	av	av	genuineroot	1	1P	867	191	3	av,4	
19412	aś	aS	genuineroot	1	0Ā,0P	1948	72	6	aS1,4	
19416	aś	aS	genuineroot	1		1948	72	6	aS2,5	
20163	aṣ	az	genuineroot	1	1P,1Ā	0		0		
20353	as	as	genuineroot	1	2P,2Ā	35753	3	6	as1,5	
20354	as	as	genuineroot	1	4P,4Ā	35753	3	6	as2,5	
21629	ah	ah	genuineroot	1		9447	11	3	ah,6	
21630	ah	ah	genuineroot	1	5P	9447	11	3		
23212	āñch	AYC	root	0	0	5	5080	1	AYC,6	
24743	āp	Ap	genuineroot	1	5P,5Ā	2314	56	5	Ap,6	
25983	ār	Ar	genuineroot	1	4P	6	4675	0	Ar,6	
27851	ās	As	genuineroot	1	2Ā	1955	70	5	As,6	
28539	i	i	genuineroot	1	2P,2Ā	3673	33	5	i1,7	
28635	ikh	iK	genuineroot	1	1P	0		1		1
28637	iṅkh	iNK	genuineroot	1	1P	0		1		1
28638	iṅg	iNg	genuineroot	1	1P,1Ā	15	3111	3	iNg,8	1
28677	iṭ	iw	genuineroot	1	1P	0		0	iw,8	1
28830	in	in	root	0		0		3		
28841	inakṣ	inakz	root	0		11	3530	1		
28845	ind	ind	genuineroot	1	1P	0		0		1
29258	indh	inD	genuineroot	1	7Ā	0		7	iD,8	
29294	inv	inv	genuineroot	1	6P,8P,9P,9Ā	0		3	i2,7	
29328	iyakṣ	iyakz	root	0	0P,0Ā	27	2452	1		
29338	iyasya	iyasya	root	0	0Ā	0		0		
29342	ir	ir	genuineroot	1	6P	0		1		
29343	irajya	irajya	root	0	0P,0Ā	0		0		
29347	iradh	iraD	root	0	0Ā,0P	1	8685	0		
29396	il	il	genuineroot	1	6P,10P	0		2	il,9	1
29439	iṣ	iz	genuineroot	1	1P,1Ā,4P,4Ā	4842	23	6	iz1,9;iz2,9	
29516	iṣ	iz	genuineroot	1	6P,6Ā	4842	23	6	iz1,9	
29546	iṣūya	izUya	genuineroot	1	0P	0		0		
29694	ī	I	root	0	0	192	794	3		
29695	īkṣ	Ikz	genuineroot	1	1Ā	473	360	5	Ikz,9	
29713	īkh	IK	genuineroot	1	1P	0		0		1
29714	īṅkh	INK	genuineroot	1	1P	1	11044	2	INK,9	1
29717	īj	Ij	genuineroot	1	1P	0		2		1
29721	īḍ	Iq	genuineroot	1	2Ā,2P	352	477	2	Iq,9	
29747	īnt	Int	genuineroot	1	1P	0		0		1
29761	īr	Ir	genuineroot	1	2Ā,2P	87	1339	6	Ir,9	
29784	īrkṣy	Irkzy	root	0	0	0		0		
29785	īrts	Irts	root	0	0P	0		0		
29797	īrṣy	Irzy	genuineroot	1	1P	4	5592	1	Irzy,10	
29820	īl	Il	genuineroot	1	0P	0		0		
29827	īś	IS	genuineroot	1	2Ā	425	401	4	IS,11	
29921	īṣ	Iz	genuineroot	1	1Ā,1P	24	2611	4	Iz,11	
29985	īh	Ih	genuineroot	1	1Ā,1P	101	1220	4	Ih,11	
30001	u	u	genuineroot	1	5P,2Ā,1Ā	1	10284	2		
30072	ukṣ	ukz	genuineroot	1	1P,1Ā	191	796	5	ukz1,11	
30098	ukh	uK	genuineroot	1	1P	0		0		
30208	uṅkh	uNK	genuineroot	1	1P	0		0		
30209	uc	uc	genuineroot	1	4P,4Ā	51	1825	4	uc,12	
30535	uch	uC	genuineroot	1	1P	0		0		
30536	uch	uC	genuineroot	1	1P	0		0		
30600	ujjh	ujJ	genuineroot	1	6P	0		4	uJ,12	
30615	uñch	uYC	genuineroot	1	1,6P	9	3900	3	uYC,12	
30626	uṭh	uW	genuineroot	1	1P	0		0		1
32059	ud	ud	genuineroot	1	7P,6P,6Ā	0		3	ud,12	1
33764	udhras	uDras	genuineroot	1	9P	0		1		
33765	udhras	uDras	genuineroot	1	10P,10Ā	0		1		
37050	ubj	ubj	genuineroot	1	6P	15	3156	2	ubj,12	1
37051	ubh	uB	genuineroot	1	9P,6P	4	5474	3	uB,13	1
37051.1	ubh	uB	root	0	7	4	5474	3		
37196	umbh	umB	root	0	0	0		1		
37403	urj	urj	root	0		0		0		
37406	urd	urd	root	0	0	0		0		
37410	urv	urv	root	0	0	0		0		
37434	ul	ul	root	0	0P	0		2		
37438	ulaḍ	ulaq	genuineroot	1	10P	0		0		1
37688	uṣ	uz	genuineroot	1	1P,9P	33	2262	4		1
37931	uh	uh	genuineroot	1	1P	0		1		
37966	ūṭh	UW	root	0		0		0		
38000	ūy	Uy	genuineroot	1	1Ā	0		0		1
38037	ūrj	Urj	genuineroot	1	0P,0Ā	0		1		
38079	ūrṇu	UrRu	genuineroot	1	2P,2Ā	0		2		
38104	ūrd	Urd	genuineroot	1	1Ā	0		0		1
38324	ūrv	Urv	genuineroot	1	1P	0		0		1
38333	ūṣ	Uz	genuineroot	1	1P	0		2		1
38375	ūh	Uh	genuineroot	1	1P,1Ā	98	1236	5	Uh1,13	
38392	ūh	Uh	genuineroot	1	1P,1Ā	98	1236	5	Uh2,13	
38410	ṛ	f	genuineroot	1	1,3,5P,5Ā	0		5	f,14	
38546	ṛtīya	ftIya	root	0		0		0		
38696	ṛc	fc	genuineroot	1	6P	0		2		1
38773	ṛch	fC	genuineroot	1	6P	0		1	f,14	1
38776	ṛj	fj	genuineroot	1	1P,1Ā	44	1982	1		1
38847	ṛñj	fYj	genuineroot	1	1Ā	0		1		1
38849	ṛñj	fYj	genuineroot	1	6P,6Ā,4P,4Ā,7Ā	0		1	fj,14	
38854	ṛṇ	fR	genuineroot	1	8P,8Ā	0		1		1
38911	ṛt	ft	genuineroot	1	0Ā	0		1	ft,15	
38930	ṛdh	fD	genuineroot	1	6,2,4,5,7P	392	442	5	fD,15	
38955	ṛph	fP	genuineroot	1	6P	0		0		1
39001	ṛṣ	fz	genuineroot	1	1P	147	957	3	fz,16	
39039	ṛṣ	fz	genuineroot	1	6P	147	957	3	fz,16	1
39144	ṝ	F	root	0	0	0		1		
39975	ej	ej	genuineroot	1	1P,1Ā	85	1352	2	ej,16	1
39986	eṭh	eW	genuineroot	1	1Ā	0		0		1
40096	edh	eD	genuineroot	1	1Ā,1P	172	859	3	eD,16	
40241	eṣ	ez	genuineroot	1	1P,1Ā	0		4	Iz,11	1
40606	okh	oK	genuineroot	1	1P	0		0		1
40621	oj	oj	genuineroot	1	1,10P	0		0		
40663	oṇ	oR	genuineroot	1	1P	0		1		1
40721	olaṇḍ	olaRq	genuineroot	1	1,8,10P	0		0		1
40722	olaj	olaj	root	0		0		0		
40723	olj	olj	root	0		0		0		
41369	kaṃs	kaMs	genuineroot	1	2Ā	0		0		1
41405	kak	kak	genuineroot	1	1Ā	0		0		1
41500	kakk	kakk	root	0	0	0		0		
41510	kakkh	kakK	root	0	0	0		0		
41598	kakh	kaK	genuineroot	1	1P	0		0		1
41600	kag	kag	genuineroot	1	1P	0		0		1
41602	kaṅk	kaNk	genuineroot	1	1Ā	0		0		1
41710	kac	kac	genuineroot	1	1P,1Ā	0		5		1
41817	kaj	kaj	genuineroot	1	1P	0		0		1
41835	kañc	kaYc	genuineroot	1	1Ā	0		1		1
41893	kaṭ	kaw	genuineroot	1	1P	0		3		1
41894	kaṭ	kaw	genuineroot	1	1P	0		3		1
42169	kaṭṭ	kaww	genuineroot	1	10P	0		0		
42177	kaṭh	kaW	genuineroot	1	1P	0		1		1
42258	kaḍ	kaq	genuineroot	1	1P,6P	0		2		1
42287	kaḍḍ	kaqq	genuineroot	1	1P	0		0		1
42288	kaṇ	kaR	genuineroot	1	1P,10P	0		2		1
42355	kaṇṭ	kaRw	genuineroot	1	1P	0		0		
42456	kaṇṭh	kaRW	genuineroot	1	1P,1Ā,10P	0		0		1
42560	kaṇḍ	kaRq	genuineroot	1	1P,1Ā,10P	0		0		
42681	katth	katT	genuineroot	1	1Ā	28	2414	3	katT,16	1
42690	katr	katr	genuineroot	1	10P	0		0		1
42692	kath	kaT	genuineroot	1	10P,10Ā	57	1715	3		
42779	kad	kad	genuineroot	1	1Ā	0		4	kad,16	1
42917	kan	kan	genuineroot	1	1P,1Ā	56	1731	3		1
43192	kand	kand	genuineroot	1	1P,1Ā	0		0		1
43323	kap	kap	root	0		0		1		1
43736	kab	kab	genuineroot	1	1Ā	0		0		1
43768	kam	kam	genuineroot	1	1Ā,1P	82	1384	6	kam,17	1
43913	kamp	kamp	genuineroot	1	1Ā,1P	237	661	3	kamp,17	1
43959	kamb	kamb	genuineroot	1	1P	0		1		
44620	kark	kark	root	0		0		1		
44777	karj	karj	genuineroot	1	1P	0		0		1
44778	karṇ	karR	genuineroot	1	10P	0		4		1
45074	kart	kart	root	0	0	0		2		
45145	kartr	kartr	root	0	10P	0		0		1
45146	kard	kard	root	0	1P	0		1		1
45237	karb	karb	root	0	1P	0		0		1
45522	karv	karv	root	0	1P	0		0		1
45579	kal	kal	root	0	1Ā	1	8719	5		1
45580	kal	kal	genuineroot	1	10P,10Ā	1	8719	5	kal,17	
45581	kal	kal	genuineroot	1	0P,0Ā	1	8719	5		
46383	kall	kall	root	0	1Ā	0		1		1
46409	kav	kav	root	0	1Ā,10P,10Ā	0		2		
46631	kaś	kaS	root	0	1P	0		4		1
46728	kaṣ	kaz	genuineroot	1	1P,1Ā	10	3664	4	kaz,17	1
46861	kas	kas	genuineroot	1	1P	0		4	kas,18	1
46909	kā	kA	root	0	0	0		2	kan,17	
46911	kāṃs	kAMs	root	0	1Ā	0		0		1
47271	kāṅkṣ	kANkz	genuineroot	1	1P,1Ā	202	757	3	kANkz,18	1
47345	kāñc	kAYc	root	0	1Ā	0		0		1
49812	kāś	kAS	genuineroot	1	1Ā,4P,4Ā	45	1943	5	kAS,18	1
50091	kās	kAs	genuineroot	1	1Ā,1P	10	3666	2	kAs,19	
50170	ki	ki	root	0	3P	0		3		
50237	kiṭ	kiw	root	0	1P	0		0		
50271	kit	kit	root	0	3	0		4		
50585	kil	kil	root	0	6P,10P	0		1		1
50650	kiṣk	kizk	root	0	10Ā	0		0		1
50708	kīṭ	kIw	root	0	10P	0		1		1
50788	kīrt	kIrt	genuineroot	1	10P,10Ā	0		1		
50841	kīl	kIl	root	0	1	0		5		1
51269	ku	ku	root	0	0	0		4		
51270	kuṃś	kuMS	root	0	1,10P	0		0		1
51273	kuṃs	kuMs	root	0	0	0		0		
51275	kuk	kuk	root	0	1Ā	0		0		1
51417	kuc	kuc	genuineroot	1	1P,6P	0		5	kuc,19	1
51442	kuj	kuj	root	0	1P,6P	0		1		1
51450	kuñc	kuYc	genuineroot	1	1P	0		3	kuc,19	
51471	kuñj	kuYj	genuineroot	1	1P	0		0	kuYj,19	
51515	kuṭ	kuw	genuineroot	1	6P,4P,10Ā	0		5		1
51676	kuṭṭ	kuww	genuineroot	1	10	4	5240	2	kuww,19	1
51746	kuḍ	kuq	root	0	6P	0		0		1
51782	kuṇ	kuR	root	0	6P,10P	0		5		1
51822	kuṇṭ	kuRw	root	0	0	0		0		
51824	kuṇṭh	kuRW	root	0	1P,10	0		4	kuRW,19	1
51842	kuṇḍ	kuRq	root	0	1P,1Ā,10	0		0		1
51978	kut	kut	root	0		0		0		
52017	kuts	kuts	genuineroot	1	10P,10Ā,1P,4P	0		4		
52041	kuth	kuT	genuineroot	1	4P	0		3	kuT,19	1
52050	kud	kud	root	0	10P	0		0		1
52143	kunth	kunT	root	0	1,9	0		0		1
52180	kundr	kundr	root	0	10P	0		0		1
52181	kup	kup	genuineroot	1	4P,4Ā	521	321	6	kup,20	
52197	kup	kup	root	0	10P	521	321	6		1
52469	kump	kump	root	0		0		0		
52471	kumb	kumb	root	0	6,10P	0		1		
52478	kumbh	kumB	root	0	0	0		4		
52645	kur	kur	root	0	6P	0		1		1
52799	kurd	kurd	root	0	0	0		1		
52809	kul	kul	root	0	1	0		5		1
53294	kuś	kuS	root	0	4P	0		4		1
53477	kuṣ	kuz	genuineroot	1	9P,6	5	4811	4	kuz,20	
53560	kus	kus	root	0	0	0		1		
53700	kuh	kuh	root	0	10Ā	0		2		1
53778	kū	kU	root	0	2P,1Ā,6,9P,9Ā,1P	1	8783	2	kU,20	1
53796	kūj	kUj	genuineroot	1	1P	101	1214	4	kUj,20	
53811	kūṭ	kUw	root	0	10P,10Ā	0		2		1
53916	kūḍ	kUq	root	0	6P	0		1		1
53917	kūḍ	kUq	genuineroot	1	10P	0		1	kUq,20	
53919	kūṇ	kUR	genuineroot	1	1P,1Ā	0		2	kUR,21	1
53936	kūp	kUp	root	0	10P	0		2		1
54039	kūrd	kUrd	genuineroot	1	1P,1Ā	4	5242	2	kUrd,21	1
54091	kūl	kUl	root	0	1P	0		4		1
54148	kṛ	kf	genuineroot	1	2P,2Ā,1P,1Ā,5P,5Ā,8P,8Ā	40799	1	7	kf1,21	
54683	kṛ	kf	genuineroot	1	3P,3Ā	40799	1	7	kf3,22	
54684	kṛ	kf	root	0	0	40799	1	7		
54772	kṛḍ	kfq	root	0	0	0		1		
54777	kṛt	kft	genuineroot	1	6P,6Ā,1P	220	711	7	kft1,22	
54810	kṛt	kft	genuineroot	1	7P	220	711	7	kft2,23	1
54858	kṛp	kfp	genuineroot	1	6Ā,10P	14	3212	3	kfp,23	1
55008	kṛv	kfv	root	0	0	0		0		1
55010	kṛś	kfS	genuineroot	1	4P	8	3989	4	kfS,23	1
55083	kṛṣ	kfz	genuineroot	1	1P,1Ā,6P,6Ā	360	467	4	kfz,23	
55567	kṝ	kF	genuineroot	1	6P,6Ā	0		7	kf2,22	
55568	kṝ	kF	root	0	5,9P,9Ā	0		7		
55569	kṝ	kF	root	0	10Ā	0		7		1
55570	kṝt	kFt	root	0	0	0		2		
55571	kḷp	kxp	root	0	1Ā,1P	0		2	kxp,24	
55760	kep	kep	root	0	1Ā	0		0		1
55793	kel	kel	root	0	1P	0		1		1
55854	kev	kev	root	0	1Ā	0		0		1
56166	kai	kE	root	0	1P	0		2		1
56457	koṭāya	kowAya	root	0	0Ā	0		0		
57601	knaṃs	knaMs	root	0	1,10P	0		0		1
57602	knath	knaT	root	0	1P	0		0		1
57603	knas	knas	root	0	4P	0		2		1
57605	knu	knu	root	0	9P,9Ā	0		0		1
57606	knūy	knUy	root	0	1Ā,1P	0		2	knU,24	1
57613	kmar	kmar	root	0	1P	0		1		1
57618	kraṃś	kraMS	root	0	1P	0		0		
57647	krakṣ	krakz	root	0	0	0		1	krakz,24	
57713	krath	kraT	genuineroot	1	1P	0		1	kraT,24	1
57727	krad	krad	root	0	0	0		1		
57730	krand	krand	genuineroot	1	1P,1Ā	183	824	4	krand,24	
57748	krap	krap	root	0	1Ā	0		1		1
57749	kram	kram	genuineroot	1	1P,1Ā,4P,4Ā	414	412	5	kram,25	
58088	krī	krI	genuineroot	1	9P,9Ā	439	388	7	krI,25	
58135	krīḍ	krIq	genuineroot	1	1P,1Ā	494	340	5	krIq,25	
58218	kruñc	kruYc	root	0	1P	0		0		1
58229	kruḍ	kruq	root	0	6P,10P	0		0	krUq,26	1
58231	krudh	kruD	genuineroot	1	4P,4Ā	1659	83	5	kruD,26	
58295	krunth	krunT	root	0	0	0		0		
58298	kruś	kruS	genuineroot	1	1P,1Ā	238	657	5	kruS,26	
58345	krūḍ	krUq	root	0		0		1		
58417.1	kroñc	kroYc	root	0	0P	0		0		
58538	klath	klaT	genuineroot	1	1P	0		0	klaT,26	1
58540	klad	klad	root	0		0		1		
58542	kland	kland	genuineroot	1	1P,1Ā	0		0	krand,24	1
58543.1	klap	klap	root	0	0	0		0		
58545	klam	klam	genuineroot	1	1,4	90	1303	3	klam,26	
58562	klav	klav	root	0	1Ā	0		1	klav,27	1
58564	klid	klid	genuineroot	1	4Ā,4P	125	1069	5	klid,27	
58598	klind	klind	root	0	1P,1Ā	0		0		1
58603	kliś	kliS	root	0	9P,4P,4Ā	213	730	3	kliS,27	
58650	klīb	klIb	root	0	1Ā,10Ā	0		1		1
58670	klīv	klIv	root	0	0	0		1		
58671	klu	klu	root	0	1Ā	0		0		1
58673	kleś	kleS	root	0	1Ā	0		0		1
58692	kvaṇ	kvaR	genuineroot	1	1P	28	2415	4	kvaR,27	
58702	kvath	kvaT	genuineroot	1	1Ā	91	1293	4	kvaT,27	
58728	kvel	kvel	root	0	0	0		0		
58729	kśā	kSA	root	0	0Ā	0		0		
58737	kṣaj	kzaj	root	0	1Ā,10P	0		0		1
58738	kṣaṇ	kzaR	root	0	0	0		3		
58898	kṣad	kzad	genuineroot	1	1Ā	7	4208	1	kzad,27	
58916	kṣan	kzan	root	0	8P,8Ā	276	589	2	kzan,28	
58968	kṣap	kzap	genuineroot	1	1P,1Ā	16	3044	4	kzap,28	
58981	kṣap	kzap	root	0	10P	16	3044	4		
58983	kṣap	kzap	root	0	0	16	3044	4		
59030	kṣam	kzam	genuineroot	1	1Ā,1P,2P,4P,4Ā	439	389	5	kzam,28	
59133	kṣamp	kzamp	root	0	1,10P	0		0		1
59141	kṣar	kzar	genuineroot	1	1P,1Ā,2P	220	712	7	kzar,28	
59234	kṣal	kzal	genuineroot	1	10P	0		6	kzal,28	
59256	kṣāpaya	kzApaya	root	0	0	0		0		
59266	kṣi	kzi	genuineroot	1	1P	1181	131	7	kzi1,29	
59272	kṣi	kzi	genuineroot	1	2,6P	1181	131	7		
59376	kṣi	kzi	genuineroot	1	1P,5P,9P,9Ā	1181	131	7	kzi2,29	
59488	kṣiṇ	kziR	root	0	8P,8Ā	0		0		1
59502	kṣip	kzip	genuineroot	1	6P,6Ā,4P,4Ā	2461	51	6	kzip,29	
59649	kṣiv	kziv	root	0	1,4P	0		0		1
59650	kṣī	kzI	root	0	0	0		0		1
59651	kṣīj	kzIj	root	0	1P	0		5		1
59654	kṣīb	kzIb	root	0	1P	0		1		1
59840	kṣīv	kzIv	root	0	0	0		1		
59841	kṣu	kzu	genuineroot	1	2P	20	2779	4	kzu,30	
59877	kṣud	kzud	genuineroot	1	1P,1Ā,7P,7Ā	60	1663	4	kzud,30	
60072	kṣudh	kzuD	genuineroot	1	4P	98	1233	4	kzuD,30	
60118	kṣup	kzup	genuineroot	1	6P	0		1	kzup,30	
60128	kṣubh	kzuB	genuineroot	1	1Ā,4P,4Ā,5P,9P,9Ā	236	662	4	kzuB,30	
60155	kṣump	kzump	root	0	1P	0		0		
60157	kṣur	kzur	root	0	6P	0		1		1
60468	kṣev	kzev	root	0	0	0		0		
60470	kṣai	kzE	genuineroot	1	1P	0		6	kzA,29	1
60516	kṣoṭ	kzow	root	0	10P	0		0		1
60596	kṣṇu	kzRu	genuineroot	1	2P	9	3814	4	kzRu,31	1
60625	kṣmāy	kzmAy	root	0	1Ā,1P	0		2		
60629	kṣmīl	kzmIl	root	0	1P	0		0		1
60633	kṣviḍ	kzviq	root	0	1P	17	2980	3	kzviq,31	
60652	kṣviḍ	kzviq	root	0	1Ā,4P	17	2980	3		1
60655	kṣvid	kzvid	root	0	0	17	2980	1		
60659	kṣvel	kzvel	genuineroot	1	1P	0		1	kzvel,31	1
60850	khakkh	KakK	root	0	0	0		0		1
60863	khac	Kac	genuineroot	1	1P,9P,10P	18	2905	1	Kac,31	1
60867	khaj	Kaj	root	0	1P	0		3		1
60884	khañj	KaYj	genuineroot	1	1P	5	4809	1	KaYj,31	
60912	khaṭ	Kaw	root	0	1P	0		1		
60942	khaṭakhaṭāya	KawaKawAya	root	0	0Ā	0		0		
60947	khaṭṭ	Kaww	root	0	10P	0		0		1
60982	khaḍ	Kaq	root	0	10P	0		4		1
61069	khaṇakhaṇāya	KaRaKaRAya	root	0	0Ā	0		0		
61072	khaṇḍ	KaRq	genuineroot	1	1Ā,10P	0		1		1
61228	khad	Kad	root	0	6P	369	459	3	Kad,31	1
61265	khan	Kan	genuineroot	1	1P,1Ā	352	476	5	Kan,32	
61339	khamb	Kamb	root	0	1P	0		0		1
61509	kharj	Karj	genuineroot	1	1P	1	8746	2	Karj,32	1
61544	khard	Kard	root	0	1P	0		0		1
61559	kharb	Karb	root	0	1P	0		0		1
61565	kharv	Karv	root	0	1P	0		1		1
61581	khal	Kal	root	0	1P	0		2		1
61640	khalakhalāya	KalaKalAya	root	0	0Ā	0		0		
61663	khall	Kall	genuineroot	1	1Ā	0		0	Kall,32	
61690	khav	Kav	root	0	9P	0		0		1
61698	khaṣ	Kaz	root	0	1P	0		0		1
61789	khād	KAd	genuineroot	1	1P,1Ā	369	459	4	KAd,32	
61901	khiṭ	Kiw	root	0	1P	0		1		1
61905	khid	Kid	genuineroot	1	6,7Ā,4Ā,4P	141	988	5	Kid,32	
61963	khu	Ku	root	0	1Ā	0		0		1
61966	khuj	Kuj	root	0	1	0		0		
61968	khuḍ	Kuq	root	0		0		0		
61976	khuṇḍ	KuRq	root	0	1Ā,10P	0		0		1
61977	khud	Kud	genuineroot	1	6P	1	8752	1	Kud,33	
61981	khur	Kur	root	0	6P	0		1		1
62011	khurd	Kurd	root	0	1Ā	0		0		1
62018	khūrd	KUrd	root	0	0	0		0		
62022	kheṭ	Kew	root	0	10	0		1		1
62044	kheḍ	Keq	root	0	0	0		0		
62053	khel	Kel	root	0	1P	7	4204	3	Kel,33	
62075	khev	Kev	root	0	0	0		0		1
62077	khai	KE	genuineroot	1	1P	0		2		1
62084	khoṭ	Kow	root	0	1P,10P	0		1		1
62089	khoḍ	Koq	root	0	1P,10P	0		0		1
62093	khor	Kor	root	0	1P	0		0		1
62098	khol	Kol	root	0	0	0		0		1
62110	khyā	KyA	root	0	2P,2Ā	777	215	8	KyA,33	1
62214	gaggh	gagG	root	0	0	0		0		1
62299	gaṅgūya	gaNgUya	root	0	0P	0		0		
62305	gaj	gaj	root	0	1P,10P	0		2		1
62459	gañj	gaYj	root	0	1P	0		0		
62478	gaḍ	gaq	root	0	1P,10P	0		1		1
62523	gaṇ	gaR	genuineroot	1	10P,10Ā	0		6		
62749	gaṇḍ	gaRq	root	0	1P	0		0		1
62868	gad	gad	genuineroot	1	1P,10P	466	366	3	gad,33	1
62957	gadh	gaD	root	0	4	0		1	gaD,34	
62967	gandh	ganD	root	0	10Ā	0		1		1
63409	gam	gam	genuineroot	1	1P,2P,3P,1Ā	18341	5	8	gam,34	
63674	gamb	gamb	root	0	1P	0		0		
63862	garj	garj	genuineroot	1	1P	179	837	6	garj,34	
63914	gard	gard	genuineroot	1	1P,10	1	8645	0	gard,35	
63962	garb	garb	root	0	1P	0		0		1
64168	garv	garv	root	0	1P,10Ā	0		4		
64179	garh	garh	genuineroot	1	1,10P,10Ā	185	816	2	garh,35	
64198	gal	gal	genuineroot	1	1P,1Ā	212	732	6	gal,35	1
64241	gal	gal	root	0	1P	212	732	6		1
64303	galbh	galB	root	0	1Ā	0		2	galB,35	1
64317	galh	galh	root	0	0	0		0		
64327	gaveṣ	gavez	root	0	1Ā,10	0		4		
64460	gah	gah	root	0	10P	0		2		
64493	gā	gA	genuineroot	1	3P,3Ā,2P,2Ā	1911	74	3	gA1,35	1
64759	gādh	gAD	root	0	1Ā	0		0		1
65006	gāloḍaya	gAloqaya	root	0	0P,0Ā	0		0		
65024	gāh	gAh	genuineroot	1	1Ā,1P	69	1541	4	gAh,36	
65339	gu	gu	root	0	1Ā	0		3		
65341	gu	gu	genuineroot	1	1Ā,1P	0		3	gu,36	1
65342	gu	gu	root	0	6P	0		3		1
65390	guj	guj	root	0	1,6P	0		0		1
65392	guñj	guYj	genuineroot	1	1P	13	3300	3	guYj,36	
65422	guḍ	guq	root	0	6P	0		3		1
65822	guṇṭh	guRW	root	0	10P	1	8660	3	guRW,37	1
65827	guṇḍ	guRq	root	0	10	0		1		1
65859	gud	gud	root	0	1Ā	0		2		1
65883	gudh	guD	genuineroot	1	4P,9P,1Ā	0		1		1
65888	gundr	gundr	root	0	0	0		0		
65898	gup	gup	root	0	4P,4Ā	563	290	6		1
65899	gup	gup	root	0	0Ā,0P	563	290	6	gup,37	
65959	guph	guP	root	0	6	0		1	guP,37	1
65966	gumph	gumP	genuineroot	1	6P	0		1	guP,37	
65978	gur	gur	root	0	6,4	22	2675	5	gur,37	1
66184	gurd	gurd	root	0	1,10	0		0		1
66185	gurv	gurv	root	0	1P	0		0		1
66258	guh	guh	genuineroot	1	1P,1Ā	468	364	5	guh,38	
66386	gū	gU	root	0	0	0		0		
66396	gūr	gUr	root	0	0	0		0		
66402	gūrd	gUrd	root	0	1P	0		0	gUrd,38	
66407	gūrdh	gUrD	genuineroot	1	10P	0		0	gUrD,38	
66412	gṛ	gf	root	0	1P	399	431	2		1
66413	gṛj	gfj	root	0	1	0		0		
66434	gṛdh	gfD	genuineroot	1	4P,4Ā	61	1646	1	gfD,39	1
66808	gṝ	gF	genuineroot	1	9P,9Ā	0		6	gf1,38	
66809	gṝ	gF	genuineroot	1	6P,6Ā	0		6	gf2,38	
66810	gṝ	gF	root	0	10Ā	0		6		1
66817	gep	gep	root	0	1Ā	0		0		1
66820	gev	gev	root	0	1Ā	0		0		1
66821	geṣ	gez	root	0	1Ā	0		0		1
66852	gai	gE	genuineroot	1	1P,1Ā,2,3P	0		6	gA2,35	1
67683	goṣṭa	gozwa	root	0		0		1		
68425	gdha	gDa	root	0	0Ā	0		0		
68437	grath	graT	genuineroot	1	9P,1P,1Ā	0		2	graT,39	
68541	grath	graT	root	0	1Ā	0		2		1
68545	grabh	graB	root	0		0		2		
68546	gras	gras	genuineroot	1	1P,1Ā	519	323	4	gras,40	1
68591	grah	grah	genuineroot	1	9P,9Ā	0		8	graB,40	
69112	gruc	gruc	root	0	1P	0		0		1
69136	glap	glap	root	0	0	0		0		
69143	glas	glas	root	0	1Ā	0		1		1
69145	glah	glah	genuineroot	1	1Ā,1P	9	3807	1	glah,41	1
69159	gluc	gluc	root	0	1P	0		1		
69163	gluñc	gluYc	root	0	1P	0		0		1
69165	glep	glep	root	0	1Ā	0		0		
69168	glev	glev	root	0	1Ā	0		0		
69169	gleṣ	glez	root	0	1Ā	0		0		
69170	glai	glE	genuineroot	1	1P,1Ā,2P,2Ā	0		6	glA,41	
69215	ghaṃṣ	GaMz	root	0	1Ā	0		0		1
69216	ghaṃs	GaMs	root	0	0	0		0		
69217	ghaggh	GagG	root	0	1P	0		0		
69218	ghagh	GaG	root	0	1P	0		0		
69219	ghaṭ	Gaw	genuineroot	1	1Ā,1P	119	1101	3	Gaw,41	1
69346	ghaṭṭ	Gaww	genuineroot	1	1Ā,10P	2	6751	4	Gaww,41	
69362	ghaṇ	GaR	root	0	8P,8Ā	0		0		
69363	ghaṇṭ	GaRw	root	0	1,10P	0		0		1
69591	ghamb	Gamb	root	0	1Ā	0		0		1
69592	ghar	Gar	root	0	10P	0		2		
69628	gharb	Garb	root	0	1P	0		0		1
69692	ghas	Gas	genuineroot	1	1	73	1485	4	Gas,42	1
69778	ghiṇṇ	GiRR	root	0	1Ā	0		0		1
69779	ghu	Gu	root	0	1Ā	0		0		
69785	ghuṭ	Guw	root	0	6P,1Ā	0		1	Guw,42	1
69796	ghuḍ	Guq	root	0	6P	0		0		1
69797	ghuṇ	GuR	root	0	6P,1Ā	0		3		
69812	ghuṇṇ	GuRR	root	0	1Ā	0		0		1
69819	ghur	Gur	root	0	6P,6Ā	0		0		
69841	ghuṣ	Guz	genuineroot	1	1P,1Ā	30	2339	5	Guz,42	
69916	ghuṣ	Guz	root	0	1P	30	2339	5		
69924	ghūr	GUr	root	0	4Ā	0		0		
69925	ghūrṇ	GUrR	genuineroot	1	1P,1Ā	53	1778	4	GUrR,42	
69935	ghṛ	Gf	genuineroot	1	3P,1,10P	25	2547	6	Gf,43	1
70066	ghṛ	Gf	root	0	3P,5,8P,8Ā	25	2547	6		1
70070	ghṛṇ	GfR	root	0	0	0		1		
70104	ghṛṇṇ	GfRR	root	0	1Ā	0		0		1
70114	ghṛṣ	Gfz	genuineroot	1	1P,1Ā	156	910	3	Gfz,43	
70217	ghol	Gol	root	0	10P	0		0		
70246	ghrā	GrA	genuineroot	1	1,3P,3Ā,2P	130	1040	8	GrA,43	
70280	ṅu	Nu	root	0	1Ā	0		0		1
70295	cak	cak	root	0	1P,1Ā	48	1876	3	cak,43	1
70306	cakās	cakAs	root	0	2P,1Ā	20	2775	1	cakAs,43	
70322	cakk	cakk	root	0	10P	0		0		1
70640	cakṣ	cakz	root	0	2Ā,2P	103	1196	4	cakz,44	
70734	cagh	caG	root	0	5	0		0		1
70764	cañc	caYc	genuineroot	1	1P	23	2620	1	caYc,44	
70830	caṭ	caw	genuineroot	1	1P	2	6701	2	caw,44	1
70856	caṭacaṭa	cawacawa	root	0	0P	0		0		
70859	caṭacaṭāya	cawacawAya	root	0		0		0		
70883	caṇ	caR	root	0	1P	0		1		1
70904	caṇḍ	caRq	root	0	1,10Ā	0		0		1
71064	cat	cat	root	0	1P,1Ā	11	3524	3	cat,44	1
71509	cad	cad	root	0	1	0		0		1
71514	can	can	root	0	1	2	6696	1		1
71515	can	can	genuineroot	1		2	6696	1	can,44	
71529	cand	cand	root	0	1	1	8556	1	Scand,177	1
71989	candrikāya	candrikAya	root	0	0Ā	0		0		
71998	cap	cap	root	0	1,10	0		0		1
72049	cam	cam	root	0	1,5	0		4	cam,44	1
72122	camp	camp	root	0	10	0		0		1
72168	camb	camb	root	0	1	0		0		
72171	cay	cay	root	0	1	0		2		1
72173	car	car	genuineroot	1	1Ā,1P	4027	30	8	car,45	1
72400	cargh	carG	root	0	1	0		0		
72401	carc	carc	genuineroot	1	1,10Ā	0		4	carc,45	1
72442	carb	carb	root	0	1	0		0		1
72562	carv	carv	genuineroot	1	10,1	151	931	4	carv,45	1
72587	cal	cal	genuineroot	1	1Ā	491	341	6	cal,45	1
72689	caṣ	caz	root	0	1P,1Ā	0		0		1
72700	cah	cah	root	0	1,10	0		0		
73035	cāy	cAy	root	0	1Ā	30	2338	5	cAy,46	
73297	ci	ci	genuineroot	1	5Ā,5P	763	221	6	ci1,46	1
73362	ci	ci	genuineroot	1	3Ā,5Ā	763	221	6	ci1,46;ci2,46	1
73366	ci	ci	root	0	1	763	221	6		
73413	cikk	cikk	root	0	10P	0		0		
73469	ciṭ	ciw	root	0	1P	0		0		1
73474	cit	cit	genuineroot	1	1,2Ā,3Ā,3P	266	608	6	cit,47	1
74105	cint	cint	root	0	10,1	0		4	cint,47	1
74204	cimicimāya	cimicimAya	root	0		0		0		
74340	ciri	ciri	root	0	5	0		1		1
74354	cil	cil	root	0	6	0		0		1
74368	cill	cill	root	0	1	0		0		
74413	cīk	cIk	root	0	1,10	0		0		
74453	cībh	cIB	root	0	0	0		0		
74454	cīy	cIy	root	0	0	0		0		
74506	cīv	cIv	root	0	1,10	0		0		1
74519	cukk	cukk	root	0	10	0		1		
74547	cucy	cucy	root	0	0	0		0		
74558	cuṭ	cuw	root	0	6,10,1	0		0		
74559	cuṭṭ	cuww	root	0	10	0		0		
74560	cuḍ	cuq	root	0	6	0		0		
74561	cuḍḍ	cuqq	root	0	1	0		0		
74562	cuṇ	cuR	root	0	6	0		0		
74567	cuṇṭh	cuRW	root	0	10	0		0		
74571	cut	cut	root	0	0	0		0		1
74573	cud	cud	root	0	1Ā	31	2303	5	cud,48	
74611	cund	cund	root	0		0		0		
74614	cup	cup	root	0	1	4	5217	3	cup,48	
74616	cup	cup	root	0	6	4	5217	3		
74626	cumb	cumb	root	0	10	71	1510	3		
74627	cumb	cumb	genuineroot	1	1Ā	71	1510	3	cumb,48	1
74646	cur	cur	root	0	10,1	0		2	cur,48	
74681	cul	cul	root	0	10	0		2		1
74694	culump	culump	root	0	1	0		3	culump,48	
74699	cull	cull	root	0	0	0		0		1
74789	cūṇ	cUR	root	0	10	0		0		1
74798	cūr	cUr	root	0	4,10	0		0		1
74801	cūrṇ	cUrR	genuineroot	1	10	0		4		
74874	cūṣ	cUz	genuineroot	1	1	22	2670	4	cUz,48	1
74888	cṛt	cft	root	0	6,1,10	25	2546	2	cft,48	1
74889	cṛp	cfp	root	0	1,10	0		0		
74944	cel	cel	root	0	1	0		1		1
74969	cell	cell	root	0	0	0		0		
74971	ceṣṭ	cezw	root	0	1	200	766	7	cezw,49	
75257	cyu	cyu	root	0	10	715	230	8		1
75258	cyu	cyu	root	0	1P,1Ā	715	230	8	cyu,49	
75341	cyut	cyut	root	0	1	8	3976	1	cyut,49	
75346	cyus	cyus	root	0	10	0		0		1
75390	chad	Cad	genuineroot	1	1,10Ā	270	599	4		1
75556	chad	Cad	genuineroot	1	10,1Ā	270	599	4	Cand,50	
75683	chad	Cad	root	0	1	270	599	4		
75687	chand	Cand	root	0		22	2669	3		
75688	chand	Cand	root	0		22	2669	3		
75694	cham	Cam	root	0	1	0		0		
75700	champ	Camp	root	0	10	0		0		
75712	chal	Cal	genuineroot	1	10P	0		2		
75749	chaṣ	Caz	root	0	1P,1Ā	0		0		
75907	chid	Cid	genuineroot	1	7,9Ā	2139	64	8	Cid,50	
76066	chuṭ	Cuw	root	0	6,10	0		0		
76073	chuḍ	Cuq	root	0	6	0		1		
76078	chup	Cup	root	0	6	0		4		1
76084	chur	Cur	root	0	6	0		3	Cur,51	1
76102	chṛd	Cfd	genuineroot	1	7P,7Ā,1Ā	15	3109	1	Cfd,51	1
76123	chṛp	Cfp	root	0	1,10	0		0		
76143	cho	Co	root	0	4	0		4	CA,50	
76153	chyu	Cyu	root	0	1Ā	0		0		1
76176	jaṃs	jaMs	root	0	1,10	0		0		1
76177	jaṃh	jaMh	root	0	0	0		2		
76186	jakṣ	jakz	root	0	0	114	1138	3	jakz2,51	
76187	jakṣ	jakz	genuineroot	1	2Ā	114	1138	3	jakz1,51	
76462	jaṅkṣ	jaNkz	root	0	1P	0		0		
76500	jaj	jaj	root	0	1P	0		1		1
76514	jañj	jaYj	root	0	1P	0		0	jaYj,51	1
76518	jaṭ	jaw	root	0	1P	0		0		1
76735	jan	jan	genuineroot	1	1,10Ā,10P,3Ā,10,4,2Ā,1Ā	9247	13	8	jan,52	1
77153	jap	jap	genuineroot	1	1Ā	1702	81	5	jap,52	
77183	jabh	jaB	root	0	1	0		3	jamB,53	1
77248	jabh	jaB	root	0	1Ā	0		3		1
77252	jam	jam	root	0	1	0		2	jam,52	1
77741	jarc	jarc	root	0	1	0		0		1
77742	jarch	jarC	root	0	1	0		0		
77743	jarj	jarj	root	0	1	0		0		
77746	jarjh	jarJ	root	0	1	0		0		
77754	jarts	jarts	root	0	1	0		0		1
77760	jal	jal	root	0	1,10	0		1		1
78292	jalp	jalp	root	0	1Ā	126	1068	4	jalp,53	
78360	jaṣ	jaz	root	0	1P,1Ā	0		0		
78362	jas	jas	root	0	1Ā,1P,4P	9	3809	2	jas,53	1
78427	jāgṛ	jAgf	genuineroot	1	2,1Ā	0		6	gf3,39	
79180	ji	ji	genuineroot	1	1Ā,9Ā	4082	29	8	ji1,53	
79399	jinv	jinv	genuineroot	1	1P,1Ā	0		2	ji2,54	
79401	jim	jim	root	0	1	0		3		
79408	jiri	jiri	root	0	5P	0		1		1
79415	jiṣ	jiz	root	0	1	0		0		
79622	jīv	jIv	genuineroot	1	1Ā	2222	61	8	jIv,54	
79968	ju	ju	root	0	0	0		7		
79988	juṅg	juNg	root	0	1	0		0		1
79993	juñc	juYc	root	0	1,10P	0		0		
79994	juṭ	juw	root	0	6	0		0		
79997	juḍ	juq	root	0	6,10	0		0		1
79999	jut	jut	root	0	1	0		0		1
80000	jun	jun	root	0	6	0		0		
80005	jur	jur	genuineroot	1	4,6P,6Ā	0		2	jf1,55	1
80015	jul	jul	root	0	10	0		0		
80017	juṣ	juz	genuineroot	1	6Ā,6P,3P,1P,1Ā	1226	123	5	juz,54	1
80068	jū	jU	root	0	1Ā,9P,1P	88	1322	2	jU,55	1
80097	jūr	jUr	root	0	4Ā	0		0		
80098	jūr	jUr	root	0	4Ā	0		0		
80115	jūrv	jUrv	root	0	1P	2	6767	1	jUrv,55	
80116	jūṣ	jUz	root	0	1P	0		1		
80119	jṛ	jf	root	0	1P	1414	107	2	jf1,55	
80120	jṛ	jf	genuineroot	1	1Ā	1414	107	2		
80122	jṛmbh	jfmB	root	0	1Ā,1P	88	1323	4	jfmB,56	
80153	jṝ	jF	genuineroot	1	1P,4P,4Ā,1Ā,9,10Ā	0		6		1
80154	jṝ	jF	root	0	1Ā	0		6	jf2,55	
80184	jeṣ	jez	root	0	1Ā	0		0		
80186	jeh	jeh	root	0	1Ā	5	4803	1	jeh,56	
80188	jai	jE	root	0	1	0		0		1
80318	jñā	jYA	genuineroot	1	9P,9Ā,3Ā,3P	5041	22	7	jYA1,56	
80523	jyā	jyA	genuineroot	1	9P,4Ā	93	1273	2	jyA,56	1
80661	jyu	jyu	root	0	1Ā	0		0		
80662	jyut	jyut	root	0	1Ā,1P	1	8708	2	jyut,57	1
80838	jyo	jyo	root	0	1Ā	0		0		1
80851	jri	jri	root	0	1P	1	8704	3	jri,57	1
80856	jri	jri	root	0	1,9,10	1	8704	3		
80857	jvar	jvar	genuineroot	1	1	8	3987	7	jvar,57	
80890	jval	jval	genuineroot	1	1P,1Ā	827	200	3	jval,57	
80979	jhaṭ	Jaw	root	0	1	0		0	Jaw,57	1
80982	jhaṇ	JaR	root	0	1	0		0	JaR,58	
80998	jham	Jam	root	0	1P	0		1		
81017	jharc	Jarc	root	0	1	0		0		1
81017.1	jharch	JarC	root	0	1	0		0		
81017.2	jharjh	JarJ	root	0	1	0		0		
81059	jhaṣ	Jaz	root	0	1Ā	0		1		1
81139	jhu	Ju	root	0	1Ā	0		0		
81146	jhūṣ	JUz	root	0	1P	0		0		
81147	jhṝ	JF	root	0	4,9	0		1		
81151	jhyu	Jyu	root	0	1Ā	0		0		
81181	ṭaṅk	waNk	root	0	10	1	11096	1	waNk,58	
81222	ṭal	wal	root	0	1P	0		2	wal,58	1
81238	ṭik	wik	root	0	1Ā	0		0		
81258	ṭip	wip	root	0	10P	0		1		
81264	ṭīk	wIk	root	0	1Ā,1P	0		1	wIk,58	
81299	ṭauk	wOk	root	0	1Ā	0		0		
81301	ṭval	wval	root	0	1P	0		2		1
81339	ḍap	qap	root	0	10Ā	0		0		1
81340	ḍam	qam	root	0	1P	0		0	qam,58	
81347	ḍamp	qamp	root	0	10Ā	0		0		
81348	ḍamb	qamb	root	0	10	0		2	qamb,58	1
81357	ḍambh	qamB	root	0	10Ā	0		0		
81417	ḍip	qip	root	0	10Ā,4,6,10P	0		0		1
81418	ḍim	qim	root	0		0		0		
81421	ḍimp	qimp	root	0		0		0		
81421.1	ḍimb	qimb	root	0		0		0		
81428	ḍimbh	qimB	root	0	0	0		0		
81442	ḍī	qI	genuineroot	1	1,4Ā	0		4	qI,58	
81478	ḍval	qval	root	0		0		0		
81504	ḍhuṇḍh	QuRQ	root	0		0		1		
81523	ḍhauk	QOk	genuineroot	1	1Ā	10	3763	3	QOk,59	
81566	taṃs	taMs	root	0	1P,1Ā,10	5	4980	2	taMs,59	1
81570	tak	tak	root	0	2,1	7	4324	2	tak,59	1
81602	takṣ	takz	genuineroot	1	1P,1Ā,2,5Ā	161	897	6	takz,59	1
81649	taṅk	taNk	root	0	1P	0		3		
81651	taṅg	taNg	root	0	1P	0		0		1
81659	tañc	taYc	root	0	1	3	6148	3		
81660	tañc	taYc	root	0	7	3	6148	3	taYc,60	
81661	tañj	taYj	root	0	0	0		0		
81663	taṭ	taw	root	0	1P	1	10261	1	taw,60	1
81685	taḍ	taq	genuineroot	1	10	1	10259	6	taq,60	1
81720	taṇḍ	taRq	root	0	1Ā	0		0		1
82219	tan	tan	root	0	1,10	716	229	7		
82220	tan	tan	genuineroot	1	4	716	229	7	tan2,61	
82226	tan	tan	genuineroot	1	8P,8Ā	716	229	7	tan1,60	
82581	tand	tand	root	0	1Ā	3	6146	0	tand,61	
82582	tandr	tandr	root	0	1P	0		1		
82606	tap	tap	root	0	4Ā	2065	66	6		1
82608	tap	tap	genuineroot	1	1Ā,4,4Ā,4P	2065	66	6	tap,61	
82867	tam	tam	genuineroot	1	4Ā	99	1230	7	tam,61	1
83014	tamb	tamb	root	0	1	0		0		
83018	tay	tay	root	0	1	0		0		1
83185	taruṣ	taruz	root	0		0		0		
83341	tark	tark	genuineroot	1	10	0		7	tark,61	
83427	tarj	tarj	genuineroot	1	1Ā	9	3885	6	tarj,62	
83448	tard	tard	root	0	1P	0		2		1
83479	tarb	tarb	root	0	1P	0		0		
83502	tal	tal	root	0	1,10	0		1		1
83653	tas	tas	root	0	4	0		0		1
84221	tāy	tAy	root	0	1	0		3	tAy,62	1
84740	tik	tik	root	0	1,5	0		3		1
84747	tig	tig	root	0	5	0		1		
84749	tigh	tiG	root	0	5	0		0		1
84753	tij	tij	genuineroot	1	1P	6	4622	6	tij,62	1
84971	tip	tip	root	0	1P	0		0		1
84973	tim	tim	root	0	4P	7	4326	2	tim,62	
85213	til	til	root	0	1	0		3		
85214	til	til	root	0	6,10	0		3		
85350	till	till	root	0	1P	0		0		1
85391	tīk	tIk	root	0	1Ā	0		0		1
85527	tīm	tIm	root	0	4	0		1		
85649	tīv	tIv	root	0	1	0		1		
85700	tīvraya	tIvraya	root	0		0		0		
85705	tu	tu	root	0	2	5	4985	3	tu,63	
85813	tuj	tuj	genuineroot	1	6Ā,6P,1	35	2203	1	tuj,63	1
85823	tuṭ	tuw	root	0	6	0		1		
85827	tuḍ	tuq	root	0	1,6	0		3		
85830	tuḍḍ	tuqq	root	0	1P	0		0		
85831	tuṇ	tuR	root	0	6P	0		0		
85833	tuṇḍ	tuRq	root	0	1Ā	0		1		
85879	tud	tud	genuineroot	1	6P	99	1231	6	tud,63	
85892	tund	tund	root	0	1	0		0		1
85921	tup	tup	root	0	1,6	0		1		
85921.1	tuph	tuP	root	0	1,6	0		0		
85936	tubh	tuB	root	0	1,4,9	0		0		
85943	tump	tump	root	0	1,6	0		1		1
85943.1	tumph	tumP	root	0	1,6	0		0		
85944	tumb	tumb	root	0	1,10	0		0		
85972	tur	tur	root	0	6Ā,4Ā,3	16	3070	1		
86098	turv	turv	root	0	1P	9	3887	3	turv,64	
86105	tul	tul	genuineroot	1	10Ā	0		5	tul,64	
86263	tuś	tuS	root	0	1	12	3465	3	tuS,64	
86264	tuś	tuS	root	0	1	12	3465	3		
86265	tuṣ	tuz	genuineroot	1	4	840	196	6	tuz,64	
86323	tus	tus	root	0	1	0		0		
86325	tuh	tuh	root	0	1	0		0		
86357	tūḍ	tUq	root	0	1	0		0		1
86358	tūṇ	tUR	root	0	10	0		2		
86445	tūl	tUl	root	0	1,10	0		1		
86494	tūṣ	tUz	root	0	1	0		0		
86525	tṛkṣ	tfkz	root	0	1	0		1		
86537	tṛṇ	tfR	root	0	8	0		3		
86720	tṛd	tfd	root	0	7Ā	39	2103	1	tfd,65	
86723	tṛp	tfp	genuineroot	1	4,5,6Ā,6P,1Ā	696	235	3	tfp,65	
86765	tṛph	tfP	root	0	6	0		0		
86769	tṛmp	tfmp	root	0	6	0		0		
86772	tṛmph	tfmP	root	0	6	0		0		
86774	tṛṣ	tfz	genuineroot	1	4Ā	55	1752	5	tfz,66	
86816	tṛh	tfh	root	0	7,6	19	2878	0	tfh,66	
86817	tṝ	tF	genuineroot	1	1P,1Ā,5,3,6P,6Ā	0		6	tf,64	
86820	tej	tej	root	0	0	0		0		1
86949	tep	tep	root	0	1	0		0		1
86954	tev	tev	root	0	1	0		0		
87142	toḍ	toq	root	0	1	0		0		
87337	tyaj	tyaj	genuineroot	1	1P,1Ā	2417	52	4	tyaj,66	
87411	traṃs	traMs	root	0	1,10	0		0		1
87412	trakh	traK	root	0	1	0		0		
87413	traṅk	traNk	root	0	1	0		0		
87413.1	traṅkh	traNK	root	0	1	0		0		
87413.2	traṅg	traNg	root	0	1	0		0		
87421	trand	trand	root	0	1	0		0		
87422	trap	trap	root	0	1	2	7363	7	trap,67	
87509	tras	tras	root	0	10P	267	606	5		
87510	tras	tras	genuineroot	1	1,4Ā	267	606	5	tras,67	
88598	triṅkh	triNK	root	0	1P	0		0		
88608	truṭ	truw	root	0	6,4Ā	28	2435	3	truw,67	1
88626	trup	trup	root	0	1	0		0		
88627	truph	truP	root	0	0	0		0		
88628	trump	trump	root	0	0	0		0		
88629	trumph	trumP	root	0	0	0		0		
88647	trai	trE	root	0	1Ā	0		5	trA,67	
88806	trauk	trOk	root	0	1Ā	0		0		1
88987	tvakṣ	tvakz	root	0	1	0		3	tvakz,68	
88990	tvaṅg	tvaNg	root	0	1	3	6152	0	tvaNg,68	
88991	tvac	tvac	root	0	6	0		2	tvac,68	
89085	tvañc	tvaYc	root	0	1,7	0		0		
89087	tvar	tvar	root	0	1	539	310	4	tvar,68	
89141	tviṣ	tviz	root	0	1Ā,1P	16	3071	5	tviz,68	
89175	tsar	tsar	root	0	1	8	4061	2	tsar,68	
89201	tharv	Tarv	root	0	1P	0		0		
89203	thuḍ	Tuq	root	0	6	0		4		
89208	thurv	Turv	root	0	1P	0		0	Turv,69	1
89230	daṃś	daMS	root	0	1,10P,1P,10Ā	296	557	4		1
89231	daṃś	daMS	root	0	1,6Ā	296	557	4	daMS,69	
89295	daṃs	daMs	root	0	1,10	0		2	daMs,69	
89296	daṃs	daMs	root	0	10,1P,10Ā	0		2		
89310	daṃh	daMh	root	0	10	0		1		
89316	dakṣ	dakz	genuineroot	1	1P,1Ā	8	3977	4	dakz,69	1
89565	dagh	daG	root	0	5,4	18	2901	2	daG,69	1
89568	daṅgh	daNG	root	0	1	0		0		
89874	dad	dad	root	0	1	2	6709	3	dA1,71	
89899	dadh	daD	root	0	1	0		1		1
90012.1	dan	dan	root	0		1	8592	0		
90226	danv	danv	root	0	1P	0		0		1
90227	dabh	daB	root	0	1,5Ā	96	1247	3	daB,70	1
90246	dam	dam	genuineroot	1	4P,9Ā	342	491	6	dam,70	
90315	damadamāya	damadamAya	root	0	0P,0Ā	0		0		
90318	dambh	damB	root	0	0	0		3		
90342	day	day	root	0	1Ā	38	2114	3	day,70	
90700	dal	dal	genuineroot	1	1	27	2451	6	dal,70	
91129	das	das	root	0	1,4Ā	22	2672	2	das,71	
91164	dah	dah	genuineroot	1	1P,1Ā	2275	58	6	dah,71	
91212	dā	dA	genuineroot	1	3Ā,1Ā	12008	7	5	dA1,71;dA2,71	
91425	dā	dA	genuineroot	1	4P	12008	7	5	dA3,71	
91610	dān	dAn	root	0	1P,1Ā,10P,10Ā	0		2		1
91644	dāy	dAy	root	0	1Ā	0		0		1
91851	dāś	dAS	genuineroot	1	1P,1Ā,2,5P	290	565	3	dAS,73	1
91919	dās	dAs	root	0	1P,1Ā,5P	2	6738	3		1
92215	dinv	dinv	root	0	1P	0		0		
92216	dip	dip	root	0	1Ā	0		0		
92218	dimp	dimp	root	0	10Ā	0		0		
92219	dimbh	dimB	root	0	10Ā,10P	0		0		
92228	div	div	root	0	1P,10P,10Ā	110	1152	6	dIv2,75	1
92229	div	div	genuineroot	1	4	110	1152	6	dIv1,75;dIv1,75	
92472	diś	diS	genuineroot	1	3P,6	186	810	9	diS,73	
92642	dih	dih	genuineroot	1	2P,2Ā	185	815	6	dih,73	1
92645	dī	dI	root	0	4P,4Ā	12	3415	4	dI1,74	
92646	dī	dI	root	0	3P,3Ā	12	3415	4	dI2,74	
92658	dī	dI	root	0	4Ā	12	3415	4		1
92691	dīkṣ	dIkz	root	0	1Ā	855	195	6	dIkz,74	1
92748	dīdhī	dIDI	root	0	2Ā,2P	0		1		1
92760	dīdhī	dIDI	root	0	2Ā	0		1	DI,82	
92769	dīp	dIp	genuineroot	1	4Ā	1162	137	5	dIp,74	
93281	du	du	root	0	1P	82	1383	4		1
93282	du	du	root	0	5P,4Ā	82	1383	4	du,75	1
93568	dudh	duD	root	0	1P	8	3980	0	duD,75	
94721	durv	durv	root	0	1P	0		0		1
94723	dul	dul	root	0	10P	0		2	dul,75	
94725	dulayate	dulayate	root	0		0		0		
94747	duṣ	duz	genuineroot	1	4P	829	199	4	duz,76	
94847	duh	duh	root	0	1P	806	203	6		
94848	duh	duh	genuineroot	1	2P,2Ā,6P,6Ā,4Ā	806	203	6	duh,76	
95065	dṛ	df	root	0	6Ā	151	932	4	df2,77	1
95068	dṛṃh	dfMh	genuineroot	1	1P,1Ā,4P,4Ā	0		1	dfh,78	1
95245	dṛp	dfp	root	0	6P	106	1177	6		1
95246	dṛp	dfp	genuineroot	1	4P	106	1177	6	dfp,77	1
95254	dṛbh	dfB	root	0	1,10P	2	6739	2		1
95255	dṛbh	dfB	root	0	6P	2	6739	2	dfB,77	1
95260	dṛmp	dfmp	root	0	0	0		0		
95263	dṛś	dfS	genuineroot	1	0P,0Ā	14866	6	6	dfS,78	
95496	dṝ	dF	genuineroot	1	9P,2P,2Ā	0		5	df1,76	1
95497	de	de	root	0	1Ā	0		0		1
95516	dev	dev	root	0	0	0		3		
96723	dai	dE	root	0	1P	0		2	dA4,72	1
96951	do	do	root	0	2,4P,4Ā	0		3		
97279	dyu	dyu	root	0	2P	0		3	dyu,79	1
97391	dyut	dyut	genuineroot	1	1Ā,1P	75	1455	6	dyut,79	
97514	dyai	dyE	root	0	1P	0		1		1
97543	dram	dram	root	0	1P	0		2	dram,79	1
97755	drā	drA	genuineroot	1	2P,2Ā	21	2729	5	drA1,79	
97774	drākh	drAK	root	0	1P	0		0		1
97775	drāgh	drAG	root	0	1Ā	0		0		1
97785	drāṅkṣ	drANkz	root	0	1P	0		0		1
97787	drāḍ	drAq	root	0	1Ā	0		0	drAq,80	1
97837	drāh	drAh	root	0	1Ā	0		0		1
97845	dru	dru	root	0	5P	1073	156	5		1
97846	dru	dru	genuineroot	1	1P,1Ā	1073	156	5	dru,80	1
97945	druḍ	druq	root	0	1,6P	0		0		1
97946	druṇ	druR	root	0	6P	0		0		1
97950	drumm	drumm	root	0	1P	0		0		
97951	druh	druh	genuineroot	1	4P,4Ā	70	1522	3	druh,80	
97987	drū	drU	root	0	9P,5P	3	5807	0	drU,80	1
97991	drūḍ	drUq	root	0	1	0		0		
97994	drek	drek	root	0	1Ā	0		1		1
98000	drai	drE	root	0	1P,1Ā,2P	0		2	drA2,79	1
98962	dviṣ	dviz	genuineroot	1	2P,2Ā	1343	112	5	dviz,81	
99044	dvṛ	dvf	root	0	1P	0		1		1
99238	dhakk	Dakk	root	0	10P	0		0		1
99252	dhaṇ	DaR	root	0	1P	0		0		1
99256	dhan	Dan	root	0	1P	2	6714	2		
99257	dhan	Dan	genuineroot	1	3P	2	6714	2	Dan,81	1
99639	dhanv	Danv	genuineroot	1	1P,1Ā	47	1897	2	Danv,81	
99700	dham	Dam	genuineroot	1	1P,1Ā	1162	136	3	Dam,81	
100554	dhav	Dav	genuineroot	1	1Ā	3	5803	1	Dav,81	
100607	dhā	DA	genuineroot	1	3P,3Ā,1P,1Ā,2P,4Ā,4P	4694	26	6	DA1,82	
101159	dhāv	DAv	genuineroot	1	1P,1Ā	582	275	5	DAv1,82	
101170	dhāv	DAv	genuineroot	1	1P,1Ā	582	275	5	DAv2,82	
101184	dhi	Di	genuineroot	1	6P	31	2304	5		1
101191	dhi	Di	root	0	5P	31	2304	5	Di,82	
101206	dhikṣ	Dikz	root	0	1Ā	0		0		1
101212	dhiṣ	Diz	genuineroot	1	3P	0		0		1
101254	dhī	DI	genuineroot	1	3Ā	52	1796	2		
101318	dhī	DI	root	0	4Ā	52	1796	2		1
101320	dhīkṣ	DIkz	root	0	1Ā	0		0		
101328.1	dhīr	DIr	root	0		0		1		
101371	dhu	Du	root	0	0	0		1		
101393	dhukṣ	Dukz	root	0	1Ā	0		2	Dukz,83	1
101477	dhurv	Durv	root	0	0	0		1		
101481	dhū	DU	genuineroot	1	5P,5Ā,6P,9P,9Ā,1P,2Ā	245	639	5	DU,84	1
101732	dhūp	DUp	root	0	0	0		3		1
101737	dhūr	DUr	root	0	4Ā	0		0		1
101761	dhūrv	DUrv	root	0	1P	50	1834	1	DUrv,84	1
101799	dhūś	DUS	root	0	10P	0		0		1
101815	dhṛ	Df	genuineroot	1	1P,1Ā	1229	122	3	Df,84	1
101932	dhṛj	Dfj	root	0	1P	0		1		1
101933	dhṛṣ	Dfz	genuineroot	1	5P,1P	133	1017	6	Dfz,85	1
102002	dhṝ	DF	root	0	9P	0		1		1
102003	dhe	De	genuineroot	1	1P	0		1	DA2,82	
102087	dhor	Dor	root	0	1P	0		4		1
102155	dhmā	DmA	root	0	0	0		4		
102170	dhmāṅkṣ	DmANkz	root	0	0	0		0		
102185	dhyai	DyE	genuineroot	1	1P,2	0		6	DyA,85	
102255	dhraj	Draj	root	0	1P,1Ā	8	3979	3	Draj,86	1
102265	dhraṇ	DraR	root	0	1P	0		1		1
102266	dhras	Dras	root	0	9,10P	0		0		
102267	dhrā	DrA	root	0	2,1P	0		0		
102270	dhrākh	DrAK	root	0	0	0		0		1
102271	dhrāgh	DrAG	root	0	0	0		0		1
102272	dhrāṅkṣ	DrANkz	root	0	0	0		0		
102273	dhrāḍ	DrAq	root	0	0	0		0		
102278	dhrij	Drij	root	0	1P	0		0		1
102279	dhru	Dru	root	0	6P,1P	0		2		1
102285	dhruv	Druv	root	0	0	0		0		1
102394	dhrek	Drek	root	0	1Ā	0		0		1
102395	dhrai	DrE	root	0	1P,2	0		2		1
102398	dhvaṃs	DvaMs	genuineroot	1	1P,1Ā	130	1038	5	DvaMs,86	1
102415	dhvaj	Dvaj	root	0	1P	0		1		1
102495	dhvaṇ	DvaR	root	0	1P	0		0		1
102497	dhvan	Dvan	genuineroot	1	1P	32	2271	7	Dvan,86	
102567	dhvāṅkṣ	DvANkz	root	0	1P	0		0		1
102614	dhvṛ	Dvf	genuineroot	1	1P,1Ā	12	3413	1	Dvf,86	1
102616	dhvraṇ	DvraR	root	0	1P	0		0		1
102767	nakk	nakk	root	0	10P	0		0		1
102824	nakṣ	nakz	genuineroot	1	1P,1Ā	57	1716	2	nakz,87	
102937	nakh	naK	root	0	4,1P	0		1		1
103126	naj	naj	root	0	6Ā	0		3		1
103176	naṭ	naw	genuineroot	1	1P	6	4491	4	naw,87	1
103226	naḍ	naq	root	0	10P	0		2		1
103308	nad	nad	genuineroot	1	1P	460	370	4	nad,87	1
103420	nand	nand	genuineroot	1	1P	129	1051	5	nand,87	1
103699	nabh	naB	genuineroot	1	1Ā,1P,4,9P,9Ā	40	2065	2	naB,88	1
103825	nam	nam	genuineroot	1	1P,1Ā	666	248	4	nam,88	1
103916	namb	namb	root	0	1P	0		0		1
103919	nay	nay	root	0	1Ā	0		1		1
104307	nard	nard	genuineroot	1	1P	116	1125	6	nard,88	1
104321	narb	narb	root	0	1P	0		0		1
104379	nal	nal	root	0	1P,10P	0		3		1
104757	naś	naS	genuineroot	1	1P,1Ā	1418	106	5	naS2,89	
104760	naś	naS	genuineroot	1	4P,1P	1418	106	5	naS1,89	1
104828	nas	nas	root	0	1Ā	10	3669	2	nas,89	1
104854	nah	nah	genuineroot	1	4P,4Ā	131	1031	5	nah,89	1
105448	nāth	nAT	genuineroot	1	1Ā	52	1801	3	nAT,89	1
105471	nāthāya	nATAya	root	0		0		0		
105503	nādh	nAD	root	0	1Ā	0		0	nAT,89	1
106223	nās	nAs	root	0	1Ā	0		0		1
106315	niṃs	niMs	root	0	2Ā	7	4231	2	niMs,90	1
107972	nikṣ	nikz	root	0	1P	4	5269	3	nikz,90	1
108251	nij	nij	genuineroot	1	2Ā,3P,3Ā	21	2732	2	nij,90	1
108277	niñj	niYj	root	0	2Ā	0		0		
108451	nid	nid	root	0	0	0		1		
108659	nind	nind	genuineroot	1	1P	649	251	3	nind,90	
108677	ninv	ninv	root	0	1	0		0		1
110161	nil	nil	root	0	6P	0		0		1
110163	nilay	nilay	root	0		0		0		
110458	niś	niS	root	0	1P	0		2		1
110652	niṣ	niz	root	0	1P	0		1		1
110789	niṣk	nizk	root	0	10Ā	0		1		1
111189	nī	nI	genuineroot	1	1P,1Ā	2350	55	4	nI,90	
111425	nīl	nIl	root	0	1P	0		0		1
111741	nīv	nIv	root	0	1P	0		0		
111761	nu	nu	root	0	1Ā	1	9029	4	nu2,91	
111762	nu	nu	genuineroot	1	2,6P,6Ā	1	9029	4	nu1,91	
111771	nuḍ	nuq	root	0	6P	0		0		
111772	nud	nud	genuineroot	1	6P,6Ā	332	503	5	nud,91	1
112031	nṛt	nft	genuineroot	1	4P	353	475	3	nft,92	1
112062	nṝ	nF	root	0	9P	0		1		1
112174	ned	ned	root	0	1P	2	6824	1	ned,92	1
112283	neṣ	nez	root	0	1Ā	0		0		1
113051	paṃś	paMS	root	0	1,10P	0		0		1
113060	pakṣ	pakz	root	0	1,10P	0		4		1
113411	pac	pac	root	0	1P,1Ā	2058	67	7		1
113414	pac	pac	genuineroot	1	1P,1Ā,4Ā	2058	67	7	pac,92	1
113507	paj	paj	genuineroot	1	0Ā	0		1	paj,93	
114263	paṭ	paw	genuineroot	1	1P,10	0		7	paw,93	1
114524	paṭh	paW	genuineroot	1	1P	582	276	5	paW,93	1
114550	paṇ	paR	genuineroot	1	1Ā	36	2166	8	paR,93	1
114650	paṇḍ	paRq	root	0	1Ā,10P,1	0		0		1
114697	pat	pat	root	0	4Ā	3123	38	5	pat2,94	1
114698	pat	pat	genuineroot	1	1P,1Ā	3123	38	5	pat1,94	1
115104	path	paT	root	0	1P	582	276	2	paT,94	1
115169	pad	pad	root	0	1P	134	1015	5		1
115170	pad	pad	genuineroot	1	4Ā	134	1015	5	pad,94	1
115833	pan	pan	genuineroot	1	1Ā	8	4002	2	pan,94	
115861	panth	panT	root	0	1,10P	0		0		1
115889	pamb	pamb	root	0	1P	0		0		1
115890	pay	pay	root	0	1Ā	0		0		1
119471	parṇ	parR	root	0	10P	0		2		
119581	pard	pard	root	0	1Ā	0		1	pard,95	1
119586	parp	parp	root	0	1P	0		2		1
119609	parb	parb	root	0	1P	0		0		1
119923	parv	parv	root	0	1P	0		2		1
120089	parṣ	parz	root	0	1Ā	0		0		1
120103	pal	pal	root	0	1P	0		3		1
120272	pall	pall	root	0	1	0		0		1
120348	pav	pav	root	0	1Ā	0		0		1
120516	paś	paS	genuineroot	1	0P,0Ā	4732	24	3	paS1,95	
120526	paś	paS	root	0	10P	4732	24	3	paS2,95	1
120776	paṣ	paz	root	0	1P,1Ā,10P	0		1		1
120780	pas	pas	root	0	1P,1Ā,10P	0		1		1
120795	pā	pA	genuineroot	1	1P,1Ā,2Ā,2P	5393	21	7	pA1,95	1
120935	pā	pA	genuineroot	1	2P,2Ā	5393	21	7	pA2,96	
120944.1	pā	pA	root	0	3Ā	5393	21	7		
121399	pāṭhāntaraya	pAWAntaraya	root	0	0P	0		0		
122352	pāy	pAy	genuineroot	1	1Ā	0		0	pAy,96	
122473	pāraya	pAraya	root	0	0	0		0		
123134	pāl	pAl	root	0	10P,10Ā	0		6		1
123448	pi	pi	root	0	6P	0		3		1
123451	piṃs	piMs	root	0	1,10	0		0		1
123498	picc	picc	root	0	10P	0		0		1
123508	pich	piC	genuineroot	1	10P,6P	0		0		1
123559	piñj	piYj	genuineroot	1	2Ā,10P	0		0		1
123727	piṭ	piw	root	0	1P	0		1		1
123744	piṭh	piW	root	0	1P	0		0		1
123762	piṇḍ	piRq	root	0	1Ā,10P	0		1		1
124251	pithaya	piTaya	root	0		0		0		
124299	pinv	pinv	root	0	1P,1Ā	182	829	2	pinv,97	1
124399	pibd	pibd	root	0	0Ā	1	9269	1	pibd,97	
124409	pil	pil	root	0	10P	0		0		1
124422	piś	piS	genuineroot	1	6P,6Ā	36	2167	3	piS,97	1
124541	piṣ	piz	genuineroot	1	7P,7Ā	1062	158	5	piz,97	1
124600	pis	pis	root	0	4P,1,10	0		2	pis,98	1
124605	pī	pI	root	0	4Ā	7	4290	2		1
124606	pī	pI	genuineroot	1	1Ā,2Ā,3P,3Ā	7	4290	2	pi,96;pi,96	
124649	pīḍ	pIq	genuineroot	1	10P	2	7155	5	pIq,98	1
124968	pīy	pIy	genuineroot	1	1P	0		2	pIy,98	
124980	pīl	pIl	root	0	1	0		0		1
125013	puṃs	puMs	root	0	10	0		1		1
125170	puch	puC	root	0	1P	0		0		1
125192	puṭ	puw	genuineroot	1	6P,1P,10P	418	409	4	puw,98	1
125246	puṭṭ	puww	root	0	10P	0		1		1
125247	puḍ	puq	root	0	6P,1P	0		0		1
125248	puṇ	puR	root	0	6P,10P	0		2		1
125253	puṇṭ	puRw	root	0	10P	0		0		1
125254	puṇḍ	puRq	root	0	1P	0		0		1
125645	puth	puT	genuineroot	1	4P,4Ā	0		2	puT,98	1
125854	punth	punT	root	0	1P	0		0		1
125867	pur	pur	root	0	6P	0		3		1
126641	purv	purv	root	0	1P,10	0		0		1
126643	pul	pul	root	0	1,6,10P	0		3		1
126759	puṣ	puz	root	0	4P	438	390	3		1
126760	puṣ	puz	genuineroot	1	1P,4P,9P	438	390	3	puz,98	1
127294	pus	pus	root	0	10P	0		0		
127295	pust	pust	root	0	10P	0		1		1
127307	pū	pU	genuineroot	1	9P,9Ā,1Ā,1P	2162	63	6	pU,99	1
127377	pūj	pUj	genuineroot	1	10P,10Ā,1P	0		6	pUj,99	1
127430	pūṇ	pUR	root	0	10P	0		1		1
127469	pūy	pUy	genuineroot	1	1P,1Ā	10	3700	1	pUy,99	1
128270	pūl	pUl	root	0	1,10P	0		0		1
128278	pūṣ	pUz	root	0	1P	0		0		1
128300	pṛ	pf	genuineroot	1	3P,9P	1512	99	2	pf2,100	1
128301	pṛ	pf	root	0	5P,6Ā	1512	99	2	pf3,100	1
128314	pṛc	pfc	genuineroot	1	7P,7Ā,2,1P,3P,3Ā	133	1019	3	pfc,101	1
128327	pṛj	pfj	root	0	2Ā	0		1		1
128328	pṛḍ	pfq	root	0	6P	0		0		1
128329	pṛṇ	pfR	root	0	6P	99	1228	1		
128362	pṛth	pfT	root	0	10P	0		0		1
128755	pṛṣ	pfz	root	0	1P,1Ā	0		1		1
128909	pṝ	pF	genuineroot	1	9P,6P,3P,3Ā	0		7	pf1,100	1
128942	peṇ	peR	root	0	1P	0		0		1
128964	peb	peb	root	0	1Ā	0		0		1
128979	pel	pel	root	0	1,10P	0		0		1
128992	pev	pev	root	0	1Ā	0		0		1
129040	peṣ	pez	root	0	1Ā	0		0		1
129064	pes	pes	root	0	1P	0		0		1
129069	pai	pE	root	0	1P	0		2		1
129115	paiṇ	pER	root	0	1P	0		0		1
129236	poñch	poYC	root	0	1Ā	0		0		
129739	pyāy	pyAy	root	0	0	0		3		
129741	pyuṣ	pyuz	root	0	4,10P	0		0		1
129742	pyus	pyus	root	0	4P	0		0		1
129743	pyai	pyE	genuineroot	1	1Ā	0		1	pyA,101	1
130824	prach	praC	genuineroot	1	6P,6Ā	2851	40	2	praC,102	1
134465	prath	praT	genuineroot	1	1Ā,1P	365	463	4	praT,102	1
134504	prath	praT	root	0	10P	365	463	4		1
137729	pras	pras	root	0	1Ā	0		0		1
138761	prā	prA	genuineroot	1	2P,2Ā	40	2070	3	prA,102	1
140436	prī	prI	genuineroot	1	9P,9Ā,4Ā,4P	1770	80	6	prI,102	1
140856	pru	pru	genuineroot	1	1Ā	0		2	pru,103	1
140858	pruth	pruT	genuineroot	1	1P,1Ā	7	4285	2	pruT,103	
140871	pruṣ	pruz	genuineroot	1	5P,5Ā,10P,10Ā,9P,4P	7	4286	2	pruz,103	1
140876	pruṣṭāyate	pruzwAyate	root	0		0		0		
140881	pruṣ	pruz	root	0	1P	7	4286	2		1
141084	preṣ	prez	root	0	1Ā	0		1		1
141136	praiṇ	prER	root	0	1P	0		0		
141243	proth	proT	root	0	1P,1Ā	0		1		1
141399	plakṣ	plakz	root	0	1P,1Ā	0		2		1
141439	plab	plab	root	0	1Ā	0		0		1
141451	plih	plih	root	0	1Ā	0		0		1
141466	plī	plI	root	0	9P	0		1		
141468	plu	plu	genuineroot	1	1Ā,1P	297	555	7	plu,103	1
141564	pluṣ	pluz	genuineroot	1	1,4P,9P	21	2735	1	pluz,104	1
141577	plus	plus	root	0	4P	0		0		1
141579	plev	plev	root	0	1Ā	0		0		1
141584	psā	psA	genuineroot	1	2P	6	4565	4	psA,104	1
141600	phakk	Pakk	root	0	1P	0		0	Pakk,104	1
141623	phaṇ	PaR	genuineroot	1	1P	0		2	PaR,104	1
141702	phar	Par	root	0	0	0		1	Par,104	
141716	pharv	Parv	root	0	1P	0		0		
141719	phal	Pal	root	0	1P,1Ā	127	1060	4	Pal1,105;Pal2,105	1
142145	phalph	PalP	root	0	0	0		0		
142220	phull	Pull	root	0	1P	0		2		1
142283	phel	Pel	root	0	1P	0		0		1
142296	baṃh	baMh	root	0	1Ā	0		2	baMh,105	1
142418	bad	bad	root	0	1P	0		1		1
142478	badh	baD	root	0	0	0		3		
142512	bandh	banD	genuineroot	1	9P,9Ā,1P,1Ā,4P,4Ā	2654	47	4	banD,105	1
142890	bamb	bamb	root	0	1P	0		0		1
142916	barb	barb	root	0	1P	0		0		1
142966	barh	barh	root	0	1Ā,10P	0		3		1
143060	bal	bal	root	0	0	0		2	bal,106	
143061	bal	bal	root	0	1P,1Ā,10P,10Ā	0		2		1
144233	bāḍ	bAq	root	0	1Ā	0		0		1
144318	bādh	bAD	genuineroot	1	1Ā,1P	456	376	8	bAD,106	1
144887	bāh	bAh	root	0	0	0		0		
145106	biṭ	biw	root	0	1P	0		0		1
145109	biḍ	biq	root	0		0		0		1
145129	bid	bid	root	0	1P	0		2		1
145263	bil	bil	root	0	6,10P	0		4		1
145348	biś	biS	root	0	1P	0		0		1
145353	bis	bis	root	0	4	0		2		1
145517	bībh	bIB	root	0	1Ā	0		0		1
145542	bukk	bukk	root	0	1,10P	0		0		1
145554	buṅg	buNg	root	0	1P	0		0		1
145555	buṭ	buw	root	0	1,10P	0		0		1
145556	buḍ	buq	root	0	6P	0		0		1
145558	bud	bud	root	0	1P,1Ā	0		0		1
145569	budh	buD	genuineroot	1	1P,1Ā,4Ā,4P	1118	145	8	buD,106	1
145971	bund	bund	root	0	1P,1Ā	0		0		1
145974	bundh	bunD	root	0	10P	0		0		1
145995	bul	bul	root	0	10P	0		1	bul,107	1
146004	bus	bus	root	0	4P	0		2		1
146014	bust	bust	root	0	10P	0		0		
146034	bṛh	bfh	genuineroot	1	6P	0		2	vfh,165	1
146037	bṛh	bfh	genuineroot	1	1P	0		2	bfh1,107	1
146435	bṛh	bfh	root	0	1P,1Ā,10P	0		2	vfMh,163	1
146438	bṝ	bF	root	0	0	0		0		
146448	beś	beS	root	0	1P	0		0		1
146528	byus	byus	root	0	0	0		0		
146529	braṇ	braR	root	0	0	0		0		
146545	brahm	brahm	root	0	1P	0		0		
147488.1	bruḍ	bruq	root	0	0	0		0		
147488.2	brūs	brUs	root	0	0	0		0		
147490	brū	brU	genuineroot	1	2P,2Ā	9781	10	2	brU,107	1
147534	bhakṣ	Bakz	genuineroot	1	10P,10Ā,1P,1Ā	162	886	5	Bakz,107	1
147598	bhaj	Baj	genuineroot	1	1P,1Ā	1164	134	6	Baj,108	1
147928	bhañj	BaYj	genuineroot	1	7P,7Ā	754	223	3	BaYj,108	1
148084.1	bhañj	BaYj	root	0	10P	754	223	3		
148086	bhaṭ	Baw	root	0	1P,10P	0		1	Baw,108	1
148185	bhaṇ	BaR	genuineroot	1	1P	73	1483	2	BaR,108	1
148195	bhaṇṭ	BaRw	root	0	10P	0		0		1
148198	bhaṇḍ	BaRq	root	0	1Ā,1,10P	0		0		1
148250	bhan	Ban	root	0	1P	4	5212	0	Ban,109	
148252	bhand	Band	genuineroot	1	1Ā	5	4786	1	Band,109	1
148908	bharts	Barts	genuineroot	1	10Ā,10P,1	6	4467	2	Barts,109	1
148914	bharb	Barb	root	0	1P	0		0		1
148918	bharv	Barv	root	0	1P	3	5786	1	Barv,109	1
148923	bhal	Bal	root	0	1Ā,10Ā	0		3	Bal,109	1
148933	bhall	Ball	root	0	1Ā	0		2		1
149277	bhaṣ	Baz	genuineroot	1	1P,1Ā	11	3522	2	Baz,109	1
149289	bhas	Bas	genuineroot	1	3P	25	2545	3	Bas,109	1
149418	bhā	BA	genuineroot	1	2P	741	227	9	BA,110	1
149869	bhām	BAm	root	0	1Ā,10P	0		2	BAm,110	1
150479	bhāṣ	BAz	genuineroot	1	1Ā,1P	1532	96	6	BAz,110	1
150552	bhās	BAs	genuineroot	1	1Ā,1P	112	1146	7	BAs,110	1
150663	bhikṣ	Bikz	genuineroot	1	1Ā,1P	103	1194	1	Bikz,111	1
150727	bhid	Bid	genuineroot	1	7P,7Ā,1P	2047	68	5	Bid,111	1
150903	bhind	Bind	root	0		0		0		
150910	bhil	Bil	root	0	0	0		0		
150928	bhiṣaj	Bizaj	root	0	0	5	4788	2	Bizaj,111	
150969	bhī	BI	genuineroot	1	3P,3Ā,1Ā,10P,10Ā	1384	110	5	BI,111	1
151217	bhuj	Buj	genuineroot	1	6P	2725	46	5	Buj1,112	1
151348	bhuj	Buj	genuineroot	1	7P,7Ā,6P,6Ā	2725	46	5	Buj2,112	1
151408	bhuñjāpaya	BuYjApaya	root	0	0	0		0		
151430	bhuṇḍ	BuRq	root	0	1Ā	0		0		1
151434	bhur	Bur	genuineroot	1	0P,0Ā	3	5788	2	Bur,113	
151447	bhuraj	Buraj	root	0	0Ā	1	8534	0	Buraj,113	
151456	bhū	BU	genuineroot	1	1P,1Ā	40393	2	9	BU,113	1
152466	bhūṣ	BUz	genuineroot	1	1P,1Ā	48	1875	6	BUz,113	1
152494	bhṛ	Bf	genuineroot	1	1P,1Ā,3P,3Ā,2P,2Ā	1822	77	3	Bf,114	1
152547	bhṛṃś	BfMS	root	0	1,10P	0		0		1
152549	bhṛkṣ	Bfkz	root	0	1P,1Ā	0		0		1
152710	bhṛj	Bfj	root	0	1Ā	0		0		1
152719	bhṛḍ	Bfq	root	0	6P	0		0		1
152731	bhṛś	BfS	root	0	4P,6P	0		2		1
152764	bhṝ	BF	root	0	9P	0		1		1
152928	bheṣ	Bez	root	0	1P,1Ā	0		0		1
153446	bhyas	Byas	root	0	1Ā	1	8535	1	Byas,115	1
153448	bhraṃś	BraMS	genuineroot	1	1Ā,1P,4P,4Ā	340	493	6	BraMS,115	1
153483	bhraṃs	BraMs	root	0	0	0		0		
153485	bhrakṣ	Brakz	root	0	0	0		0		
153489	bhrajj	Brajj	genuineroot	1	6P,6Ā	0		2	Bfjj,114	1
153522	bhraṇ	BraR	root	0	1P	0		1		1
153524	bhram	Bram	genuineroot	1	1P,4P	592	271	5	Bram,115	1
153673	bhraś	BraS	root	0	0	0		0		
153678	bhrāj	BrAj	genuineroot	1	1Ā,1P	219	715	2	BrAj,115	1
153761	bhrāś	BrAS	root	0	1,4Ā	0		0		1
153766	bhrī	BrI	genuineroot	1	9P	1	8533	1	BrI,116	1
153768	bhruḍ	Bruq	root	0	6P	0		0		1
153837	bhrūṇ	BrUR	root	0	10Ā	0		0		1
153855	bhrej	Brej	root	0	1Ā	0		0		1
153856	bhreṣ	Brez	genuineroot	1	1P,1Ā	4	5214	1	Brez,116	1
153862	bhlakṣ	Blakz	root	0	1P,1Ā	0		0		1
153863	bhlāś	BlAS	root	0	1,4Ā	0		0		1
153864	bhlās	BlAs	root	0		0		0		1
153865	bhleṣ	Blez	root	0	0	0		0		1
153892	maṃh	maMh	genuineroot	1	1Ā,10	0		2	maMh,116	1
153911	makamakāya	makamakAya	genuineroot	1	0Ā	0		0		
154009	makk	makk	root	0	1Ā	0		0		1
154014	makṣ	makz	root	0	1P	0		1		1
154031	makh	maK	root	0	1P	0		1		1
154117	maṅk	maNk	root	0	1Ā	0		1		1
154130	maṅkh	maNK	root	0	1P	0		0		1
154139	maṅg	maNg	root	0	1Ā	0		3		1
154336	maṅgh	maNG	root	0	1P,1Ā	0		0		1
154337	mac	mac	root	0	1Ā	0		1		1
154344	maj	maj	root	0	0	0		0		
154347	majj	majj	genuineroot	1	6P	343	488	3	majj,116	1
154395	mañc	maYc	root	0	1Ā	0		1	maYc,117	1
154426	mañj	maYj	root	0	10P	0		0		
154549	maṭamaṭāya	mawamawAya	root	0		0		0		
154558	maṭh	maW	root	0	1P	0		2		1
154588	maṇ	maR	root	0	1P	0		1	maR,117	1
154846	maṇṭ	maRw	root	0	10P	2	6804	0	maRw,117	
154850	maṇṭh	maRW	root	0	1Ā	0		0		1
154854	maṇḍ	maRq	genuineroot	1	1P,1Ā	0		2	maRq,117	1
155187	math	maT	genuineroot	1	1,9P,9Ā	475	357	6	maT,117	1
155288	mad	mad	genuineroot	1	4P,1P,1Ā,3P,3Ā	1085	155	8	mad,118	1
156342	madhvasya	maDvasya	root	0	0P	0		0		
156626	man	man	genuineroot	1	8,4Ā	4697	25	8	man,118	1
157539	mantr	mantr	root	0	10Ā,10P	0		4		1
157544	manth	manT	root	0	0	0		7		
157643	mand	mand	genuineroot	1	1Ā,1P	0		2	mad,118	1
157684	mand	mand	genuineroot	1		0		2		
157964	mabhr	maBr	root	0	1P	0		0		1
157977	mamb	mamb	root	0	1P	0		0		1
157984	may	may	root	0	1Ā	0		0		1
158406	mark	mark	root	0		0		0		
158461	marc	marc	root	0	10P	0		2		1
158462	marj	marj	root	0	1,6P	0		3		
158518	marb	marb	root	0	1P	0		0		1
158616	marv	marv	root	0	1P	0		0		1
158634	mal	mal	root	0	1Ā,10P	0		1		1
158858	mall	mall	root	0	1Ā	0		1		1
159000	mav	mav	root	0	1P	0		2		1
159003	mavy	mavy	root	0	1P	0		0		1
159004	maś	maS	root	0	1P	0		1		1
159030	maṣ	maz	root	0	1P	0		1		1
159058	maṣk	mazk	root	0		0		0		
159060	mas	mas	root	0	4P	0		2		1
159140	mask	mask	root	0	1Ā	0		0		1
159151	mah	mah	genuineroot	1	1,10P,10Ā	60	1664	2	maMh,116	1
161693	mā	mA	genuineroot	1	3P,3Ā	680	242	6	mA3,119	1
161697	mā	mA	genuineroot	1	2P,3Ā,4Ā	680	242	6	mA1,119;mA2,119	1
162008	māṅkṣ	mANkz	root	0	1P	0		0		1
162069	māḍ	mAq	root	0	1P,1Ā	0		0		1
162718	mān	mAn	root	0	1,10P	0		3		1
163014	mānth	mAnT	root	0	1P	0		0		1
163056	māpaya	mApaya	root	0	0	0		0		
163363	mārg	mArg	genuineroot	1	1,10P,10Ā	94	1264	3	mArg,120	1
163473	mārj	mArj	root	0	10P	0		0		1
163970	māh	mAh	root	0	1P,1Ā	0		0		1
164084	mi	mi	genuineroot	1	5P,5Ā	99	1226	3		1
164093	mi	mi	root	0	0	99	1226	3		
164094	mikṣ	mikz	root	0	0,0Ā	25	2551	2	mikz,120	
164101	mich	miC	root	0	6P	0		0		1
164102	miñj	miYj	root	0	10P	0		0		1
164311	mith	miT	genuineroot	1	1P,1Ā	6	4488	3	miT,120	1
164437	mid	mid	root	0	1P,1Ā	0		2		1
164438	mid	mid	genuineroot	1	1Ā,4P,10P	0		2	med,127	1
164441	midh	miD	root	0	1P,1Ā	0		0		1
164446	minv	minv	root	0	0	0		0		1
164465	mil	mil	genuineroot	1	6P,6Ā	346	482	3	mil,121	1
164482	miś	miS	root	0	1P	0		2		1
164487	miśr	miSr	root	0	10P	0		2		1
164547	miṣ	miz	genuineroot	1	6P	83	1370	5	miz,121	1
164551	miṣ	miz	root	0	1P	83	1370	5		1
164568	mis	mis	root	0	4P	0		0		
164575	misr	misr	root	0	0	0		0		
164576	mih	mih	genuineroot	1	1P,1Ā	70	1524	3	mih,121	1
164607	mī	mI	genuineroot	1	9P,9Ā	103	1197	8	mI,121	1
164610	mī	mI	root	0	1,10P	103	1197	8		1
164661	mīm	mIm	root	0	1P	0		0		1
164715	mīl	mIl	genuineroot	1	1P,1Ā	6	4489	4	mIl,122	1
164724	mīv	mIv	genuineroot	1	1P	0		2	mIv,122	
164726	mīv	mIv	root	0	1P	0		2		1
165081	muc	muc	root	0	1Ā	3850	32	5		1
165082	muc	muc	genuineroot	1	6P,6Ā	3850	32	5	muc,122	1
165300	much	muC	root	0	1P	0		0		1
165301	muj	muj	root	0	1P,10P	0		0		1
165302	muñc	muYc	root	0	1P,1Ā	0		0		1
165355	muṭ	muw	root	0	1,6,10P	0		2	muw,123	1
165358	muḍ	muq	root	0	1P	0		0		1
165359	muṇ	muR	root	0	6P	0		0		1
165360	muṇṭ	muRw	root	0	1P	0		0		1
165361	muṇṭh	muRW	root	0	1Ā	0		0		1
165362	muṇḍ	muRq	root	0	1P,1Ā	0		0		1
165449	mud	mud	root	0	10P	612	264	5		1
165450	mud	mud	genuineroot	1	1Ā,1P	612	264	5	mud,123	1
165697	mur	mur	root	0	6P	0		4		1
165763	murch	murC	genuineroot	1	1P	0		1	mUrC,124	1
165852	murv	murv	root	0	1P	0		0		1
165853	mul	mul	root	0	0	0		0		1
165858	muṣ	muz	root	0	1P	162	888	3		
165859	muṣ	muz	genuineroot	1	9,1P,6P	162	888	3	muz,123	1
165966	mus	mus	root	0	4P	0		0		1
165997	must	must	root	0	10P	0		0		1
166006	muh	muh	genuineroot	1	4P,4Ā	1103	150	4	muh,123	1
166164	mū	mU	root	0	1Ā	0		2		1
166323	mūl	mUl	root	0	1P,1Ā	0		3		1
166549	mūṣ	mUz	root	0	1P	0		1		1
166607	mṛ	mf	genuineroot	1	6Ā,6P,1P,1Ā	2615	48	5	mf1,124	1
166787	mṛkṣ	mfkz	root	0	0	1	8873	1		
166791	mṛg	mfg	genuineroot	1	4P,10Ā,10P	0		4		
167114	mṛc	mfc	root	0	10P,4P	1	8870	0	mfc,125	
167120	mṛch	mfC	root	0	6Ā	2	6819	0	mfC,125	
167121	mṛj	mfj	genuineroot	1	2P,2Ā,6P,6Ā,1P,1Ā,10	298	553	3	mfj,125	
167161	mṛḍ	mfq	genuineroot	1	6P,6Ā,9P,10	131	1030	1	mfq,125	1
167184	mṛṇ	mfR	root	0	6P	28	2416	1	mf2,124	1
167219	mṛd	mfd	genuineroot	1	9P,1P,1Ā	692	236	5	mfd,126	
167410	mṛdh	mfD	genuineroot	1	1P,1Ā,6P,6Ā	22	2677	0	mfD,126	1
167423	mṛś	mfS	genuineroot	1	6P,6Ā	33	2247	3	mfS,126	1
167430	mṛṣ	mfz	genuineroot	1	4P,4Ā,1P,1Ā,10	150	937	2	mfz,126	1
167454	mṛṣ	mfz	root	0	1P,1Ā	150	937	2		1
167459	mṝ	mF	root	0	9P	0		2	mf2,124	1
167462	me	me	root	0	1Ā,1P	0		1		1
167749	meṭ	mew	root	0	1P	0		0		1
167756	meḍ	meq	root	0	1P	0		0		1
167781	meth	meT	root	0	0	0		1		
167792	med	med	root	0	0	0		0		
167870	medh	meD	root	0	0	0		1		
167980	mep	mep	root	0	1P	0		0		1
167981	meb	meb	root	0	0	0		0		
168064	mev	mev	root	0	1Ā	0		0		1
168176	maitrāya	mEtrAya	root	0	0P	0		0		
168318	mokṣ	mokz	genuineroot	1	1Ā,10P,10Ā	3	5849	4		1
168870	mnā	mnA	genuineroot	1	1P	2	6810	7	mnA,127	1
168872	myakṣ	myakz	genuineroot	1	1P	13	3306	3	myakz,127	
168873	mrakṣ	mrakz	genuineroot	1	1P,10	0		6	mfkz,124	1
168881	mrad	mrad	genuineroot	1	1Ā	1	8851	2		
168890	mrit	mrit	root	0	4P	1	8853	1	mrit,127	
168891	mruc	mruc	genuineroot	1	1P	3	5850	2		1
168894	mruñc	mruYc	root	0	1P	0		0		1
168895	mreṭ	mrew	root	0	0	0		0		
168896	mreḍ	mreq	root	0	1P	0		1	mreq,128	1
168898	mlakṣ	mlakz	root	0	10P	0		0		1
168901	mluc	mluc	genuineroot	1	1P	0		2	mruc,128	1
168903	mluñc	mluYc	root	0	1P	0		0		1
168904	mlup	mlup	root	0		0		1		
168905	mlech	mleC	genuineroot	1	1P,10P	2	6809	1	mleC,128	1
168936	mleṭ	mlew	root	0	1P	0		0		1
168937	mlev	mlev	root	0	1Ā	0		0		1
168938	mlai	mlE	genuineroot	1	1P	0		3	mlA,128	1
169014	yakṣ	yakz	root	0	1P,1Ā,10Ā	1	10920	3	yakz,128	1
169114	yaj	yaj	genuineroot	1	1P,1Ā	6755	16	6	yaj,129	1
169552	yat	yat	genuineroot	1	1Ā,1P,10Ā,10P	548	298	4	yat,129	1
170247	yantr	yantr	root	0	10P,1P	0		1		1
170253	yabh	yaB	genuineroot	1	1P,1Ā	1	10918	2	yaB,129	1
170258	yam	yam	genuineroot	1	1P,1Ā	1093	153	5	yam,130	1
171002	yas	yas	genuineroot	1	4P	2	7603	4	yas,130	1
171018	yā	yA	genuineroot	1	2P	5649	20	7	yA,131	1
171236	yāc	yAc	genuineroot	1	1P,1Ā	755	222	3	yAc,131	1
171383	yād	yAd	root	0	0Ā	5	5069	1	yAd,131	
171682	yu	yu	genuineroot	1	3P,3Ā	199	771	7	yu2,132	
171694	yu	yu	genuineroot	1	2P,2Ā,6,9	199	771	7	yu1,131	1
171727	yuṅg	yuNg	root	0	1P	0		0		1
171730	yuch	yuC	root	0	1P	0		1		1
171731	yuj	yuj	genuineroot	1	7P,7Ā	5933	19	5	yuj,132	1
172009	yut	yut	root	0	1Ā	0		1		1
172012	yudh	yuD	genuineroot	1	4Ā,4P,1P	1267	118	5	yuD,133	1
172138	yunth	yunT	root	0		0		0		
172139	yup	yup	genuineroot	1	4P	11	3622	2	yup,133	1
172309	yūṣ	yUz	root	0	1P	0		1		1
172319	yeṣ	yez	root	0	1P,1Ā	2	7604	1	yas,130	1
172935	yauṭ	yOw	root	0	1P	0		0		1
172935.1	yauḍ	yOq	root	0		0		0		
173028	raṃh	raMh	genuineroot	1	1P,1Ā,10P	11	3577	0	raMh,133	1
173043	rak	rak	root	0	10P	0		0		1
173050	rakṣ	rakz	genuineroot	1	1P,1Ā	1929	73	5	rakz,134	1
173179	rakh	raK	root	0	1P	0		0		1
173180	rag	rag	root	0	1P,10P	0		0		1
173181	ragh	raG	root	0	0	0		0		
173260	raṅkh	raNK	root	0	1P	0		0		1
173261	raṅg	raNg	root	0	1P	0		1	raNg,134	1
173263	raṅgh	raNG	root	0	1Ā,10	0		0		1
173266	rac	rac	genuineroot	1	10P	1	9715	2	rac,134	1
173342	rañj	raYj	genuineroot	1	1,4P,4Ā	0		5	raj2,134	1
174063	raṭ	raw	genuineroot	1	1P	10	3702	4	raw,135	1
174066	raṭaraṭāya	rawarawAya	root	0	0Ā	0		0		
174071	raṭh	raW	root	0	1P	0		0		1
174075	raṇ	raR	genuineroot	1	1,4P	0		3	ran1,135	
174197	raṇ	raR	genuineroot	1	1P	0		3	ran2,136	1
174208	raṇ	raR	root	0	10P	0		3		1
174222	raṇv	raRv	root	0	1P	7	4291	0	raRv,135	1
174789	rad	rad	genuineroot	1	1P,1Ā	34	2226	3	rad,135	1
174809	radh	raD	genuineroot	1	4P	45	1950	2	raD,135	1
174860	rap	rap	genuineroot	1	1P	11	3576	3	rap,136	1
174863	rapś	rapS	genuineroot	1		5	4910	2	rapS,136	
174867	raph	raP	genuineroot	1	1P	0		0	raP,136	1
174870	rabh	raB	genuineroot	1	1Ā	67	1566	5	raB,136	1
174928	ram	ram	genuineroot	1	1Ā,1P	1553	93	8	ram,137	1
175238	ramph	ramP	root	0	1P	0		0		1
175239	ramb	ramb	root	0	1Ā	0		1	ramb,137	
175240	ramb	ramb	root	0	1Ā,1P	0		1		1
175244	rambh	ramB	root	0	1Ā	0		2	ramB,137	1
175250	ray	ray	root	0	1Ā	0		0		1
175297	rarph	rarP	root	0	1P	0		0		1
175478	ras	ras	genuineroot	1	1P,1Ā	51	1822	4	ras,137	1
175485	ras	ras	genuineroot	1	10P,10Ā	51	1822	4		
175925	rah	rah	genuineroot	1	1P,10P	15	3140	3	rah,138	1
176008	rā	rA	genuineroot	1	2P,2Ā	214	728	7	rA1,138	1
176087	rākh	rAK	root	0	1P	0		0		1
176194	rāgh	rAG	root	0	1Ā	0		0		1
176246	rāj	rAj	genuineroot	1	1P,1Ā	405	428	5	rAj,138	1
177153	rādh	rAD	genuineroot	1	5,4P	240	653	5	rAD,138	1
177749	rāś	rAS	root	0	0	0		0		
177844	rās	rAs	genuineroot	1	1Ā	0		1	rAs1,139	1
177944	ri	ri	root	0	0	60	1665	3		
177953	rikh	riK	genuineroot	1	1P,6P	0		2	riK,139	1
177954	riṅkh	riNK	genuineroot	1	1P	0		1	riNK,139	1
177968	riṅg	riNg	genuineroot	1	1P	0		1	riNK,139	1
177975	ric	ric	genuineroot	1	7P,7Ā,1P,4Ā,10	206	750	4	ric,139	1
178029	rij	rij	root	0	1Ā	0		0		1
178034	riṇv	riRv	root	0	1P	0		0		1
178040	rip	rip	genuineroot	1		3	6039	2	rip,140	
178088	riph	riP	genuineroot	1	6P	1	9726	2	riP,140	1
178103	ribh	riB	genuineroot	1	1P,1Ā	26	2510	2	riB,140	1
178117	rimph	rimP	root	0	6P	0		0		1
178119	rimb	rimb	root	0		0		0		
178131	riś	riS	genuineroot	1	6P	2	7163	2	riS,140	1
178139	riṣ	riz	genuineroot	1	1,4P	257	622	4	riz,140	1
178173	rih	rih	genuineroot	1	6,2P,2Ā	47	1902	2	rih,141	1
178179	rī	rI	genuineroot	1	9P,4P,4Ā	60	1665	3	ri,139	1
178212	rīv	rIv	root	0	1P,1Ā	0		0		1
178213	ru	ru	genuineroot	1	2P	86	1345	6	ru1,141	1
178231	ru	ru	genuineroot	1	1Ā	86	1345	6	ru2,141	1
178234	ruṃś	ruMS	root	0	1,10P	0		0		1
178235	ruṃṣ	ruMz	root	0		0		0		
178244	ruc	ruc	genuineroot	1	1Ā,1P	501	336	5	ruc,141	1
178446	ruj	ruj	genuineroot	1	6P,10	129	1054	4	ruj,142	1
178488	ruṭ	ruw	root	0	1Ā,10P	0		0		1
178489	ruṭh	ruW	genuineroot	1	1P,1Ā	0		0	ruW,142	1
178492	ruṇṭ	ruRw	root	0	1P	0		0		1
178493	ruṇṭh	ruRW	root	0	1P	0		0		1
178494	ruṇḍ	ruRq	root	0	0	0		0		
178506	rud	rud	genuineroot	1	2P	669	247	5	rud,142	1
178751	rudh	ruD	genuineroot	1	1P	892	184	5	ruD1,142	
178755	rudh	ruD	genuineroot	1	7P,7Ā	892	184	5	ruD2,143	1
178856	rup	rup	genuineroot	1	4P	6	4568	1	rup,143	1
178902	ruś	ruS	genuineroot	1	6P	0		0		1
178916	ruṣ	ruz	genuineroot	1	1,4P,4,10	102	1208	2	ruz,143	1
178960	ruh	ruh	genuineroot	1	1P	487	344	7	ruh,143	
179012	rūkṣ	rUkz	root	0	10P	0		1		1
179061	rūp	rUp	root	0	10P,10Ā	0		4		1
179276	rūṣ	rUz	genuineroot	1	1P,10P	0		2	rUz,144	1
179292	rek	rek	root	0	1Ā	0		0		1
179363	rej	rej	genuineroot	1	1P,1Ā	40	2071	2	rej,144	1
179367	reṭ	rew	root	0	1P,1Ā	0		2		1
179371	reḍ	req	root	0	1Ā	0		0	req,144	
179467	rep	rep	root	0	1Ā	0		0		1
179482	rev	rev	root	0	0	0		0		1
179514	reṣ	rez	root	0	1Ā	0		0		1
179533	rai	rE	root	0	1P	0		3	rA2,138	1
179805	roḍ	roq	root	0	1P	0		0		1
180194	rauṭ	rOw	root	0	1P	0		0		1
180316	lak	lak	root	0	10P	0		0		1
180331	lakṣ	lakz	genuineroot	1	1Ā,1P,10P,10Ā	39	2091	5	lakz,144	1
180702	lakh	laK	root	0	1P	0		0		1
180704	lag	lag	genuineroot	1	1P,10	236	663	3	lag,144	1
181104	laṅkh	laNK	root	0		0		0		1
181106	laṅg	laNg	root	0	1P	0		0		1
181121	laṅgh	laNG	genuineroot	1	1P,1Ā,10P	32	2273	3	laNG,145	1
181150	lach	laC	root	0	1P	0		0		1
181152	laj	laj	root	0	6Ā	0		1		1
181154	laj	laj	root	0	1P	0		1		1
181155	laj	laj	root	0	10P	0		1		1
181156	lajj	lajj	genuineroot	1	6Ā	109	1155	2	lajj,145	1
181192	lañj	laYj	root	0	1P	0		0		1
181193	lañj	laYj	root	0	10P	0		0		1
181202	laṭ	law	root	0	1P	0		1		1
181234	laḍ	laq	root	0	1P,10P	7	4212	1	laq,145	1
181246	laṇḍ	laRq	root	0	10P	0		0		1
181338	lap	lap	genuineroot	1	1P	26	2499	7	lap,145	1
181359	labh	laB	genuineroot	1	1Ā	3345	35	6	laB,145	1
181467	lam	lam	root	0	0	0		0	lam,146	
181488	lamb	lamb	genuineroot	1	1Ā	130	1041	4	lamb,146	1
181580	lamb	lamb	root	0	1Ā	130	1041	4		1
181581	lambh	lamB	root	0	1Ā	0		2		1
181583	lay	lay	root	0	1Ā	0		0		1
181585	lard	lard	root	0	10P	0		0		
181586	larb	larb	root	0	1P	0		0		1
181587	lal	lal	genuineroot	1	1P,1Ā	101	1215	5	lal,146	1
181980	laś	laS	root	0	10P	0		0		1
181985	laṣ	laz	genuineroot	1	1,4P,4Ā,10P	0		5	laz,146	1
181992	las	las	genuineroot	1	1P,10	59	1680	4	las,147	1
182048	lahalahāya	lahalahAya	root	0		0		0		
182054	lā	lA	genuineroot	1	2P	0		2	lA,147	1
182095	lākh	lAK	root	0	1P	0		0		1
182098	lāgh	lAG	root	0	1Ā	0		2		1
182174	lāj	lAj	root	0	1P	0		0		1
182184	lāñch	lAYC	genuineroot	1	1P	0		1	lAYC,147	1
182191	lāñj	lAYj	root	0	1P	0		0		1
182220	lāḍ	lAq	root	0	10P	0		0		1
182248	lābh	lAB	root	0	10P	0		1		1
182337	likh	liK	genuineroot	1	6P,6Ā	509	328	8	liK,147	1
182475	liṅkh	liNK	root	0	1P	0		0		1
182476	liṅg	liNg	root	0	1P,10P	0		1		1
182615	lip	lip	genuineroot	1	6,1P,1Ā	778	214	6	lip,147	1
182704	liś	liS	genuineroot	1	4Ā,6P	7	4213	3	liS,148	1
182726	lih	lih	genuineroot	1	2P,2Ā	405	426	6	lih,148	1
182753	lī	lI	genuineroot	1	9P,1P,4Ā,4P	268	603	6	lI1,148	1
182888	luñc	luYc	genuineroot	1	1P	11	3535	2	luYc,149	1
182900	luñj	luYj	root	0	0	0		0		
182901	luṭ	luw	root	0	1Ā,10P	0		2		1
182902	luṭ	luw	genuineroot	1	1,4P,1Ā,10P	0		2		1
182907	luṭh	luW	genuineroot	1	1P,1Ā,10P	26	2500	3	luW2,149	1
182908	luṭh	luW	genuineroot	1	6P	26	2500	3	luW1,149	1
182922	luḍ	luq	genuineroot	1	1P,6P	1	8818	3	luq,149	1
182926	luṇṭ	luRw	genuineroot	1	1P,10P	0		2		1
182935	luṇṭh	luRW	root	0	0	0		2		1
182948	luṇḍ	luRq	root	0		0		0		
182955	lunth	lunT	root	0	1P	0		0		1
182956	lup	lup	genuineroot	1	6P,6Ā,4P,4Ā	117	1122	3	lup,149	1
183010	lubh	luB	genuineroot	1	6P,4P	325	508	6	luB,150	1
183054	lumb	lumb	root	0	1P,10P	0		0		1
183058	lul	lul	genuineroot	1	1P,1Ā	42	2016	1	lul,150	1
183120	luṣ	luz	root	0	1P	0		0		1
183124	luh	luh	root	0	1P	0		0		1
183125	lū	lU	genuineroot	1	9P,9Ā	81	1396	7	lU,150	1
183181	lūṣ	lUz	root	0	1P,10P	0		0		1
183198	lep	lep	root	0	1Ā	0		0		1
183225	laiṇ	lER	root	0	1P	0		0		1
183229	lok	lok	genuineroot	1	1Ā,10	0		5	lok,150	1
183561	loc	loc	genuineroot	1	1Ā,10P	0		4	loc,151	1
183604	loṭ	low	root	0	1P	0		0		1
183612	loḍ	loq	root	0	0	0		0		
183747	loṣṭ	lozw	root	0	1Ā	0		1		1
184086	lauḍ	lOq	root	0	1P	0		0		1
184149	lpī	lpI	root	0	9P	0		0		1
184152	lvī	lvI	root	0	9P	0		0		1
184344	vaṃh	vaMh	root	0		0		1		
184348	vak	vak	root	0	1Ā	0		1	vaYc,152	1
184508	vakk	vakk	root	0	1Ā	0		0		1
184521	vakṣ	vakz	genuineroot	1	1P	45	1963	1	vakz,151	1
184556	vakh	vaK	root	0	1P	0		0		1
184576	vaṅkh	vaNK	root	0	1P	0		0		1
184580	vaṅg	vaNg	root	0	1P	0		0		1
184613	vaṅgh	vaNG	root	0	1Ā	0		0		1
184615	vac	vac	genuineroot	1	2P,3P,3Ā	33948	4	7	vac,151	1
184793	vaj	vaj	root	0	1P,10P	0		1	vaj,152	1
185127	vañc	vaYc	genuineroot	1	1P,1Ā	24	2601	4	vaYc,152	1
185175	vaṭ	vaw	root	0	1P,10P	0		1		1
185252	vaṭṭ	vaww	root	0	1P	0		0		
185255	vaṭh	vaW	root	0	1P	0		0		1
185298	vaḍḍh	vaqQ	root	0	1P	0		0		
185300	vaṇ	vaR	root	0	1P	0		1		1
185343	vaṇṭ	vaRw	genuineroot	1	1,10P	1	10588	1	vaRw,152	1
185356	vaṇṭh	vaRW	root	0	1Ā	0		0		1
185370	vaṇḍ	vaRq	root	0	1Ā,10P	0		0		1
185375	vat	vat	root	0		4	5519	2		
185521	vad	vad	genuineroot	1	1P,1Ā	3914	31	6	vad,152	1
185579	vadh	vaD	genuineroot	1		1236	121	2	vaD,153	1
185710	van	van	genuineroot	1	1P,8P,8Ā	220	714	5	van,153	1
186179	vand	vand	genuineroot	1	1Ā	632	258	4	vand,153	1
186277	vap	vap	genuineroot	1	1P,1Ā	320	520	8	vap2,154	
186291	vap	vap	genuineroot	1	1P,1Ā	320	520	8	vap1,154	1
186415	vabhr	vaBr	root	0	1P	0		0		1
186417	vam	vam	genuineroot	1	1P	223	703	5	vam,154	1
186460	vay	vay	root	0	1Ā,1P	0		0		1
187248	varc	varc	root	0	1Ā	0		0		1
187289	varṇ	varR	genuineroot	1	10P	0		5		1
187679	vardh	varD	genuineroot	1	10P	0		3		1
187798	varph	varP	root	0	1P	0		0		
188073	varh	varh	root	0	0	0		1		
188075	val	val	genuineroot	1	1Ā,1P	54	1770	6	val,155	1
188173	valk	valk	root	0	10P	0		1		1
188205	valg	valg	genuineroot	1	1P,1Ā	42	2030	4	valg,155	1
188244	valbh	valB	root	0	1Ā	0		1		1
188271	vall	vall	root	0	1P	0		1		1
188380	valh	valh	root	0	1Ā,10P	0		2	valh,155	1
188380.1	balh	balh	root	0	1Ā,10P	0		0		
188394	vaś	vaS	genuineroot	1	2P,1,3	302	548	6	vaS,155	1
188545	vaṣ	vaz	root	0	1P	0		0		1
188557	vaṣk	vazk	root	0	1Ā	0		0		1
188560	vas	vas	genuineroot	1	6P	2538	49	6	vas1,155	
188997	vas	vas	genuineroot	1	10P	2538	49	6		1
188998	vas	vas	genuineroot	1	2Ā	2538	49	6	vas2,156	1
189096	vas	vas	genuineroot	1	1P,10P	2538	49	6	vas3,156	1
189186	vas	vas	root	0	4P	2538	49	6		1
189201	vask	vask	root	0	1Ā	0		1		1
189206	vast	vast	root	0	10Ā	0		1		1
189238	vah	vah	genuineroot	1	1P,1Ā	1845	75	7	vah,157	1
189436	vā	vA	genuineroot	1	2P	298	554	6	vA1,157	1
189801	vāṅkṣ	vANkz	root	0	1P	0		0		1
190461	vāñch	vAYC	genuineroot	1	1P	180	836	2	vAYC,158	1
190529	vāḍ	vAq	root	0	0	0		0		
190607	vāt	vAt	root	0	10P	0		2		1
190802	vādh	vAD	root	0	0	0		1		
191295	vāyuputrāya	vAyuputrAya	root	0		0		0		
192244	vāvṛt	vAvft	root	0	4Ā	0		0		1
192249	vāś	vAS	genuineroot	1	4Ā	73	1496	3	vAS,158	1
192285	vās	vAs	genuineroot	1	10P	0		4		1
192697	vāh	vAh	genuineroot	1	1Ā	1845	75	2	vAh,158	1
194682	vic	vic	genuineroot	1	7P,7Ā,3	8	4090	4	vic1,158	1
194915	vicchāy	vicCAy	root	0		0		0		
194955	vich	viC	root	0	10P	0		3		1
194956	vij	vij	genuineroot	1	6Ā,1P,3P,3Ā	27	2483	4	vij,159	1
195337	viṭ	viw	root	0	1P	0		1		1
195395	viḍ	viq	root	0	1P	0		0		1
195444	viṇṭ	viRw	root	0	10P	0		0		1
195602	vitt	vitt	root	0	10P	0		1		1
195619	vith	viT	root	0	1Ā	0		0		1
195619.1	veth	veT	root	0	1Ā	0		0		
195626	vid	vid	genuineroot	1	2P	11314	8	5	vid1,159	1
195939	vid	vid	genuineroot	1	6P,6Ā	11314	8	5	vid2,159	1
196016	vid	vid	root	0	7Ā	11314	8	5		1
196453	vidh	viD	root	0	6P	209	741	4	viD1,160	
196455	vidh	viD	root	0	6Ā	209	741	4		
196473	vidh	viD	root	0	1Ā	209	741	4		
197327	vind	vind	root	0	0P	0		1		
197339	vindh	vinD	root	0	0Ā	0		0	vinD,160	
197416	vip	vip	genuineroot	1	1Ā	156	913	3	vip,160	1
199553	vil	vil	root	0	6P,10P	0		0		1
200376	viś	viS	genuineroot	1	6P,6Ā	1053	160	5	viS,160	1
201614	viṣ	viz	genuineroot	1	3P,1P,3	29	2397	4	viz,161	1
201878	viṣ	viz	genuineroot	1	9P	29	2397	4		1
202269	viṣk	vizk	root	0	10P	0		0		1
202319	viṣṭ	vizw	root	0		2	7550	1		
202690	vis	vis	root	0	0	0		1		
203329	vī	vI	genuineroot	1	2P,2Ā	770	220	3	vI1,161	1
203453	vīj	vIj	genuineroot	1	1P,1Ā,10	5	5068	3	vIj,162	1
203469	vīḍ	vIq	genuineroot	1	0P,0Ā	0		0	vIq,162	
203556	vīps	vIps	root	0	0P	0		0		
203561	vībh	vIB	root	0	0	0		0		
203564	vīr	vIr	root	0	10Ā,10P	0		2		1
203969	vuṅg	vuNg	root	0	0	0		0		
203972	vuṇṭ	vuRw	root	0	10P	0		0		1
203973	vundh	vunD	root	0	0	0		0		
203978	vṛ	vf	genuineroot	1	5,9,1P,1Ā	2083	65	3	vf1,162	1
204040	vṛ	vf	genuineroot	1	5,9P,9Ā	2083	65	3	vf2,163	1
204094	vṛṃh	vfMh	root	0	0	0		1		
204095	vṛk	vfk	root	0	1Ā	0		1		1
204178	vṛkṣ	vfkz	root	0	1Ā	0		2		1
204309	vṛj	vfj	genuineroot	1	1,7P,2Ā	283	574	2	vfj,163	1
204339	vṛṇ	vfR	root	0	8P,8Ā,6P	0		1		1
204340	vṛt	vft	genuineroot	1	1Ā	2479	50	6	vft,164	1
204573	vṛdh	vfD	genuineroot	1	1Ā,1P,10	1619	89	5	vfD,164	1
204827	vṛś	vfS	root	0	4P	0		2		1
204858	vṛṣ	vfz	genuineroot	1	1P,1Ā	580	280	7	vfz,165	1
205267	vṛh	vfh	root	0	0	54	1774	1		
205270	vṝ	vF	root	0	0	0		1		1
205271	ve	ve	genuineroot	1	1P,1Ā	0		3	vA2,157	1
205298	vekṣ	vekz	root	0	10P	0		0		1
205421	veṭy	vewy	root	0	1P	0		0		
205425	veṇ	veR	root	0	0	0		0		1
206155	vedy	vedy	root	0		0		0		
206156	vedh	veD	root	0	1Ā	0		0		
206222	ven	ven	genuineroot	1	1P	19	2880	2	ven,165	1
206235	vep	vep	root	0	0	0		3	vip,160	
206262	vel	vel	root	0	1P	0		0		1
206270	vel	vel	root	0	10P	0		0		1
206315	vell	vell	genuineroot	1	1P	11	3611	5	vell,166	1
206348	vevī	vevI	root	0	2Ā	0		1		1
206478	veṣṭ	vezw	genuineroot	1	1Ā	43	2000	4	vizw,161	1
206532	ves	ves	root	0	1P	0		0		1
206538	veh	veh	root	0	1Ā,1P	0		0		1
206538.1	beh	beh	root	0	1Ā,1P	0		0		
206543	vehl	vehl	root	0	1P	0		0		1
206544	vai	vE	genuineroot	1	1P,1Ā	0		2		1
208354	vyac	vyac	genuineroot	1	6P,3	20	2821	2	vyac,166	1
208364	vyaj	vyaj	root	0		0		1		
208633	vyath	vyaT	genuineroot	1	1Ā	397	436	4	vyaT,166	1
208671	vyadh	vyaD	genuineroot	1	4P,4Ā	1636	88	4	vyaD,166	1
208713	vyap	vyap	root	0	10P	0		0		1
208870	vyay	vyay	root	0	1P,1Ā,10P	0		1	vyay,167	1
208913	vyay	vyay	root	0	10P	0		1		1
210272	vyuṣ	vyuz	root	0	4P,10P	0		0		1
210345	vye	vye	genuineroot	1	1P,1Ā	0		2	vyA,167	1
210432	vraj	vraj	genuineroot	1	1P,10P	1202	128	5	vraj,167	1
210509	vraṇ	vraR	root	0	1P	0		1	vran,167	1
210510	vraṇ	vraR	root	0	1P,10P	0		1		1
210707	vrad	vrad	root	0	0Ā	1	10796	0	vrad,167	
210711	vraśc	vraSc	genuineroot	1	6P	145	968	4	vraSc,168	1
210761	vrādh	vrAD	root	0	0	10	3752	0	vrAD,168	
210763	vrī	vrI	root	0	9P,4Ā	0		3		1
210765	vrīḍ	vrIq	genuineroot	1	1Ā,4P,10P	84	1365	2	vrIq,168	1
210779	vrīs	vrIs	root	0	0	0		0		
210816	vruḍ	vruq	root	0	6P	0		0	vruq,168	1
210819	vrūs	vrUs	root	0	1,10P	0		0		1
210821	vlag	vlag	root	0		0		0		
210822	vlī	vlI	genuineroot	1	9P	18	2952	3	vlI,168	1
210826	vlekṣ	vlekz	root	0	0	0		0		
210841	śaṃs	SaMs	genuineroot	1	1P,1Ā	1785	79	4	SaMs,169	1
210897	śak	Sak	genuineroot	1	5P	1952	71	3	Sak,169	1
211312	śakaśakāya	SakaSakAya	root	0	0P	0		0		
211426	śaṅk	SaNk	genuineroot	1	1Ā,1P	273	595	3	SaNk,170	1
211703	śac	Sac	root	0	1Ā	0		2		1
211725	śañc	SaYc	root	0	1Ā	0		0		
211726	śaṭ	Saw	root	0	1P,10Ā	0		4		1
211737	śaṭh	SaW	root	0	10Ā	0		2		1
211738	śaṭh	SaW	root	0	10P	0		2		1
211739	śaṭh	SaW	root	0	10P	0		2		1
211740	śaṭh	SaW	genuineroot	1	1P,10P	0		2		1
211769	śaṇ	SaR	root	0	1,10P	0		1		1
211801	śaṇḍ	SaRq	root	0	1Ā	0		0		1
212483	śad	Sad	genuineroot	1	1,6Ā,6P	19	2890	5	Sad1,170;Sad2,170	1
212543	śap	Sap	genuineroot	1	1,4P,4Ā	484	345	4	Sap,170	1
212651	śabd	Sabd	genuineroot	1	10P	0		4		
212911	śam	Sam	genuineroot	1	4P,9	1159	138	5	Sam1,171;Sam2,171;Sam3,171	1
213262	śamb	Samb	root	0	1P,10P	0		1		1
213806	śaraśarāya	SaraSarAya	root	0		0		0		
214005	śarb	Sarb	root	0	1P	0		0		1
214041	śarv	Sarv	root	0	1P	0		1		1
214062	śal	Sal	root	0	1Ā,1P,10Ā	0		2	Sal,171	1
214236	śalbh	SalB	root	0	1Ā	0		0		1
214243	śav	Sav	root	0	1P	0		1		1
214294	śaś	SaS	root	0	1P	0		2	SaS,171	1
214505	śaṣ	Saz	root	0	1P	0		0		1
214531	śas	Sas	genuineroot	1	1P	2	7662	3	Sas,172	1
214945	śākh	SAK	root	0	1P	0		0		1
215105	śāḍ	SAq	root	0	1Ā	0		0		1
215256	śān	SAn	root	0	0Ā	0		0		1
215471	śāntv	SAntv	root	0	0	0		1		
215656	śār	SAr	root	0	0	0		0		1
215926	śāl	SAl	genuineroot	1	1Ā,1,10Ā	0		2		1
216290	śās	SAs	genuineroot	1	2P	533	313	5	SAs1,172	1
216481	śi	Si	genuineroot	1	3P,5P,5Ā	0		1	SA,172	1
216517	śikṣ	Sikz	genuineroot	1	1P,1Ā	345	484	2		1
216813	śiṅkh	SiNK	root	0	1P	0		0		1
216828	śiṅgh	SiNG	root	0	1P	0		2	SiNG,173	1
216845	śiñj	SiYj	genuineroot	1	2Ā,1,10Ā	12	3490	2	SiYj,173	1
216864	śiṭ	Siw	root	0	1P	0		0		1
217043	śim	Sim	root	0	4P	9	3920	0		
217055	śimiśimāya	SimiSimAya	root	0		0		0		
217236	śiriśirā	SiriSirA	root	0	0P	0		0		
217237	śiriśirāya	SiriSirAya	root	0	0Ā	0		0		
217253	śil	Sil	root	0	6P	0		0		1
217253.1	sil	sil	root	0	6P	0		0		
218103	śiṣ	Siz	root	0	1P	194	787	4		1
218104	śiṣ	Siz	genuineroot	1	7P,10	194	787	4	Siz,173	1
218170	śī	SI	genuineroot	1	2Ā,1	1116	146	7	SI2,174	1
218176	śī	SI	root	0	4Ā	1116	146	7	SI1,173	
218177	śīk	SIk	genuineroot	1	1Ā,10	0		1		1
218191	śīkāya	SIkAya	root	0	0P,0Ā	0		0		
218537	śībh	SIB	root	0	1Ā	0		0		1
218655	śīl	SIl	genuineroot	1	1P,10P	0		2		1
218725	śīlaya	SIlaya	root	0		0		1		
218744	śu	Su	root	0	1P	0		1		
218748	śuk	Suk	root	0	1P	0		2		1
219184	śuc	Suc	genuineroot	1	1P,4P,4Ā	777	216	4	Suc,174	1
219306	śuc	Suc	root	0	4P,4Ā	777	216	4	Suc,174	1
219307	śucy	Sucy	root	0	1P	0		0		1
219308	śuj	Suj	root	0	0	2	7674	0	Suj,174	
219313	śuṭh	SuW	root	0	1P,10P	0		0		1
219320	śuṇṭh	SuRW	root	0	1P,10P	0		0		1
219331	śuṇḍ	SuRq	root	0	1P	0		0		1
219366	śudh	SuD	genuineroot	1	1P,1Ā,4P,4Ā	2410	53	4	SuD,174	1
219556	śun	Sun	root	0	6P	0		0		1
219610	śundh	SunD	root	0	0	0		1		
219616	śubh	SuB	genuineroot	1	1Ā,6P,6Ā	547	302	5	SuB,175	1
219846	śumbh	SumB	root	0	1P	0		1		
219860	śulk	Sulk	root	0	10P	0		2		1
219883	śulb	Sulb	root	0	10P	0		2		1
219943	śuṣ	Suz	genuineroot	1	4P	166	873	4	Suz1,175	1
220027	śuṣ	Suz	genuineroot	1	6P	166	873	4		
220057	śū	SU	root	0		0		3		
220262	śūr	SUr	root	0	4Ā,10Ā	0		1		1
220341	śūrp	SUrp	root	0	10P	0		2		1
220376	śūl	SUl	root	0	1P,1Ā,4P,4Ā	0		1		1
220491	śūṣ	SUz	root	0	1P	0		1		1
220772	śṛdh	SfD	genuineroot	1	1P,1Ā	23	2660	1	SfD,176	1
220783	śṝ	SF	genuineroot	1	9P,9Ā	0		4	Sf1,176	1
220836	śel	Sel	root	0	1P	0		0		1
220840	śev	Sev	root	0	1Ā	0		0		1
220965	śai	SE	root	0	0	0		0		
221333	śo	So	genuineroot	1	3P,3Ā,4P,4Ā	0		2		1
221433	śoṇ	SoR	root	0	1P	0		2		1
221763	śauṭ	SOw	root	0	1P	0		0		1
221773	śauḍ	SOq	root	0	0	0		0		
221941	ścand	Scand	root	0		0		0		
221943	ścam	Scam	root	0		1	11056	0		
221944	ścar	Scar	root	0	0	0		1		
221945	ścut	Scut	genuineroot	1	1P	13	3371	2	Scut,177	1
221952	ścyut	Scyut	root	0	0	0		3		
221953	śnath	SnaT	genuineroot	1	1P	21	2765	3	SnaT,177	1
222029	śmīl	SmIl	root	0	1P	0		0		1
222309	śyai	SyE	genuineroot	1	1P,1Ā	0		2	SyA,177	1
222318	śraṅk	SraNk	root	0	1Ā	0		0		1
222319	śraṅg	SraNg	root	0	1P	0		0		1
222320	śraṇ	SraR	root	0	1P,10P	0		2	Sran,178	1
222382	śrath	SraT	genuineroot	1	9P,9Ā	16	3092	2	SraT,177	1
222390	śrathāya	SraTAya	root	0	0	0		0		
222401	śram	Sram	genuineroot	1	4P	382	450	5	Sram,178	1
222476	śrambh	SramB	root	0	1Ā	0		2	SramB,178	1
222686	śrā	SrA	genuineroot	1	1,4P,2P	0		3	SrA,178	1
222815	śrām	SrAm	root	0	0	0		0		
222829	śri	Sri	genuineroot	1	1P,1Ā	451	381	7	Sri,179	1
222855	śriṣ	Sriz	root	0	1P	2	7673	1		1
222857	śrī	SrI	genuineroot	1	9P,9Ā	644	253	4	SrI1,179	1
223391	śrīv	SrIv	root	0		0		0		
223393	śru	Sru	genuineroot	1	5P,5Ā	10505	9	6	Sru,179	1
223678	śruṣ	Sruz	root	0		6	4684	0		
223689	śrek	Srek	root	0		0		0		
223800	śrai	SrE	root	0	0	0		0		
223801	śroṇ	SroR	root	0	1P	0		0		1
223992	ślaṅk	SlaNk	root	0	1Ā	0		0		1
223993	ślaṅg	SlaNg	root	0	1P	0		0		1
223994	ślath	SlaT	genuineroot	1	1P	2	7668	2	SraT,177	1
224010	ślākh	SlAK	root	0	1P	0		0		1
224011	ślāgh	SlAG	genuineroot	1	1Ā	186	813	2	SlAG,180	1
224041	śliṣ	Sliz	root	0	1P	92	1291	4		1
224043	śliṣ	Sliz	genuineroot	1	4P,4Ā	92	1291	4	Sliz,180	1
224150	ślok	Slok	root	0	1Ā	0		3		1
224184	śloṇ	SloR	root	0	1P	0		0		1
224188	śvaṅk	SvaNk	root	0	1Ā	0		0		1
224189	śvaṅg	SvaNg	root	0	1P	0		0		1
224190	śvac	Svac	root	0	1Ā	0		0	SvaYc,181	1
224191	śvaj	Svaj	root	0	1Ā	0		0		1
224192	śvaṭh	SvaW	root	0	10P	0		0		1
224193	śvaṭh	SvaW	root	0	10P	0		0		1
224344	śvabhr	SvaBr	root	0	10P	0		1		1
224357	śvart	Svart	root	0	0	0		0		1
224358	śval	Sval	root	0	1P	0		1		1
224359	śvalk	Svalk	root	0	10P	0		0		1
224360	śvall	Svall	root	0	0	0		0		
224373	śvas	Svas	genuineroot	1	2P	154	922	4	Svas,181	1
224466	śvātr	SvAtr	root	0	1P	0		0		
224480	śvi	Svi	genuineroot	1	1P	0		4	SU,175	1
224494	śvit	Svit	root	0	1Ā	6	4686	2	Svit,181	1
224875	śvind	Svind	root	0	1	0		0		1
224899	ṣag	zag	root	0	0	0		0		
224899.1	ṣagh	zaG	root	0	0	0		0		
224899.2	ṣac	zac	root	0	0	0		0		
224902	ṣaṭṭ	zaww	root	0	10P	0		0		
224917	ṣaṇḍaya	zaRqaya	root	0		0		0		
224924	ṣaṇḍīya	zaRqIya	root	0		0		0		
225508	ṣaṣk	zazk	root	0	1P	0		0		
225553	ṣukk	zukk	root	0	1Ā	0		0		1
225563	ṣṭhiv	zWiv	genuineroot	1	1,4P	0		4	zWIv,181	1
225581	ṣvakk	zvakk	root	0	1Ā	0		0		
225582	ṣvaṣk	zvazk	root	0	1P,1Ā	0		1		1
227100	saṃst	saMst	root	0	0	0		0		
227845	sakṣ	sakz	root	0	1P	0		0	sakz,182	
227851	sakh	saK	root	0		0		0		
227853	sag	sag	root	0	1	0		0		1
227922	sagh	saG	root	0	5P	13	3331	1	saG,182	1
228852	sac	sac	genuineroot	1	1Ā,1P	323	516	2	sac,182	1
228908	sac	sac	root	0	0	323	516	2		
229022	sajj	sajj	root	0	1P	0		0		1
229049	sajjīya	sajjIya	root	0	0Ā	0		0		
229058	sañc	saYc	root	0	0	0		0		
229217	sañj	saYj	root	0	1P	0		3		1
229218	sañj	saYj	genuineroot	1	1P,1Ā	0		3	saj,182	1
229447	saṭ	saw	root	0	1P,10	0		0		1
229463	saṭṭ	saww	root	0	10P	0		0		1
229472	saṭh	saW	root	0	10P	0		0		1
230482	satr	satr	root	0	10Ā	0		0		1
230505	sad	sad	genuineroot	1	1,6P	953	176	6	sad,183	1
231023	san	san	genuineroot	1	1P,8P,8Ā	196	777	4	san,183	1
232210	sap	sap	genuineroot	1	1P,1Ā	23	2640	2	sap,184	1
232980	sabhāj	saBAj	root	0	10P	0		2		1
232986	sam	sam	root	0	1P,10P	0		2		1
233271	samaya	samaya	root	0	0P	0		1		
236744	samb	samb	root	0	0	0		0		
236788	sambarya	sambarya	root	0		0		0		
237404	say	say	root	0	1Ā	0		0		1
237906	sarj	sarj	root	0	1P	3	6086	3	sarj,184	
237907	sarj	sarj	root	0	1P	3	6086	3		1
238104	sarb	sarb	root	0	1P	0		0		1
238106	sarv	sarv	root	0	0	0		0		
239282	sal	sal	root	0	1P	0		1		1
239781	saśc	saSc	root	0	0	0		1		
239787	sas	sas	genuineroot	1	2P	23	2641	0	sas,184	1
239967	sah	sah	genuineroot	1	1Ā,10	791	210	5	sah,184	1
240101	sah	sah	root	0	4P	791	210	5		1
240851	sā	sA	root	0		75	1463	4		
241011	sākṣ	sAkz	root	0	1P	0		0		
241357	sāṭ	sAw	root	0	10P	0		0		
241374	sāt	sAt	root	0		0		1		
241500	sādh	sAD	genuineroot	1	1P,1Ā,4,5	86	1349	4	sAD,185	1
241986	sāntv	sAntv	genuineroot	1	10P,10Ā	0		2		1
242187	sām	sAm	root	0		0		0		
242233	sāmaya	sAmaya	root	0	10P	0		0		1
242607	sāmb	sAmb	root	0	0	0		2		
243722	si	si	genuineroot	1	5,9P,9Ā	13	3348	3	sA1,185	1
244005	sik	sik	root	0		0		0		
244032	sic	sic	genuineroot	1	6P,6Ā	687	239	8	sic,186	1
244057	siṭ	siw	root	0	1P	0		0		1
244297	sidh	siD	root	0	1P	2028	69	4		1
244298	sidh	siD	genuineroot	1	1P	2028	69	4	siD1,186	1
244301	sidh	siD	genuineroot	1	4P	2028	69	4	siD2,186	1
244920	sinv	sinv	root	0		0		0		
244933	sibh	siB	root	0	0	0		0		
244938	simasimāya	simasimAya	root	0	0Ā	0		0		
244939	simisimāya	simisimAya	root	0	0Ā	0		0		
244996	siv	siv	genuineroot	1	4P	0		5	sIv,187	1
245038	sī	sI	root	0	0	0		1		
245095	sīk	sIk	root	0	0	0		0		
245236	su	su	root	0	1P,1Ā	878	188	5		1
245237	su	su	root	0	1,2P	878	188	5	sU,188	1
245241	su	su	genuineroot	1	5P,5Ā	878	188	5		1
245287	su	su	root	0	0	878	188	5		
245610	sukh	suK	root	0	10,4P	0		2		1
246351	suṭṭ	suww	root	0	10P	0		0		1
247217	sund	sund	root	0		0		0		
248170	subh	suB	root	0	9,6P,1	3	6140	0	suB,188	1
248502	sumbh	sumB	root	0	0	0		0		
249254	sur	sur	root	0	6P,10P	0		1		1
250630	suh	suh	genuineroot	1	4P	0		0		1
250729	sū	sU	genuineroot	1	6P,6Ā	532	314	5	sU,188	1
250739	sū	sU	genuineroot	1	2Ā	532	314	5	sU,188	1
250993	sūc	sUc	root	0	10P	0		4		1
251184	sūtr	sUtr	root	0	10P	0		2		1
251301	sūd	sUd	genuineroot	1	1Ā,10	13	3350	7	sUd,188	1
251816	sūrkṣ	sUrkz	root	0	1P	13	3351	2	sUrkz,189	1
251832	sūṣ	sUz	root	0	1P	0		0		1
251838	sṛ	sf	genuineroot	1	1,3P,3Ā,10P,10Ā	204	754	4	sf,189	1
251924	sṛj	sfj	genuineroot	1	6P,6Ā	2749	43	5	sfj,189	1
252007	sṛdh	sfD	root	0	0	0		0		
252008	sṛp	sfp	genuineroot	1	1P	192	792	3	sfp,190	1
252034	sṛbh	sfB	root	0	1P	0		0		1
252038	sṝ	sF	root	0	9P	0		1		1
252041	se	se	root	0	0Ā	0		0		
252045	sek	sek	root	0	1Ā	0		1		1
252253	sel	sel	root	0	0	0		0		
252262	sev	sev	genuineroot	1	1Ā	1328	113	4	sev,190	1
252381	sai	sE	root	0	1P	0		0		1
252524	so	so	genuineroot	1	4P	0		3		1
254077	skand	skand	genuineroot	1	1P,1Ā	247	635	5	skand,190	1
254159	skandh	skanD	root	0	10P	0		0		
254241	skambh	skamB	genuineroot	1	5,9P,1Ā	20	2804	4	skamB,191	1
254257	sku	sku	genuineroot	1	5,9P,9Ā	1	10200	3	sku,191	1
254259	skund	skund	root	0	1Ā	0		1		1
254260	skumbh	skumB	root	0	5,9P	0		1		1
254267	skhad	sKad	root	0	1Ā	0		1		1
254272	skhal	sKal	genuineroot	1	1P	118	1116	4	sKal,191	1
254305	skhuḍ	sKuq	root	0		0		0		
254306	stak	stak	root	0	1P	0		0		1
254307	stan	stan	genuineroot	1	1P	20	2805	5	stan,191	1
254431	stam	stam	root	0	0	0		0		
254463	stambh	stamB	genuineroot	1	5,9P,1Ā	291	562	4	stamB,192	1
254590	stigh	stiG	genuineroot	1	5P,5Ā	0		1	stiG,192	1
254591	stip	stip	root	0	1Ā	0		0		1
254599	stim	stim	root	0	4P	0		3	stim,192	1
254621	stīm	stIm	root	0	0	0		1		
254632	stu	stu	genuineroot	1	2P,2Ā	2204	62	4	stu1,193	1
254797	stuc	stuc	root	0	1Ā	0		0		1
254799	stubh	stuB	genuineroot	1	1P,1Ā	55	1751	2	stuB,193	1
254821	stumbh	stumB	root	0	5,9P	0		0		1
254826	stūp	stUp	root	0	4,10P	0		1		1
254842	stṛ	stf	genuineroot	1	5,9P,9Ā,5P,5Ā	334	501	2	stf,193	1
254868	stṛkṣ	stfkz	root	0	1P	0		0		1
254870	stṛh	stfh	root	0	6P	1	10214	0	stfh,193	1
254872	sten	sten	root	0	10P	0		6		1
254882	step	step	root	0	1Ā,10P	0		0		1
254884	stai	stE	root	0	1P	0		0	stA,192	1
254903	stom	stom	root	0		0		1		
254911	styai	styE	root	0	1P,1Ā	0		4	styA,194	1
255154	sthag	sTag	genuineroot	1	1P	0		1	sTag,193	1
255204	sthal	sTal	root	0	1P	0		3		1
255316	sthā	sTA	genuineroot	1	1P,1Ā	9268	12	5	sTA,194	1
255900	sthir	sTir	root	0	1P	0		0		
255907	sthuḍ	sTuq	root	0	6P	0		0		1
255910	sthū	sTU	root	0		0		2		
256003	sthūl	sTUl	root	0	10Ā,10P	0		2		1
256198	snas	snas	root	0	0	0		0		
256200	snā	snA	genuineroot	1	2P,4P,4Ā	1648	86	4	snA,195	1
256297	sniṭ	sniw	root	0	10P	0		0		1
256298	snih	snih	genuineroot	1	4P,1P,10P	125	1072	2	snih,195	1
256456	snu	snu	genuineroot	1	2P	3	6135	4	snu,195	1
256467	snuc	snuc	root	0	1Ā	0		0		
256474	snus	snus	root	0	4P	0		0		1
256475	snuh	snuh	root	0	4P	0		0		1
256486	snai	snE	root	0	1P	0		0		1
256488	spand	spand	genuineroot	1	1Ā	52	1809	4	spand,196	1
256521	spardh	sparD	genuineroot	1	1Ā,1P	0		2	spfD,196	1
256547	sparś	sparS	root	0	0	0		1		
256549	sparṣ	sparz	root	0	1Ā	0		0		
256550	spaś	spaS	genuineroot	1		0		3	paS1,95	
256581	spaś	spaS	root	0	1P,1Ā	0		3		1
256584	spaś	spaS	root	0	10P	0		3		1
256588	spṛ	spf	genuineroot	1	5P	160	899	2	spf,196	1
256602	spṛś	spfS	genuineroot	1	6P	1059	159	3	spfS,196	1
256712	spṛh	spfh	genuineroot	1	10P	34	2233	1	spfh,197	1
256737	spṝ	spF	root	0	9P	0		0		1
256740	sphaṭ	sPaw	root	0	1P,10P	0		1	sPaw,197	1
256784	sphaṇṭ	sPaRw	root	0		0		0		
256785	sphaṇḍ	sPaRq	root	0	10P	0		0		1
256786	sphar	sPar	root	0	6P	1	10204	2		
256804	sphal	sPal	root	0	1P	0		3	sPal,197	
256812	sphāy	sPAy	genuineroot	1	1Ā	0		6	sPA,197	1
256854	sphiṭ	sPiw	root	0	10P	0		0		1
256856	sphiṭṭ	sPiww	root	0	10P	0		0		1
256860	sphuṭ	sPuw	genuineroot	1	6P,1P,1Ā	154	919	5	sPuw,197	1
256961	sphuṭṭ	sPuww	root	0	10P	0		0		1
256962	sphuḍ	sPuq	root	0	6P	0		0		1
256963	sphuṇṭ	sPuRw	root	0	1P,10P	0		0		1
256964	sphuṇḍ	sPuRq	root	0	1Ā,10P	0		0		1
256968	sphur	sPur	genuineroot	1	6P	357	470	7	sPf,198	1
257014	sphurch	sPurC	root	0	0	0		0		
257014.1	sphurj	sPurj	root	0	0	0		2		
257015	sphul	sPul	genuineroot	1	6P	0		3		1
257027	sphūrch	sPUrC	root	0	1P	0		0		1
257031	sphūrj	sPUrj	root	0	1P	10	3725	2	sPUrj,198	1
257060	sbṝ	sbF	root	0	0	0		0		
257075	smi	smi	genuineroot	1	1Ā	227	692	3	smi,198	1
257109	smiṭ	smiw	root	0	10P	0		0		1
257110	smīl	smIl	root	0	0	0		0		
257112	smṛ	smf	genuineroot	1	1P,1Ā	4142	28	6	smf,199	1
257403	syand	syand	genuineroot	1	1Ā	106	1179	5	syand,199	1
257458	syam	syam	root	0	1P,10P,10Ā	0		0		1
257528	sraṃs	sraMs	genuineroot	1	1Ā	133	1021	2	sraMs,199	1
257563	sraṃh	sraMh	root	0	1Ā	0		0		1
257567	sraṅk	sraNk	root	0	0	0		0		
257602	srambh	sramB	root	0	0	0		1		
257614	sridh	sriD	root	0	1P	12	3462	0	sriD,200	
257616	sribh	sriB	root	0	1P	0		0		1
257618	sriv	sriv	genuineroot	1	4P	0		0	srIv,200	1
257621	sru	sru	genuineroot	1	1P	538	311	5	sru,200	1
257769	sruh	sruh	root	0		0		1		
257770	srek	srek	root	0	1Ā	0		0		1
257772	srai	srE	root	0	0	0		0		
258748	svaṅg	svaNg	root	0	1P	0		0		1
258776	svaj	svaj	genuineroot	1	1Ā	39	2101	1	svaj,200	1
258785	svaṭh	svaW	root	0	0	0		0		1
258787	svad	svad	genuineroot	1	1Ā,1P	81	1401	3	svad,201	1
258909	svan	svan	genuineroot	1	1P	19	2877	6	svan,201	1
258948	svap	svap	genuineroot	1	2P	1100	151	6	svap,201	1
259078	svar	svar	root	0	10P	39	2102	3		1
259079	svar	svar	root	0	1P	39	2102	3		
259408	svart	svart	root	0	0	0		0		
259410	svard	svard	root	0	1Ā	0		0		1
259490	svask	svask	root	0	0	0		0		
259802	svid	svid	genuineroot	1	1Ā,1P	369	460	6	svid,202	1
259867	svūrch	svUrC	root	0		0		0		
259868	svṛ	svf	genuineroot	1	1P	0		2	svar,201	1
260011	svṝ	svF	root	0	0	0		0		
260012	svek	svek	root	0		0		0		
260227	haṭ	haw	root	0	1P	0		1		1
260241	haṭh	haW	root	0	1P	0		0		1
260291	had	had	genuineroot	1	1P,1Ā	0		1	had,202	1
260297	han	han	genuineroot	1	2P,2Ā,1	8744	14	7	han,202	1
260557	hamm	hamm	root	0	1P	0		0		1
260560	hay	hay	root	0	1P	0		1		1
261643	hary	hary	genuineroot	1	1P,1Ā	0		3		1
261758	hal	hal	root	0	1P	0		2		1
262056	has	has	genuineroot	1	1P	419	407	8	has,203	1
262501	hā	hA	genuineroot	1	3Ā	2739	44	5	hA2,204	1
262507	hā	hA	genuineroot	1	3P,1	2739	44	5	hA1,204;hA2,204	1
262717	hi	hi	genuineroot	1	5P,5Ā	224	699	6	hi,205	1
262731	hiṃs	hiMs	genuineroot	1	1,7P,7Ā,10P	788	212	2	hiMs,205	1
262789	hikk	hikk	root	0	1P,1Ā	2	6756	0	hikk,205	1
262838	hiṭ	hiw	root	0	0	0		0		
262850	hiṇḍ	hiRq	root	0	1Ā	2	6757	1	hiRq,205	1
262947	hinv	hinv	root	0	0	0		0		
263382	hil	hil	root	0	6P	0		1		1
263401	hiṣk	hizk	root	0	0	0		0		
263406	hīḍ	hIq	genuineroot	1	0P,0Ā	29	2371	1	hIq,206	
263443	hu	hu	genuineroot	1	3P,3Ā	6418	17	8	hu,206	1
263507	huḍ	huq	root	0	6P,1P	0		0		1
263529	huṇḍ	huRq	root	0	1Ā	0		1		1
263569	hurch	hurC	root	0	1P	0		1	hUrC,207	1
263577	hul	hul	root	0	1P	0		2		1
263608	hūḍ	hUq	root	0	1P	0		0		1
263626	hṛ	hf	genuineroot	1	1P,1Ā	2792	42	6	hf1,207	1
263654	hṛ	hf	genuineroot	1	9Ā	2792	42	6	hf2,207	
263655	hṛṇāya	hfRAya	root	0		0		0		
263915	hṛṣ	hfz	genuineroot	1	1P,1Ā,4P	1147	139	3	hfz,208	1
263975	heṭh	heW	root	0	1P,1Ā,9P	0		3	heW,208	1
263977	heḍ	heq	root	0	1Ā,1P	0		2	hIq,206	1
263989	heḍh	heQ	root	0	9P	0		0		
264383	hel	hel	root	0		0		3		
264415	heṣ	hez	genuineroot	1	1Ā	26	2497	2	hez,208	1
264470	hoḍ	hoq	root	0	1Ā	0		2		1
264639	hauḍ	hOq	root	0		0		0		
264643	hnu	hnu	genuineroot	1	2Ā	6	4475	4	hnu,208	1
264650	hmal	hmal	root	0	1P	0		2		1
264662	hrag	hrag	root	0	1P	0		0		1
264680	hrap	hrap	root	0	0	0		0		
264681	hras	hras	genuineroot	1	1P,1Ā	28	2410	2	hras,208	1
264747	hrād	hrAd	genuineroot	1	1Ā	0		5	hrAd,209	1
264772	hrī	hrI	genuineroot	1	3P	28	2411	4	hrI,209	1
264801	hrīch	hrIC	root	0	1P	0		0		1
264806	hru	hru	root	0	9P	0		2	hvf,210	
264809	hruḍ	hruq	root	0	1P,1Ā	0		0		1
264814	hrep	hrep	root	0	1Ā	0		0		1
264815	hreṣ	hrez	genuineroot	1	1Ā,1P	2	6758	0	hrez,209	1
264821	hrauḍ	hrOq	root	0	1P	0		0		1
264823	hlag	hlag	genuineroot	1	1Ā	0		0		1
264825	hlap	hlap	root	0	10P	0		0		1
264826	hlas	hlas	root	0	1P	0		0		1
264827	hlād	hlAd	genuineroot	1	1Ā	3	5819	4	hlAd,209	1
264858	hval	hval	genuineroot	1	1P	13	3302	2	hval,209	1
264863	hvṛ	hvf	genuineroot	1	1P,1Ā	48	1878	3	hvf,210	1
264875	hve	hve	genuineroot	1	1P,1Ā	0		3	hU,206	1
