book	surface_slp1	lemma_slp1	method	first_lesson	rank_all	pos
buhler	yajati	yajati	surface	1	35949	m
buhler	caraTaH	caraTa	suffix-strip	1	15149	m
buhler	kutaH	kuta	suffix-strip	1	35949	m
buhler	putraH	putra	suffix-strip	2	42	m
buhler	PalAni	Pala	suffix-strip	2	70	n
buhler	devAH	deva	suffix-strip	2	26	m
buhler	grAme	grAma	suffix-strip	2	887	mn
buhler	naraH	nara	suffix-strip	2	83	m
buhler	gfhe	gfha	suffix-strip	2	205	mn
buhler	dAnAni	dAna	suffix-strip	2	298	n
buhler	nfpAH	nfpa	suffix-strip	2	153	m
buhler	DanAni	Dana	suffix-strip	3	287	n
buhler	gfhezu	gfha	suffix-strip	3	205	mn
buhler	nfpAya	nfpa	suffix-strip	3	153	m
buhler	meGaH	meGa	suffix-strip	3	870	m
buhler	Danena	Dana	suffix-strip	3	287	n
buhler	narAH	nara	suffix-strip	3	83	m
buhler	hastayoH	hasta	suffix-strip	3	278	mn
buhler	Pale	Pala	suffix-strip	3	70	n
buhler	hastena	hasta	suffix-strip	3	278	mn
buhler	kawe	kawa	suffix-strip	3	7790	m
buhler	lANgalEH	lANgala	suffix-strip	3	7094	mn
buhler	devaH	deva	suffix-strip	3	26	m
buhler	k	k	surface	3	6664	m
buhler	devA	devA	surface	4	35949	f
buhler	pApAt	pApa	suffix-strip	4	125	n
buhler	nfpasya	nfpa	suffix-strip	4	153	m
buhler	mArge	mArga	suffix-strip	4	489	m
buhler	vasati	vasati	surface	4	4256	f
buhler	nfpA	nfpA	surface	4	26474	f
buhler	yajataH	yajata	suffix-strip	4	7094	adj
buhler	sUktAni	sUkta	suffix-strip	4	2455	n
buhler	SizyayoH	Sizya	suffix-strip	4	679	m
buhler	jalasya	jala	suffix-strip	4	188	n
buhler	kzetrezu	kzetra	suffix-strip	4	815	mn
buhler	n	n	surface	4	17217	m
buhler	pa	pa	surface	4	19118	m
buhler	tata	tata	surface	4	15149	m
buhler	udakam	udaka	suffix-strip	4	419	n
buhler	p	p	surface	4	20365	m
buhler	r	r	surface	4	12205	m
buhler	agni	agni	surface	4	45	m
buhler	ma	ma	surface	4	12205	m
buhler	nara	nara	surface	4	83	m
buhler	ti	ti	surface	4	16413	mn
buhler	hati	hati	surface	4	16413	f
buhler	gam	ga	suffix-strip	4	581	adj
buhler	maDu	maDu	surface	6	253	n
buhler	rAmaH	rAma	suffix-strip	6	134	m
buhler	bAlasya	bAla	suffix-strip	6	388	m
buhler	Sizyasya	Sizya	suffix-strip	6	679	m
buhler	nagare	nagara	suffix-strip	6	808	mn
buhler	bAlAH	bAla	suffix-strip	6	388	m
buhler	t	t	surface	6	2644	m
buhler	jan	ja	suffix-strip	6	116	adj
buhler	s	s	surface	6	14114	m
buhler	am	am	surface	6	10649	m
buhler	ram	ra	suffix-strip	6	9529	m
buhler	stenaH	stena	suffix-strip	7	3908	m
buhler	daRqaH	daRqa	suffix-strip	7	376	mn
buhler	rAmasya	rAma	suffix-strip	7	134	m
buhler	janakaH	janaka	suffix-strip	7	1828	m
buhler	puRyena	puRya	suffix-strip	7	191	adj
buhler	lokaH	loka	suffix-strip	7	44	m
buhler	d	d	surface	7	20365	m
buhler	c	c	surface	7	4022	m
buhler	jalam	jala	suffix-strip	7	188	n
buhler	j	j	surface	7	35949	m
buhler	lokam	loka	suffix-strip	7	44	m
buhler	l	l	surface	7	5660	m
buhler	h	h	surface	7	21838	m
buhler	SAstre	SAstra	suffix-strip	8	381	n
buhler	pattre	pattra	suffix-strip	8	313	mn
buhler	vinaya	vinaya	surface	8	2099	m
buhler	aDarmAya	aDarma	suffix-strip	8	775	m
buhler	DarmAya	Darma	suffix-strip	8	36	mn
buhler	sUkte	sUkta	suffix-strip	8	2455	n
buhler	bAlaH	bAla	suffix-strip	8	388	m
buhler	yajYAya	yajYa	suffix-strip	8	123	m
buhler	manuzyasya	manuzya	suffix-strip	8	426	m
buhler	kzatriyA	kzatriyA	surface	8	5613	f
buhler	uktam	ukta	suffix-strip	8	8661	n
buhler	ju	ju	surface	8	30141	m
buhler	gir	gir	surface	8	848	f
buhler	m	m	surface	8	11898	m
buhler	ratnena	ratna	suffix-strip	9	309	mn
buhler	vihagA	vihagA	surface	9	35949	f
buhler	hfdayezu	hfdaya	suffix-strip	9	370	n
buhler	BArye	BArya	suffix-strip	9	26474	m
buhler	BikzayA	BikzA	suffix-strip	9	2437	f
buhler	vana	vana	surface	9	132	n
buhler	vyADAH	vyADa	suffix-strip	9	3929	m
buhler	SUdrA	SUdrA	surface	9	5157	f
buhler	SizyA	SizyA	surface	9	13704	f
buhler	nagarasya	nagara	suffix-strip	9	808	mn
buhler	raTyAsu	raTyA	suffix-strip	9	5091	f
buhler	kzatriyasya	kzatriya	suffix-strip	9	511	m
buhler	y	y	surface	9	11591	m
buhler	v	v	surface	9	18073	m
buhler	pad	pad	surface	9	1761	m
buhler	Gftena	Gfta	suffix-strip	10	269	n
buhler	vihagAH	vihaga	suffix-strip	10	5198	m
buhler	narEH	nara	suffix-strip	10	83	m
buhler	kawAH	kawa	suffix-strip	10	7790	m
buhler	BikzA	BikzA	surface	10	2437	f
buhler	gfhasTasya	gfhasTa	suffix-strip	10	2369	m
buhler	BAryayA	BAryA	suffix-strip	10	402	f
buhler	vasu	vasu	surface	10	458	mn
buhler	raRe	raRa	suffix-strip	10	252	m
buhler	praBUtaH	praBUta	suffix-strip	10	3446	adj
buhler	aSvena	aSva	suffix-strip	10	249	m
buhler	da	da	surface	10	367	adj
buhler	nagara	nagara	surface	11	808	mn
buhler	kawayoH	kawa	suffix-strip	11	7790	m
buhler	naya	naya	surface	11	2795	m
buhler	makzikA	makzikA	surface	12	5559	f
buhler	pArTivAH	pArTiva	suffix-strip	12	399	m
buhler	nIcAH	nIca	suffix-strip	12	3181	adj
buhler	sADavaH	sADava	suffix-strip	12	47379	n
buhler	Darma	Darma	surface	12	36	mn
buhler	muKyAH	muKya	suffix-strip	12	757	adj
buhler	kalpate	kalpatA	suffix-strip	12	47379	f
buhler	aSvA	aSvA	surface	12	13286	f
buhler	loBaH	loBa	suffix-strip	13	1139	m
buhler	pApasya	pApa	suffix-strip	13	125	n
buhler	kAraRam	kAraRa	suffix-strip	13	259	n
buhler	SriyA	SriyA	surface	13	47379	f
buhler	balena	bala	suffix-strip	13	63	mn
buhler	duHKAni	duHKa	suffix-strip	13	165	n
buhler	pustakAni	pustaka	suffix-strip	13	5464	mn
buhler	nis	nis	surface	13	21838	m
buhler	paSyata	paSyata	surface	14	47379	adj
buhler	suKena	suKa	suffix-strip	14	141	n
buhler	vakre	vakra	suffix-strip	14	2795	adj
buhler	Asane	Asana	suffix-strip	14	531	n
buhler	SizyAH	Sizya	suffix-strip	14	679	m
buhler	kalahaH	kalaha	suffix-strip	14	3603	mn
buhler	kzatriyAH	kzatriya	suffix-strip	14	511	m
buhler	snuze	snuzA	suffix-strip	14	3145	f
buhler	vaDu	vaDu	surface	14	26474	f
buhler	durjanasya	durjana	suffix-strip	15	5130	m
buhler	sarpasya	sarpa	suffix-strip	15	934	m
buhler	durjanaH	durjana	suffix-strip	15	5130	m
buhler	kAlena	kAla	suffix-strip	15	59	m
buhler	pade	pada	suffix-strip	15	192	mn
buhler	kAvyAni	kAvya	suffix-strip	15	2009	mn
buhler	kanye	kanyA	suffix-strip	15	358	f
buhler	nfpe	nfpa	suffix-strip	15	153	m
buhler	prajA	prajA	surface	15	293	f
buhler	arTAya	arTa	suffix-strip	15	33	mn
buhler	saBAsu	saBA	suffix-strip	15	1086	f
buhler	paRqitEH	paRqita	suffix-strip	15	1743	m
buhler	brAhmaRasya	brAhmaRa	suffix-strip	15	87	m
buhler	ISvaraH	ISvara	suffix-strip	15	228	m
buhler	sevyatAm	sevyatA	suffix-strip	15	35949	f
buhler	SAstrasya	SAstra	suffix-strip	15	381	n
buhler	kartre	kartra	suffix-strip	15	35949	n
buhler	namaH	nama	suffix-strip	15	35949	m
buhler	lokasya	loka	suffix-strip	15	44	m
buhler	N	N	surface	15	8280	m
buhler	kAmaduGA	kAmaduGA	surface	16	11317	f
buhler	buDEH	buDa	suffix-strip	16	788	adj
buhler	patnI	patnI	surface	16	768	f
buhler	rakzaRena	rakzaRa	suffix-strip	16	2335	n
buhler	mAse	mAsa	suffix-strip	16	335	mn
buhler	ta	ta	surface	16	8823	m
buhler	taram	tara	suffix-strip	16	10649	m
buhler	tre	tra	suffix-strip	16	23796	m
buhler	pitu	pitu	surface	16	10858	mn
buhler	tari	tari	surface	16	35949	f
buhler	man	ma	suffix-strip	16	12205	m
buhler	jIvitam	jIvita	suffix-strip	17	611	n
buhler	stenAH	stena	suffix-strip	17	3908	m
buhler	vESyAH	vESya	suffix-strip	17	1082	m
buhler	vARijyena	vARijya	suffix-strip	17	6402	n
buhler	pASupAlyena	pASupAlya	suffix-strip	17	14614	n
buhler	sUta	sUta	surface	18	144	mn
buhler	raTam	raTa	suffix-strip	18	66	m
buhler	kAlidAsasya	kAlidAsa	suffix-strip	18	47379	m
buhler	upanayane	upanayana	suffix-strip	18	6336	n
buhler	yudDe	yudDa	suffix-strip	18	248	n
buhler	prayAge	prayAga	suffix-strip	18	3569	mn
buhler	yaH	ya	suffix-strip	19	7019	m
buhler	me	ma	suffix-strip	19	12205	m
buhler	yena	ya	suffix-strip	19	7019	m
buhler	vAtena	vAta	suffix-strip	19	133	m
buhler	vAri	vAri	surface	19	973	n
buhler	tena	ta	suffix-strip	19	8823	m
buhler	vahati	vahati	surface	19	35949	m
buhler	paRqitaH	paRqita	suffix-strip	19	1743	m
buhler	pArTiva	pArTiva	surface	19	399	m
buhler	tA	tA	surface	19	78	f
buhler	Bavati	Bavati	surface	19	35949	m
buhler	puRyEH	puRya	suffix-strip	19	191	adj
buhler	janAH	jana	suffix-strip	19	140	m
buhler	devakI	devakI	surface	19	3390	f
buhler	vasudevasya	vasudeva	suffix-strip	19	3498	m
buhler	jalena	jala	suffix-strip	19	188	n
buhler	viSve	viSvA	suffix-strip	19	9699	f
buhler	va	va	surface	19	11317	m
buhler	vam	va	suffix-strip	19	11317	m
buhler	ki	ki	surface	19	35949	m
buhler	sahAyena	sahAya	suffix-strip	20	1656	m
buhler	te	ta	suffix-strip	20	8823	m
buhler	ye	ya	suffix-strip	20	7019	m
buhler	pozakaH	pozaka	suffix-strip	20	10449	adj
buhler	viSvAsaH	viSvAsa	suffix-strip	20	3156	m
buhler	BAryA	BAryA	surface	20	402	f
buhler	Sizya	Sizya	surface	20	679	m
buhler	pApA	pApA	surface	20	47379	f
buhler	jagatI	jagatI	surface	20	3354	f
buhler	jIva	jIva	surface	20	942	mn
buhler	Satam	Sata	suffix-strip	20	85	mn
buhler	BaktAH	Bakta	suffix-strip	20	718	m
buhler	padmAni	padma	suffix-strip	20	526	mn
buhler	kOnteya	kOnteya	surface	21	1041	m
buhler	Danam	Dana	suffix-strip	21	287	n
buhler	marutaH	maruta	suffix-strip	21	20365	m
buhler	kAlidAsa	kAlidAsa	surface	21	47379	m
buhler	D	D	surface	21	35949	m
buhler	ganDena	ganDa	suffix-strip	22	238	mn
buhler	vedEH	veda	suffix-strip	22	245	m
buhler	dvijAH	dvija	suffix-strip	22	205	m
buhler	cArEH	cAra	suffix-strip	22	2376	m
buhler	yajYezu	yajYa	suffix-strip	22	123	m
buhler	ya	ya	surface	22	7019	m
buhler	BuvaH	Buva	suffix-strip	22	19118	m
buhler	kAmasya	kAma	suffix-strip	22	80	m
buhler	jyAyAH	jyA	suffix-strip	22	2312	f
buhler	sTAne	sTAna	suffix-strip	22	302	n
buhler	layaH	laya	suffix-strip	22	2734	m
buhler	jIvite	jIvita	suffix-strip	22	611	n
buhler	puri	puri	surface	22	35949	f
buhler	suman	suma	suffix-strip	22	21838	n
buhler	sumana	sumana	surface	22	35949	m
buhler	guRAH	guRa	suffix-strip	23	72	mn
buhler	Aditya	Aditya	surface	23	416	m
buhler	Sreyase	Sreyasa	suffix-strip	23	35949	n
buhler	putrasya	putra	suffix-strip	23	42	m
buhler	udyAne	udyAna	suffix-strip	23	1978	n
buhler	kanyA	kanyA	surface	23	358	f
buhler	apaSyam	apaSya	suffix-strip	23	30141	adj
buhler	mAtA	mAtA	surface	23	2936	f
buhler	rUkzayA	rUkzA	suffix-strip	24	35949	f
buhler	sevyate	sevyatA	suffix-strip	24	35949	f
buhler	hatasya	hata	suffix-strip	24	30141	n
buhler	lomAni	loma	suffix-strip	24	21838	n
buhler	narake	naraka	suffix-strip	24	965	mn
buhler	BftyA	BftyA	surface	24	30141	f
buhler	dine	dina	suffix-strip	24	268	mn
buhler	dvitIye	dvitIya	suffix-strip	24	550	adj
buhler	vedezu	veda	suffix-strip	24	245	m
buhler	loke	loka	suffix-strip	25	44	m
buhler	gOravam	gOrava	suffix-strip	25	1450	n
buhler	vidyayA	vidyA	suffix-strip	25	373	f
buhler	vidyA	vidyA	surface	25	373	f
buhler	kASyA	kASyA	surface	25	35949	f
buhler	pApAH	pApa	suffix-strip	25	125	n
buhler	vipAkena	vipAka	suffix-strip	25	1436	m
buhler	samAgamAya	samAgama	suffix-strip	25	2029	m
buhler	kASyAH	kASya	suffix-strip	25	9223	m
buhler	deSe	deSa	suffix-strip	25	241	m
buhler	takzaSilA	takzaSilA	surface	25	19118	f
buhler	BfgukacCam	BfgukacCa	suffix-strip	25	18073	mfn
buhler	van	va	suffix-strip	25	11317	m
buhler	aha	aha	surface	25	580	mn
buhler	vratam	vrata	suffix-strip	26	277	n
buhler	brahma	brahma	surface	26	15149	m
buhler	strI	strI	surface	26	124	f
buhler	patye	patya	suffix-strip	26	47379	n
buhler	pfTivI	pfTivI	surface	26	251	f
buhler	ete	eta	suffix-strip	26	18073	m
buhler	G	G	surface	26	35949	m
buhler	yam	ya	suffix-strip	26	7019	m
buhler	ap	ap	surface	26	230	m
buhler	ana	ana	surface	26	35949	m
buhler	pum	pum	surface	26	30141	m
buhler	anas	anas	surface	26	8416	n
buhler	yAni	ya	suffix-strip	27	7019	m
buhler	santaH	santa	suffix-strip	27	35949	m
buhler	kzuDA	kzuDA	surface	27	3556	f
buhler	BagnaH	Bagna	suffix-strip	27	6789	n
buhler	paSya	paSya	surface	27	20365	adj
buhler	ApaH	Apa	suffix-strip	27	10027	m
buhler	maDuparka	maDuparka	surface	27	6864	mn
buhler	anena	anena	surface	27	47379	adj
buhler	tam	ta	suffix-strip	27	8823	m
buhler	ena	ena	surface	27	23796	adj
buhler	kara	kara	surface	27	148	adj
buhler	gata	gata	surface	27	7176	n
buhler	rAjYaH	rAjYa	suffix-strip	28	35949	m
buhler	sTitaH	sTita	suffix-strip	28	30141	n
buhler	pfzwaH	pfzwa	suffix-strip	28	26474	n
buhler	mUQaH	mUQa	suffix-strip	28	12205	adj
buhler	KaraH	Kara	suffix-strip	28	1108	m
buhler	siMhasya	siMha	suffix-strip	28	607	m
buhler	hataH	hata	suffix-strip	28	30141	n
buhler	vAcA	vAcA	surface	28	11898	f
buhler	Buktam	Bukta	suffix-strip	28	4845	n
buhler	paTi	paTi	surface	28	26474	m
buhler	gate	gata	suffix-strip	29	7176	n
buhler	paNke	paNka	suffix-strip	29	2607	mn
buhler	nityAni	nitya	suffix-strip	29	513	adj
buhler	yajYAni	yajYa	suffix-strip	29	123	m
buhler	lokAt	loka	suffix-strip	29	44	m
buhler	suptAH	supta	suffix-strip	29	14614	n
buhler	nivedya	nivedya	surface	29	35949	n
buhler	SAntaH	SAnta	suffix-strip	29	12526	m
buhler	maruta	maruta	surface	29	20365	m
buhler	AdAya	AdAya	surface	29	30141	adj
buhler	yajamAnena	yajamAna	suffix-strip	29	3053	m
buhler	dattam	datta	suffix-strip	29	13704	m
buhler	sEnya	sEnya	surface	29	469	n
buhler	yudDAya	yudDa	suffix-strip	29	248	n
buhler	pOrAH	pOra	suffix-strip	30	1547	m
buhler	kAlidAsena	kAlidAsa	suffix-strip	30	47379	m
buhler	samarTa	samarTa	surface	30	1621	adj
buhler	sAmAni	sAma	suffix-strip	30	8940	adj
buhler	geyAni	geya	suffix-strip	30	9079	n
buhler	SrAntasya	SrAnta	suffix-strip	30	21838	m
buhler	brAhmaRaH	brAhmaRa	suffix-strip	30	87	m
buhler	Sakawe	Sakawa	suffix-strip	30	4256	n
buhler	kfzIvala	kfzIvala	surface	30	11317	m
buhler	manaH	mana	suffix-strip	30	23796	m
buhler	kftam	kfta	suffix-strip	30	1333	n
buhler	um	um	surface	30	35949	m
buhler	rava	rava	surface	30	2324	m
buhler	cora	cora	surface	30	4140	m
buhler	deya	deya	surface	30	6436	n
buhler	jya	jya	surface	30	30141	m
buhler	divi	divi	surface	31	19118	m
buhler	purARAni	purARa	suffix-strip	31	870	n
buhler	matam	mata	suffix-strip	31	1685	n
buhler	SAKA	SAKA	surface	31	1421	f
buhler	fgvedasya	fgveda	suffix-strip	31	6041	m
buhler	paYca	paYca	surface	31	47379	adj
buhler	yajurvedasya	yajurveda	suffix-strip	31	6336	m
buhler	sAmavedasya	sAmaveda	suffix-strip	31	6591	m
buhler	nava	nava	surface	31	1016	adj
buhler	SatAni	Sata	suffix-strip	31	85	mn
buhler	Satatame	Satatama	suffix-strip	31	4037	adj
buhler	saMvatsare	saMvatsara	suffix-strip	31	902	mn
buhler	gatAni	gata	suffix-strip	31	7176	n
buhler	zoqaSa	zoqaSa	surface	31	2115	adj
buhler	dattAni	datta	suffix-strip	31	13704	m
buhler	varze	varza	suffix-strip	31	186	mn
buhler	traya	traya	surface	31	443	n
buhler	ra	ra	surface	31	9529	m
buhler	catura	catura	surface	31	6270	adj
buhler	Darme	Darma	suffix-strip	32	36	mn
buhler	mokzAya	mokza	suffix-strip	32	631	m
buhler	yajYeByaH	yajYa	suffix-strip	32	123	m
buhler	trayaH	traya	suffix-strip	32	443	n
buhler	kanizWaH	kanizWa	suffix-strip	32	5559	adj
buhler	Danasya	Dana	suffix-strip	32	287	n
buhler	saMgataH	saMgata	suffix-strip	32	8065	n
buhler	rohiRI	rohiRI	surface	32	2455	f
buhler	steneByaH	stena	suffix-strip	32	3908	m
buhler	surApAH	surApa	suffix-strip	32	7353	adj
buhler	bahu	bahu	surface	32	89	adj
buhler	yas	yas	surface	32	35949	m
buhler	yuvan	yuvan	surface	32	1505	m
buhler	prajAH	praja	suffix-strip	33	21838	adj
buhler	viSrutaH	viSruta	suffix-strip	33	18073	adj
buhler	kaRvasya	kaRva	suffix-strip	33	3156	m
buhler	kaRve	kaRva	suffix-strip	33	3156	m
buhler	tasya	ta	suffix-strip	33	8823	m
buhler	kftrimA	kftrimA	surface	33	47379	f
buhler	duhitA	duhitA	surface	33	26474	f
buhler	SakuntalA	SakuntalA	surface	33	5864	f
buhler	dau	da	suffix-strip	33	367	adj
buhler	hita	hita	surface	33	212	adj
buhler	puru	puru	surface	33	1743	adj
buhler	pakva	pakva	surface	33	875	adj
buhler	yasya	ya	suffix-strip	33	7019	m
buhler	devam	deva	suffix-strip	33	26	m
buhler	padmam	padma	suffix-strip	33	526	mn
buhler	cUqA	cUqA	surface	34	8940	f
buhler	mastake	mastaka	suffix-strip	34	3242	mn
buhler	pulindaH	pulinda	suffix-strip	34	9079	m
buhler	mahAvarAhaH	mahAvarAha	suffix-strip	34	17217	m
buhler	mftaH	mfta	suffix-strip	34	9529	n
buhler	SfgAla	SfgAla	surface	34	6200	m
buhler	prARayAtrA	prARayAtrA	surface	34	15765	f
buhler	muKe	muKa	suffix-strip	34	110	n
buhler	mah	mah	surface	34	1614	adj
buhler	odanam	odana	suffix-strip	34	2089	mn
buhler	devasya	deva	suffix-strip	34	26	m
buhler	asi	asi	surface	34	1656	m
buhler	bala	bala	surface	34	63	mn
buhler	putre	putra	suffix-strip	34	42	m
buhler	sahita	sahita	surface	34	387	adj
buhler	go	go	surface	34	99	mf
buhler	saMyuktaH	saMyukta	suffix-strip	35	35949	m
buhler	vAnaprasTaH	vAnaprasTa	suffix-strip	35	4578	mn
buhler	maGavan	maGavan	surface	35	1355	m
buhler	mftAH	mfta	suffix-strip	35	9529	n
buhler	janmAntare	janmAntara	suffix-strip	35	10649	n
buhler	maDyAhne	maDyAhna	suffix-strip	35	3790	m
buhler	SizyeByaH	Sizya	suffix-strip	35	679	m
buhler	Sramam	Srama	suffix-strip	36	1053	m
buhler	sattama	sattama	surface	36	438	adj
buhler	tra	tra	surface	36	23796	m
buhler	saMSayaH	saMSaya	suffix-strip	36	322	m
buhler	vyalIkAni	vyalIka	suffix-strip	36	8536	n
buhler	priyaH	priya	suffix-strip	36	113	adj
buhler	priya	priya	surface	36	113	adj
buhler	kAyaH	kAya	suffix-strip	36	542	m
buhler	vallaBaH	vallaBa	suffix-strip	36	2972	adj
buhler	rAjan	rAjan	surface	36	23	m
buhler	mahAnase	mahAnasa	suffix-strip	36	7517	mn
buhler	jyam	jya	suffix-strip	36	30141	m
buhler	kzaRe	kzaRa	suffix-strip	37	401	m
buhler	yUpezu	yUpa	suffix-strip	37	3689	m
buhler	prasannA	prasannA	surface	37	11591	f
buhler	sUrya	sUrya	surface	37	236	m
buhler	udaye	udaya	suffix-strip	37	857	m
buhler	BAti	BAti	surface	37	30141	f
buhler	pu	pu	surface	37	18073	m
buhler	anavAptezu	anavApta	suffix-strip	38	16413	adj
buhler	kAmezu	kAma	suffix-strip	38	80	m
buhler	mAnavam	mAnava	suffix-strip	38	840	m
buhler	darSanAni	darSana	suffix-strip	38	272	n
buhler	jihvA	jihvA	surface	38	1004	f
buhler	stOti	stOti	surface	38	35949	m
buhler	ratam	rata	suffix-strip	38	4550	n
buhler	AcAryAH	AcArya	suffix-strip	38	744	m
buhler	sArasAH	sArasa	suffix-strip	38	4006	m
buhler	paRqitAH	paRqita	suffix-strip	38	1743	m
buhler	yanti	yanti	surface	38	47379	f
buhler	karoti	karoti	surface	38	35949	m
buhler	kzayam	kzaya	suffix-strip	38	270	m
buhler	vAcyatAm	vAcyatA	suffix-strip	38	23796	f
buhler	hanti	hanti	surface	38	26474	f
buhler	daSa	daSa	surface	38	30141	m
buhler	gavAnfte	gavAnfta	suffix-strip	38	20365	n
buhler	Sarva	Sarva	surface	38	2825	m
buhler	Bava	Bava	surface	38	562	m
buhler	jagat	jagat	surface	38	13704	adj
buhler	purARezu	purARa	suffix-strip	38	870	n
buhler	mfdA	mfdA	surface	38	23796	f
buhler	iy	iy	surface	38	35949	m
buhler	garam	gara	suffix-strip	38	4116	m
buhler	yaTezwam	yaTezwa	suffix-strip	40	3556	adj
buhler	yugAntare	yugAntara	suffix-strip	40	35949	n
buhler	DIrAH	DIra	suffix-strip	40	1167	adj
buhler	skanDe	skanDa	suffix-strip	40	1214	m
buhler	pApezu	pApa	suffix-strip	40	125	n
buhler	yaSaH	yaSa	suffix-strip	40	23796	n
buhler	manye	manya	suffix-strip	41	35949	m
buhler	mfgaH	mfga	suffix-strip	41	487	m
buhler	mahatI	mahatI	surface	41	11591	f
buhler	Sivasya	Siva	suffix-strip	41	185	m
buhler	rujA	rujA	surface	41	1812	f
buhler	dadAti	dadAti	surface	41	30141	m
buhler	vivAha	vivAha	surface	41	1698	m
buhler	dUta	dUta	surface	42	1243	m
buhler	saMhatAn	saMhata	suffix-strip	42	23796	adj
buhler	SUraH	SUra	suffix-strip	42	421	m
buhler	BUtAni	BUta	suffix-strip	42	103	mn
buhler	raTe	raTa	suffix-strip	42	66	m
buhler	syAt	sya	suffix-strip	42	21838	m
buhler	ja	ja	surface	43	116	adj
buhler	je	ja	suffix-strip	43	116	adj
buhler	cakre	cakra	suffix-strip	43	392	n
buhler	svapnam	svapna	suffix-strip	45	935	mn
buhler	akza	akza	surface	48	456	n
buhler	ukti	ukti	surface	48	3210	f
buhler	UrDva	UrDva	surface	48	630	adj
buhler	Ca	Ca	surface	48	8940	m
buhler	qa	qa	surface	48	21838	m
buhler	pakza	pakza	surface	48	501	m
buhler	ba	ba	surface	48	35949	m
buhler	Ba	Ba	surface	48	8160	n
buhler	Bakta	Bakta	surface	48	718	m
buhler	yakza	yakza	surface	48	790	m
buhler	la	la	surface	48	15765	m
buhler	lakza	lakza	surface	48	1596	mn
buhler	Sa	Sa	surface	48	12205	m
buhler	za	za	surface	48	12205	m
buhler	zawtriMSat	zawtriMSat	surface	48	5509	f
buhler	saMyukta	saMyukta	surface	48	35949	m
buhler	prajan	praja	suffix-strip	48	21838	adj
buhler	ga	ga	surface	48	581	adj
buhler	cam	cam	surface	48	35949	m
buhler	jye	jya	suffix-strip	48	30141	m
buhler	ara	ara	surface	48	5559	n
knauer	prayAge	prayAga	suffix-strip	1	3569	mn
knauer	gaNgA	gaNgA	surface	1	737	f
knauer	yamunayA	yamunA	suffix-strip	1	2520	f
knauer	SizyAH	Sizya	suffix-strip	1	679	m
knauer	masya	ma	suffix-strip	1	12205	m
knauer	raTyAsu	raTyA	suffix-strip	1	5091	f
knauer	nagarasya	nagara	suffix-strip	1	808	mn
knauer	n	n	surface	1	17217	m
knauer	ma	ma	surface	1	12205	m
knauer	gaja	gaja	surface	1	482	m
knauer	narau	nara	suffix-strip	1	83	m
knauer	s	s	surface	1	14114	m
knauer	manu	manu	surface	1	780	m
knauer	y	y	surface	1	11591	m
knauer	ti	ti	surface	1	16413	mn
knauer	hata	hata	surface	1	30141	n
knauer	vinaya	vinaya	surface	1	2099	m
knauer	am	am	surface	1	10649	m
knauer	p	p	surface	1	20365	m
knauer	pasya	pa	suffix-strip	1	19118	m
knauer	k	k	surface	1	6664	m
knauer	ra	ra	surface	1	9529	m
knauer	d	d	surface	1	20365	m
knauer	nfpAya	nfpa	suffix-strip	2	153	m
knauer	pa	pa	surface	2	19118	m
knauer	aSvA	aSvA	surface	2	13286	f
knauer	tra	tra	surface	2	23796	m
knauer	vane	vana	suffix-strip	2	132	n
knauer	bAlAH	bAla	suffix-strip	2	388	m
knauer	BAryAyAH	BAryA	suffix-strip	2	402	f
knauer	devadattaH	devadatta	suffix-strip	2	4657	m
knauer	t	t	surface	2	2644	m
knauer	putra	putra	surface	2	42	m
knauer	re	ra	suffix-strip	2	9529	m
knauer	putrau	putra	suffix-strip	2	42	m
knauer	m	m	surface	2	11898	m
knauer	giri	giri	surface	2	447	m
knauer	vasati	vasati	surface	2	4256	f
knauer	r	r	surface	2	12205	m
knauer	mahe	maha	suffix-strip	2	4413	adj
knauer	nara	nara	surface	2	83	m
knauer	kalpate	kalpatA	suffix-strip	2	47379	f
knauer	vasya	va	suffix-strip	2	11317	m
knauer	v	v	surface	2	18073	m
knauer	yasya	ya	suffix-strip	2	7019	m
knauer	jan	ja	suffix-strip	2	116	adj
knauer	lasya	la	suffix-strip	2	15765	m
knauer	um	um	surface	2	35949	m
knauer	yajati	yajati	surface	2	35949	m
knauer	annam	anna	suffix-strip	2	194	n
knauer	gir	gir	surface	2	848	f
knauer	l	l	surface	2	5660	m
knauer	kalahaH	kalaha	suffix-strip	3	3603	mn
knauer	snuze	snuzA	suffix-strip	3	3145	f
knauer	vaDu	vaDu	surface	3	26474	f
knauer	SriyA	SriyA	surface	3	47379	f
knauer	stenAH	stena	suffix-strip	3	3908	m
knauer	strI	strI	surface	3	124	f
knauer	patye	patya	suffix-strip	3	47379	n
knauer	nagara	nagara	surface	3	808	mn
knauer	stotra	stotra	surface	3	2576	n
knauer	mah	mah	surface	3	1614	adj
knauer	ja	ja	surface	3	116	adj
knauer	cira	cira	surface	3	1417	adj
knauer	sane	sana	suffix-strip	3	11591	adj
knauer	netre	netra	suffix-strip	3	604	mn
knauer	ISvaraH	ISvara	suffix-strip	4	228	m
knauer	sevyate	sevyatA	suffix-strip	4	35949	f
knauer	lokasya	loka	suffix-strip	4	44	m
knauer	namaH	nama	suffix-strip	4	35949	m
knauer	patnI	patnI	surface	4	768	f
knauer	ena	ena	surface	4	23796	adj
knauer	pu	pu	surface	4	18073	m
knauer	ya	ya	surface	4	7019	m
knauer	pe	pa	suffix-strip	4	19118	m
knauer	kartre	kartra	suffix-strip	4	35949	n
knauer	nama	nama	surface	4	35949	m
knauer	kanye	kanyA	suffix-strip	4	358	f
knauer	SizyA	SizyA	surface	5	13704	f
knauer	puri	puri	surface	5	35949	f
knauer	pArTiva	pArTiva	surface	5	399	m
knauer	BarataKaRqasya	BarataKaRqa	suffix-strip	5	47379	n
knauer	kzatriyA	kzatriyA	surface	5	5613	f
knauer	brahma	brahma	surface	5	15149	m
knauer	SivAH	Siva	suffix-strip	5	185	m
knauer	pApAH	pApa	suffix-strip	5	125	n
knauer	vipAkena	vipAka	suffix-strip	5	1436	m
knauer	dvitIye	dvitIya	suffix-strip	5	550	adj
knauer	deSe	deSa	suffix-strip	5	241	m
knauer	takzaSilA	takzaSilA	surface	5	19118	f
knauer	puru	puru	surface	5	1743	adj
knauer	da	da	surface	5	367	adj
knauer	jya	jya	surface	5	30141	m
knauer	putram	putra	suffix-strip	5	42	m
knauer	ga	ga	surface	5	581	adj
knauer	asta	asta	surface	5	2055	m
knauer	ta	ta	surface	5	8823	m
knauer	yajYezu	yajYa	suffix-strip	6	123	m
knauer	jIvite	jIvita	suffix-strip	6	611	n
knauer	raRe	raRa	suffix-strip	6	252	m
knauer	devA	devA	surface	6	35949	f
knauer	vedezu	veda	suffix-strip	6	245	m
knauer	pAwaliputrasya	pAwaliputra	suffix-strip	6	18073	n
knauer	SUdraH	SUdra	suffix-strip	6	680	m
knauer	candram	candra	suffix-strip	6	454	m
knauer	pur	pur	surface	6	3466	f
knauer	urva	urva	surface	6	47379	m
knauer	payas	payas	surface	6	486	n
knauer	va	va	surface	6	11317	m
knauer	vasu	vasu	surface	6	458	mn
knauer	me	ma	suffix-strip	6	12205	m
knauer	man	ma	suffix-strip	6	12205	m
knauer	tva	tva	surface	6	46	n
knauer	us	us	surface	6	21838	m
knauer	putrasya	putra	suffix-strip	7	42	m
knauer	suKena	suKa	suffix-strip	7	141	n
knauer	hatasya	hata	suffix-strip	7	30141	n
knauer	lomAni	loma	suffix-strip	7	21838	n
knauer	narake	naraka	suffix-strip	7	965	mn
knauer	dine	dina	suffix-strip	7	268	mn
knauer	mAtA	mAtA	surface	7	2936	f
knauer	kASyA	kASyA	surface	7	35949	f
knauer	trayaH	traya	suffix-strip	7	443	n
knauer	ne	nA	suffix-strip	7	30141	f
knauer	yan	yan	surface	7	35949	m
knauer	j	j	surface	7	35949	m
knauer	tara	tara	surface	7	10649	m
knauer	gam	ga	suffix-strip	7	581	adj
knauer	brAhmaRaH	brAhmaRa	suffix-strip	8	87	m
knauer	kzatriyAt	kzatriya	suffix-strip	8	511	m
knauer	mokzAya	mokza	suffix-strip	8	631	m
knauer	yajYeByaH	yajYa	suffix-strip	8	123	m
knauer	Satatame	Satatama	suffix-strip	8	4037	adj
knauer	saMvatsare	saMvatsara	suffix-strip	8	902	mn
knauer	SatAni	Sata	suffix-strip	8	85	mn
knauer	gatAni	gata	suffix-strip	8	7176	n
knauer	zoqaSa	zoqaSa	surface	8	2115	adj
knauer	brAhma	brAhma	surface	8	1698	adj
knauer	dattAni	datta	suffix-strip	8	13704	m
knauer	azwame	azwama	suffix-strip	8	1480	adj
knauer	varze	varza	suffix-strip	8	186	mn
knauer	dvAdaSe	dvAdaSa	suffix-strip	8	3480	adj
knauer	vESyam	vESya	suffix-strip	8	1082	m
knauer	h	h	surface	8	21838	m
knauer	jye	jya	suffix-strip	8	30141	m
knauer	divi	divi	surface	8	19118	m
knauer	jam	ja	suffix-strip	8	116	adj
knauer	taya	taya	surface	8	26474	m
knauer	yajurvedasya	yajurveda	suffix-strip	8	6336	m
knauer	nave	nava	suffix-strip	8	1016	adj
knauer	Bavati	Bavati	surface	9	35949	m
knauer	devakI	devakI	surface	9	3390	f
knauer	vasudevasya	vasudeva	suffix-strip	9	3498	m
knauer	yAni	ya	suffix-strip	9	7019	m
knauer	BagnaH	Bagna	suffix-strip	9	6789	n
knauer	viSvAsaH	viSvAsa	suffix-strip	9	3156	m
knauer	SradDA	SradDA	surface	9	967	f
knauer	BavAn	Bava	suffix-strip	9	562	m
knauer	rakzitA	rakzitA	surface	9	35949	f
knauer	ge	ga	suffix-strip	9	581	adj
knauer	ve	va	suffix-strip	9	11317	m
knauer	ki	ki	surface	9	35949	m
knauer	yati	yati	surface	9	2131	m
knauer	ete	eta	suffix-strip	9	18073	m
knauer	pum	pum	surface	9	30141	m
knauer	daye	daya	suffix-strip	9	35949	m
knauer	sanam	sana	suffix-strip	9	11591	adj
knauer	sti	sti	surface	9	35949	m
knauer	sUktAni	sUkta	suffix-strip	10	2455	n
knauer	rAmaH	rAma	suffix-strip	10	134	m
knauer	Sizyasya	Sizya	suffix-strip	10	679	m
knauer	pApA	pApA	surface	10	47379	f
knauer	SAstre	SAstra	suffix-strip	10	381	n
knauer	pattre	pattra	suffix-strip	10	313	mn
knauer	bAlaH	bAla	suffix-strip	10	388	m
knauer	devAH	deva	suffix-strip	10	26	m
knauer	tasya	ta	suffix-strip	10	8823	m
knauer	DarmAya	Darma	suffix-strip	10	36	mn
knauer	arTAya	arTa	suffix-strip	10	33	mn
knauer	saBAsu	saBA	suffix-strip	10	1086	f
knauer	paRqitEH	paRqita	suffix-strip	10	1743	m
knauer	brAhmaRasya	brAhmaRa	suffix-strip	10	87	m
knauer	in	in	surface	10	21838	m
knauer	jalam	jala	suffix-strip	10	188	n
knauer	c	c	surface	10	4022	m
knauer	mati	mati	surface	10	515	f
knauer	mam	ma	suffix-strip	10	12205	m
knauer	vau	va	suffix-strip	10	11317	m
knauer	tirya	tirya	surface	10	47379	adj
knauer	sahas	sahas	surface	10	1002	n
knauer	vittam	vitta	suffix-strip	10	1411	n
knauer	ap	ap	surface	10	230	m
knauer	hara	hara	surface	10	327	adj
knauer	num	num	surface	10	20365	m
knauer	citta	citta	surface	10	343	n
knauer	care	cara	suffix-strip	10	1717	adj
knauer	tarau	tara	suffix-strip	10	10649	m
knauer	ijyena	ijya	suffix-strip	10	30141	m
knauer	pati	pati	surface	10	145	m
knauer	tisf	tisf	surface	11	35949	f
knauer	AcAryAH	AcArya	suffix-strip	11	744	m
knauer	duzwAH	duzwa	suffix-strip	11	2936	adj
knauer	Sivasya	Siva	suffix-strip	11	185	m
knauer	pArvatI	pArvatI	surface	11	2402	f
knauer	rujayA	rujA	suffix-strip	11	1812	f
knauer	yas	yas	surface	11	35949	m
knauer	laka	laka	surface	11	47379	n
knauer	it	it	surface	11	4716	m
knauer	yanti	yanti	surface	11	47379	f
knauer	tam	ta	suffix-strip	11	8823	m
knauer	te	ta	suffix-strip	11	8823	m
knauer	tan	ta	suffix-strip	11	8823	m
knauer	guru	guru	surface	11	84	m
knauer	ye	ya	suffix-strip	11	7019	m
knauer	la	la	surface	11	15765	m
knauer	mahat	mahat	surface	11	16	adj
knauer	caran	cara	suffix-strip	11	1717	adj
knauer	svarga	svarga	surface	11	344	m
knauer	mUlAni	mUla	suffix-strip	12	164	mn
knauer	PalAni	Pala	suffix-strip	12	70	n
knauer	vana	vana	surface	12	132	n
knauer	yaH	ya	suffix-strip	12	7019	m
knauer	balena	bala	suffix-strip	12	63	mn
knauer	SUraH	SUra	suffix-strip	12	421	m
knauer	muni	muni	surface	12	96	m
knauer	soma	soma	surface	12	201	m
knauer	abda	abda	surface	12	1883	mn
knauer	kuru	kuru	surface	12	340	m
knauer	ala	ala	surface	12	35949	n
knauer	vaya	vaya	surface	12	35949	m
knauer	narasya	nara	suffix-strip	12	83	m
knauer	cittam	citta	suffix-strip	12	343	n
knauer	kta	kta	surface	12	11317	m
knauer	ina	ina	surface	12	10449	adj
knauer	kzipram	kzipra	suffix-strip	13	4883	adj
knauer	raRezu	raRa	suffix-strip	13	252	m
knauer	rAjendra	rAjendra	surface	13	15149	m
knauer	gami	gami	surface	13	19118	m
knauer	pralaye	pralaya	suffix-strip	13	2318	m
knauer	vedam	veda	suffix-strip	13	245	m
knauer	cari	cari	surface	13	13704	f
knauer	apeya	apeya	surface	13	10649	adj
knauer	haMsAH	haMsa	suffix-strip	14	1084	m
knauer	gopasya	gopa	suffix-strip	14	2538	m
knauer	sute	suta	suffix-strip	14	147	m
knauer	priye	priya	suffix-strip	14	113	adj
knauer	samayam	samaya	suffix-strip	14	697	m
knauer	sya	sya	surface	14	21838	m
knauer	paRqitaH	paRqita	suffix-strip	15	1743	m
knauer	mena	ma	suffix-strip	15	12205	m
knauer	gatezu	gata	suffix-strip	15	7176	n
knauer	pArTivezu	pArTiva	suffix-strip	15	399	m
knauer	nalasya	nala	suffix-strip	15	2115	m
knauer	mftasya	mfta	suffix-strip	15	9529	n
knauer	nfpasya	nfpa	suffix-strip	15	153	m
knauer	parAkramaH	parAkrama	suffix-strip	15	1058	m
knauer	tataH	tata	suffix-strip	15	15149	m
knauer	praBfti	praBfti	surface	15	860	f
knauer	nala	nala	surface	15	2115	m
knauer	patitve	patitva	suffix-strip	15	14114	n
knauer	damana	damana	surface	15	5864	m
knauer	vara	vara	surface	15	82	adj
knauer	anye	anyA	suffix-strip	15	35949	f
knauer	gatam	gata	suffix-strip	15	7176	n
knauer	ay	ay	surface	15	30141	m
knauer	Gftena	Gfta	suffix-strip	16	269	n
knauer	aSvena	aSva	suffix-strip	16	249	m
knauer	praBUtaH	praBUta	suffix-strip	16	3446	adj
knauer	narEH	nara	suffix-strip	16	83	m
knauer	kawAH	kawa	suffix-strip	16	7790	m
knauer	pan	pa	suffix-strip	16	19118	m
knauer	mitre	mitra	suffix-strip	16	418	mn
knauer	cinti	cinti	surface	16	47379	m
knauer	yena	ya	suffix-strip	16	7019	m
knauer	raTam	raTa	suffix-strip	17	66	m
knauer	yudDe	yudDa	suffix-strip	17	248	n
knauer	hfcCayam	hfcCaya	suffix-strip	17	13704	m
knauer	SarIrasya	SarIra	suffix-strip	17	213	n
knauer	SASvatam	SASvata	suffix-strip	17	1308	adj
knauer	ayati	ayati	surface	17	35949	m
knauer	sasya	sasya	surface	17	2901	mn
knauer	upanayane	upanayana	suffix-strip	17	6336	n
knauer	mahya	mahya	surface	17	47379	m
knauer	vapu	vapu	surface	17	47379	m
knauer	yam	ya	suffix-strip	17	7019	m
knauer	karam	kara	suffix-strip	17	148	adj
knauer	cakre	cakra	suffix-strip	17	392	n
knauer	pam	pa	suffix-strip	17	19118	m
knauer	kzetrezu	kzetra	suffix-strip	18	815	mn
knauer	yuDi	yuDi	surface	18	35949	m
knauer	gataH	gata	suffix-strip	18	7176	n
knauer	prajA	prajA	surface	18	293	f
knauer	gata	gata	surface	18	7176	n
knauer	yavane	yavana	suffix-strip	18	4753	m
knauer	gate	gata	suffix-strip	18	7176	n
knauer	mau	ma	suffix-strip	18	12205	m
knauer	patita	patita	surface	18	11092	adj
knauer	yavana	yavana	surface	18	4753	m
knauer	hati	hati	surface	18	16413	f
knauer	tavyam	tavya	suffix-strip	18	30141	adj
knauer	kartu	kartu	surface	18	9699	m
knauer	manaH	mana	suffix-strip	19	23796	m
knauer	narAH	nara	suffix-strip	19	83	m
knauer	suptAH	supta	suffix-strip	19	14614	n
knauer	svA	svA	surface	19	35949	f
knauer	nivedya	nivedya	surface	19	35949	n
knauer	mfte	mfta	suffix-strip	19	9529	n
knauer	pOrAH	pOra	suffix-strip	19	1547	m
knauer	kAlidAsena	kAlidAsa	suffix-strip	19	47379	m
knauer	kftam	kfta	suffix-strip	19	1333	n
knauer	vam	va	suffix-strip	19	11317	m
kochergina	gam	ga	suffix-strip	2	581	adj
kochergina	vacana	vacana	surface	2	202	n
kochergina	vara	vara	surface	2	82	adj
kochergina	nArada	nArada	surface	3	703	m
kochergina	kuru	kuru	surface	3	340	m
kochergina	m	m	surface	3	11898	m
kochergina	praTamaH	praTama	suffix-strip	4	439	adj
kochergina	sargaH	sarga	suffix-strip	4	1109	m
kochergina	varam	vara	suffix-strip	4	82	adj
kochergina	sAvitrI	sAvitrI	surface	4	2115	f
kochergina	rAjan	rAjan	surface	4	23	m
kochergina	mahABArate	mahABArata	suffix-strip	4	8160	mn
kochergina	t	t	surface	4	2644	m
kochergina	kta	kta	surface	5	11317	m
kochergina	S	S	surface	5	13286	m
kochergina	AcAryaH	AcArya	suffix-strip	5	744	m
kochergina	mahat	mahat	surface	5	16	adj
kochergina	pApam	pApa	suffix-strip	5	125	n
kochergina	kzatriyaH	kzatriya	suffix-strip	5	511	m
kochergina	s	s	surface	5	14114	m
kochergina	madre	madra	suffix-strip	5	1769	m
kochergina	mah	mah	surface	5	1614	adj
kochergina	N	N	surface	5	8280	m
kochergina	j	j	surface	5	35949	m
kochergina	n	n	surface	5	17217	m
kochergina	ma	ma	surface	5	12205	m
kochergina	v	v	surface	5	18073	m
kochergina	d	d	surface	5	20365	m
kochergina	c	c	surface	5	4022	m
kochergina	makzikA	makzikA	surface	6	5559	f
kochergina	pArTivAH	pArTiva	suffix-strip	6	399	m
kochergina	nIcAH	nIca	suffix-strip	6	3181	adj
kochergina	sADavaH	sADava	suffix-strip	6	47379	n
kochergina	ti	ti	surface	6	16413	mn
kochergina	hate	hata	suffix-strip	6	30141	n
kochergina	tum	tum	surface	6	35949	m
kochergina	sarga	sarga	surface	6	1109	m
kochergina	k	k	surface	6	6664	m
kochergina	kate	kata	suffix-strip	6	23796	mn
kochergina	r	r	surface	6	12205	m
kochergina	ya	ya	surface	6	7019	m
kochergina	suputra	suputra	surface	6	35949	m
kochergina	vana	vana	surface	6	132	n
kochergina	gaja	gaja	surface	6	482	m
kochergina	ta	ta	surface	6	8823	m
kochergina	yaTepsitam	yaTepsita	suffix-strip	7	10649	adj
kochergina	gatam	gata	suffix-strip	7	7176	n
kochergina	h	h	surface	7	21838	m
kochergina	ra	ra	surface	7	9529	m
kochergina	aham	aha	suffix-strip	7	580	mn
kochergina	pa	pa	surface	7	19118	m
kochergina	suKAni	suKa	suffix-strip	8	141	n
kochergina	duHKAni	duHKa	suffix-strip	8	165	n
kochergina	saMvAdaH	saMvAda	suffix-strip	8	2694	m
kochergina	rAmaH	rAma	suffix-strip	8	134	m
kochergina	devaH	deva	suffix-strip	8	26	m
kochergina	kimarTam	kimarTa	suffix-strip	8	6402	adj
kochergina	aDyayanAya	aDyayana	suffix-strip	8	2245	n
kochergina	pustakAni	pustaka	suffix-strip	8	5464	mn
kochergina	puzpeByaH	puzpa	suffix-strip	8	293	n
kochergina	jana	jana	surface	8	140	m
kochergina	pacate	pacata	suffix-strip	8	30141	adj
kochergina	p	p	surface	8	20365	m
kochergina	hati	hati	surface	8	16413	f
kochergina	hanti	hanti	surface	8	26474	f
kochergina	ante	anta	suffix-strip	8	115	m
kochergina	mahe	maha	suffix-strip	8	4413	adj
kochergina	suta	suta	surface	8	147	m
kochergina	vanti	vanti	surface	8	47379	f
kochergina	putra	putra	surface	8	42	m
kochergina	asti	asti	surface	9	14114	m
kochergina	sti	sti	surface	9	35949	m
kochergina	Palam	Pala	suffix-strip	9	70	n
kochergina	Pa	Pa	surface	9	20365	m
kochergina	hastasya	hasta	suffix-strip	9	278	mn
kochergina	kaRWasya	kaRWa	suffix-strip	9	805	m
kochergina	BUzaRam	BUzaRa	suffix-strip	9	1196	n
kochergina	Srotrasya	Srotra	suffix-strip	9	1262	n
kochergina	SAstram	SAstra	suffix-strip	9	381	n
kochergina	BUzaREH	BUzaRa	suffix-strip	9	1196	n
kochergina	prayojanam	prayojana	suffix-strip	9	2115	n
kochergina	loBaH	loBa	suffix-strip	9	1139	m
kochergina	pApasya	pApa	suffix-strip	9	125	n
kochergina	kAraRam	kAraRa	suffix-strip	9	259	n
kochergina	jala	jala	surface	9	188	n
kochergina	nagara	nagara	surface	9	808	mn
kochergina	va	va	surface	9	11317	m
kochergina	vane	vana	suffix-strip	9	132	n
kochergina	taru	taru	surface	9	1854	m
kochergina	D	D	surface	9	35949	m
kochergina	sut	sut	surface	9	23796	adj
kochergina	van	va	suffix-strip	9	11317	m
kochergina	G	G	surface	9	35949	m
kochergina	l	l	surface	9	5660	m
kochergina	jan	ja	suffix-strip	9	116	adj
kochergina	annam	anna	suffix-strip	9	194	n
kochergina	ki	ki	surface	9	35949	m
kochergina	hastena	hasta	suffix-strip	9	278	mn
kochergina	prayAge	prayAga	suffix-strip	10	3569	mn
kochergina	gaNgA	gaNgA	surface	10	737	f
kochergina	yamunayA	yamunA	suffix-strip	10	2520	f
kochergina	grAmasya	grAma	suffix-strip	10	887	mn
kochergina	raTyAsu	raTyA	suffix-strip	10	5091	f
kochergina	aSvA	aSvA	surface	10	13286	f
kochergina	vidyA	vidyA	surface	10	373	f
kochergina	devatA	devatA	surface	10	385	f
kochergina	sItA	sItA	surface	10	709	f
kochergina	sItayA	sItA	suffix-strip	10	709	f
kochergina	DArtarAzwrEH	DArtarAzwra	suffix-strip	10	1129	m
kochergina	araRye	araRya	suffix-strip	10	1242	n
kochergina	AcAryA	AcAryA	surface	10	47379	f
kochergina	yena	ya	suffix-strip	10	7019	m
kochergina	ram	ra	suffix-strip	10	9529	m
kochergina	mau	ma	suffix-strip	10	12205	m
kochergina	y	y	surface	10	11591	m
kochergina	divase	divasa	suffix-strip	10	946	mn
kochergina	mati	mati	surface	10	515	f
kochergina	dat	dat	surface	10	13704	m
kochergina	ay	ay	surface	10	30141	m
kochergina	masya	ma	suffix-strip	10	12205	m
kochergina	yau	ya	suffix-strip	10	7019	m
kochergina	caturaH	catura	suffix-strip	11	6270	adj
kochergina	SfgAlaH	SfgAla	suffix-strip	11	6200	m
kochergina	BojanAya	Bojana	suffix-strip	11	658	n
kochergina	siMhasya	siMha	suffix-strip	11	607	m
kochergina	SfgAla	SfgAla	surface	11	6200	m
kochergina	guhe	guhA	suffix-strip	11	1717	f
kochergina	jalam	jala	suffix-strip	11	188	n
kochergina	nivarta	nivarta	surface	11	35949	adj
kochergina	te	ta	suffix-strip	11	8823	m
kochergina	vada	vada	surface	11	18073	m
kochergina	cara	cara	surface	11	1717	adj
kochergina	udaya	udaya	surface	11	857	m
kochergina	netre	netra	suffix-strip	11	604	mn
kochergina	svasti	svasti	surface	11	1150	fn
kochergina	kartre	kartra	suffix-strip	11	35949	n
kochergina	aha	aha	surface	11	580	mn
kochergina	re	ra	suffix-strip	11	9529	m
kochergina	aka	aka	surface	11	21838	n
kochergina	le	la	suffix-strip	11	15765	m
kochergina	am	am	surface	11	10649	m
kochergina	it	it	surface	11	4716	m
kochergina	la	la	surface	11	15765	m
kochergina	tara	tara	surface	11	10649	m
kochergina	ne	nA	suffix-strip	11	30141	f
kochergina	guru	guru	surface	11	84	m
kochergina	ga	ga	surface	11	581	adj
kochergina	tam	ta	suffix-strip	11	8823	m
kochergina	catura	catura	surface	11	6270	adj
kochergina	ac	ac	surface	11	13704	m
kochergina	tva	tva	surface	11	46	n
kochergina	nitya	nitya	surface	11	513	adj
kochergina	hvaya	hvaya	surface	11	13286	adj
kochergina	garjanam	garjana	suffix-strip	11	20365	n
kochergina	lau	la	suffix-strip	11	15765	m
kochergina	satya	satya	surface	11	130	n
kochergina	ijyena	ijya	suffix-strip	11	30141	m
kochergina	nara	nara	surface	11	83	m
kochergina	durjana	durjana	surface	11	5130	m
kochergina	yanti	yanti	surface	11	47379	f
kochergina	in	in	surface	11	21838	m
kochergina	hari	hari	surface	11	217	m
kochergina	padma	padma	surface	11	526	mn
kochergina	vasati	vasati	surface	11	4256	f
kochergina	kira	kira	surface	11	47379	adj
kochergina	nama	nama	surface	11	35949	m
kochergina	lasya	la	suffix-strip	11	15765	m
kochergina	manu	manu	surface	11	780	m
kochergina	ye	ya	suffix-strip	11	7019	m
kochergina	nandam	nanda	suffix-strip	11	2644	m
kochergina	hala	hala	surface	11	5931	mn
kochergina	ika	ika	surface	11	30141	m
kochergina	vistare	vistara	suffix-strip	11	988	m
kochergina	vinaya	vinaya	surface	11	2099	m
kochergina	tata	tata	surface	11	15149	m
kochergina	pati	pati	surface	11	145	m
kochergina	trau	tra	suffix-strip	11	23796	m
kochergina	gami	gami	surface	11	19118	m
kochergina	yati	yati	surface	11	2131	m
kochergina	nirantara	nirantara	surface	11	5157	adj
kochergina	vastra	vastra	surface	11	437	mn
kochergina	syati	syati	surface	11	30141	m
kochergina	tejasvin	tejasvin	surface	11	2318	adj
kochergina	tarau	tara	suffix-strip	11	10649	m
kochergina	vESyAH	vESya	suffix-strip	12	1082	m
kochergina	vARijyena	vARijya	suffix-strip	12	6402	n
kochergina	pASupAlyena	pASupAlya	suffix-strip	12	14614	n
kochergina	naraH	nara	suffix-strip	12	83	m
kochergina	durjanAn	durjana	suffix-strip	12	5130	m
kochergina	raTasya	raTa	suffix-strip	12	66	m
kochergina	Sastrasya	Sastra	suffix-strip	12	505	n
kochergina	SAstrasya	SAstra	suffix-strip	12	381	n
kochergina	vidye	vidyA	suffix-strip	12	373	f
kochergina	cam	cam	surface	12	35949	m
kochergina	mam	ma	suffix-strip	12	12205	m
kochergina	pur	pur	surface	12	3466	f
kochergina	bAlAH	bAla	suffix-strip	13	388	m
kochergina	vajrAt	vajra	suffix-strip	13	289	mn
kochergina	Bayam	Baya	suffix-strip	13	181	n
kochergina	vAtAt	vAta	suffix-strip	13	133	m
kochergina	div	div	surface	13	238	m
kochergina	SriyA	SriyA	surface	14	47379	f
kochergina	suKena	suKa	suffix-strip	14	141	n
kochergina	Bava	Bava	surface	14	562	m
kochergina	Baja	Baja	surface	14	35949	m
kochergina	smara	smara	surface	14	2920	m
kochergina	daridrAn	daridra	suffix-strip	14	2876	adj
kochergina	Bara	Bara	surface	14	2772	m
kochergina	kOnteya	kOnteya	surface	14	1041	m
kochergina	Danam	Dana	suffix-strip	14	287	n
kochergina	nIrujasya	nIruja	suffix-strip	14	7706	adj
kochergina	man	ma	suffix-strip	14	12205	m
kochergina	pu	pu	surface	14	18073	m
kochergina	aSvaH	aSva	suffix-strip	15	249	m
kochergina	Danena	Dana	suffix-strip	15	287	n
kochergina	maDyAhne	maDyAhna	suffix-strip	15	3790	m
kochergina	sUryaH	sUrya	suffix-strip	15	236	m
kochergina	praBAte	praBAta	suffix-strip	15	2689	n
kochergina	sUrya	sUrya	surface	15	236	m
kochergina	sUryasya	sUrya	suffix-strip	15	236	m
kochergina	prakASaH	prakASa	suffix-strip	15	1006	m
kochergina	Bavati	Bavati	surface	15	35949	m
kochergina	kiraRAH	kiraRa	suffix-strip	15	3745	m
kochergina	SiKarezu	SiKara	suffix-strip	15	1672	mn
kochergina	janAH	jana	suffix-strip	15	140	m
kochergina	niSA	niSA	surface	15	637	f
kochergina	sUryAya	sUrya	suffix-strip	15	236	m
kochergina	namaH	nama	suffix-strip	15	35949	m
kochergina	gagane	gagana	suffix-strip	15	1353	n
kochergina	capalA	capalA	surface	15	12205	f
kochergina	sarA	sarA	surface	15	26474	f
kochergina	kfzakAH	kfzaka	suffix-strip	15	12205	m
kochergina	bIjAni	bIja	suffix-strip	15	303	mn
kochergina	pakvAni	pakva	suffix-strip	15	875	adj
kochergina	asta	asta	surface	15	2055	m
kochergina	gata	gata	surface	15	7176	n
kochergina	vaH	va	suffix-strip	16	11317	m
kochergina	nagarasya	nagara	suffix-strip	16	808	mn
kochergina	SoBanAni	SoBana	suffix-strip	16	1132	adj
kochergina	kAle	kAla	suffix-strip	16	59	m
kochergina	manuzyezu	manuzya	suffix-strip	16	426	m
kochergina	kfzakaH	kfzaka	suffix-strip	16	12205	m
kochergina	ApaRikaH	ApaRika	suffix-strip	16	35949	m
kochergina	AkASe	AkASa	suffix-strip	16	614	mn
kochergina	SukraH	Sukra	suffix-strip	16	530	n
kochergina	candrasya	candra	suffix-strip	16	454	m
kochergina	tasya	ta	suffix-strip	16	8823	m
kochergina	sUryAt	sUrya	suffix-strip	16	236	m
kochergina	Suklapakze	Suklapakza	suffix-strip	16	12880	m
kochergina	candraH	candra	suffix-strip	16	454	m
kochergina	kfzRapakze	kfzRapakza	suffix-strip	16	17217	m
kochergina	tArA	tArA	surface	16	2079	f
kochergina	kfzRapakzasya	kfzRapakza	suffix-strip	16	17217	m
kochergina	prakASena	prakASa	suffix-strip	16	1006	m
kochergina	vayam	vaya	suffix-strip	16	35949	m
kochergina	AkASasya	AkASa	suffix-strip	16	614	mn
kochergina	krame	krama	suffix-strip	16	549	m
kochergina	sAvitri	sAvitri	surface	17	35949	f
kochergina	SoBane	SoBana	suffix-strip	17	1132	adj
kochergina	pradAnam	pradAna	suffix-strip	17	1573	n
kochergina	dadAti	dadAti	surface	17	30141	m
kochergina	tataH	tata	suffix-strip	17	15149	m
kochergina	suKam	suKa	suffix-strip	17	141	n
kochergina	karoti	karoti	surface	17	35949	m
kochergina	kAvyAni	kAvya	suffix-strip	17	2009	mn
kochergina	paRqitaH	paRqita	suffix-strip	17	1743	m
kochergina	sOraBam	sOraBa	suffix-strip	17	9223	n
kochergina	nirAmayAH	nirAmaya	suffix-strip	17	4915	adj
kochergina	anena	anena	surface	17	47379	adj
kochergina	ahasta	ahasta	surface	17	23796	adj
kochergina	hastau	hasta	suffix-strip	17	278	mn
kochergina	dau	da	suffix-strip	17	367	adj
kochergina	pura	pura	surface	17	434	n
kochergina	ahastena	ahasta	suffix-strip	17	23796	adj
kochergina	haste	hasta	suffix-strip	17	278	mn
kochergina	da	da	surface	17	367	adj
kochergina	kzipram	kzipra	suffix-strip	18	4883	adj
kochergina	kfzRaH	kfzRa	suffix-strip	18	128	m
kochergina	kanyA	kanyA	surface	18	358	f
kochergina	tejasvinI	tejasvinI	surface	18	19118	f
kochergina	sOmya	sOmya	surface	18	1094	adj
kochergina	viDAya	viDa	suffix-strip	18	18073	m
kochergina	raTena	raTa	suffix-strip	19	66	m
kochergina	bAla	bAla	surface	19	388	m
kochergina	patnI	patnI	surface	19	768	f
kochergina	jIvane	jIvana	suffix-strip	19	2520	n
kochergina	vAcyaH	vAcya	suffix-strip	19	10858	n
kochergina	saMjaya	saMjaya	surface	19	588	m
kochergina	pArTa	pArTa	surface	19	261	m
kochergina	pitAmahAn	pitAmaha	suffix-strip	19	509	m
kochergina	mAtA	mAtA	surface	20	2936	f
kochergina	vinAyakasya	vinAyaka	suffix-strip	20	5509	m
kochergina	danta	danta	surface	20	981	mn
kochergina	muKe	muKa	suffix-strip	20	110	n
kochergina	SuRqA	SuRqA	surface	20	30141	f
kochergina	viGnAn	viGna	suffix-strip	20	2020	mn
kochergina	govindaH	govinda	suffix-strip	20	1779	m
kochergina	tena	ta	suffix-strip	20	8823	m
kochergina	vakratuRqa	vakratuRqa	surface	20	20365	m
kochergina	mahAkAya	mahAkAya	surface	20	13704	m
kochergina	me	ma	suffix-strip	20	12205	m
kochergina	deva	deva	surface	20	26	m
kochergina	sya	sya	surface	20	21838	m
kochergina	gajasya	gaja	suffix-strip	20	482	m
kochergina	cakre	cakra	suffix-strip	20	392	n
kochergina	nalasya	nala	suffix-strip	20	2115	m
kochergina	prayatnena	prayatna	suffix-strip	20	841	m
kochergina	janena	jana	suffix-strip	20	140	m
kochergina	vandyate	vandyatA	suffix-strip	20	47379	f
kochergina	parvatasya	parvata	suffix-strip	20	369	mn
kochergina	ruditam	rudita	suffix-strip	20	8160	n
kochergina	mitrasya	mitra	suffix-strip	20	418	mn
kochergina	pam	pa	suffix-strip	20	19118	m
kochergina	rada	rada	surface	20	13286	m
kochergina	parame	parama	suffix-strip	20	106	adj
kochergina	dantau	danta	suffix-strip	20	981	mn
kochergina	govinda	govinda	surface	20	1779	m
kochergina	jaya	jaya	surface	20	673	m
kochergina	is	is	surface	20	26474	m
kochergina	pe	pa	suffix-strip	20	19118	m
kochergina	taya	taya	surface	20	26474	m
kochergina	ja	ja	surface	20	116	adj
kochergina	mitra	mitra	surface	20	418	mn
kochergina	sena	sena	surface	20	23796	m
kochergina	um	um	surface	20	35949	m
kochergina	vena	vena	surface	20	5660	m
kochergina	vare	vara	suffix-strip	20	82	adj
kochergina	tulya	tulya	surface	20	331	adj
kochergina	vanam	vana	suffix-strip	20	132	n
kochergina	naya	naya	surface	20	2795	m
kochergina	nanda	nanda	surface	20	2644	m
kochergina	yase	yasa	suffix-strip	20	35949	m
kochergina	akasya	aka	suffix-strip	20	21838	n
kochergina	nare	nara	suffix-strip	20	83	m
kochergina	patita	patita	surface	20	11092	adj
kochergina	ala	ala	surface	20	35949	n
kochergina	daha	daha	surface	20	26474	m
kochergina	sutA	sutA	surface	21	1134	f
kochergina	rUpe	rUpa	suffix-strip	21	64	n
kochergina	SIle	SIla	suffix-strip	21	672	mn
kochergina	nfpaH	nfpa	suffix-strip	21	153	m
kochergina	Darma	Darma	surface	21	36	mn
kochergina	mArge	mArga	suffix-strip	21	489	m
kochergina	sEnikAH	sEnika	suffix-strip	21	2908	m
kochergina	sTAne	sTAna	suffix-strip	21	302	n
kochergina	piba	piba	surface	21	47379	adj
kochergina	janakAya	janaka	suffix-strip	22	1828	m
kochergina	dUtAn	dUta	suffix-strip	22	1243	m
kochergina	devI	devI	surface	22	159	f
kochergina	nfpam	nfpa	suffix-strip	22	153	m
kochergina	varadA	varadA	surface	22	12880	f
kochergina	DarmarAjaH	DarmarAja	suffix-strip	22	1191	m
kochergina	kaRvasya	kaRva	suffix-strip	22	3156	m
kochergina	duhitA	duhitA	surface	22	26474	f
kochergina	duzyantaH	duzyanta	suffix-strip	22	12205	m
kochergina	vanAni	vana	suffix-strip	23	132	n
kochergina	dozaH	doza	suffix-strip	23	91	mn
kochergina	mArkaRqeya	mArkaRqeya	surface	23	1082	m
kochergina	gataH	gata	suffix-strip	23	7176	n
kochergina	parAvaram	parAvara	suffix-strip	23	5758	n
kochergina	viSvAmitraH	viSvAmitra	suffix-strip	23	1494	m
kochergina	pOrAH	pOra	suffix-strip	23	1547	m
kochergina	kAlidAsena	kAlidAsa	suffix-strip	23	47379	m
kochergina	tvara	tvara	surface	23	23796	m
kochergina	utsaNge	utsaNga	suffix-strip	23	3689	m
kochergina	SiraH	Sira	suffix-strip	23	11317	m
kochergina	aSvena	aSva	suffix-strip	24	249	m
kochergina	SlokAH	Sloka	suffix-strip	24	1582	m
kochergina	kamalAni	kamala	suffix-strip	24	1429	mn
kochergina	paNke	paNka	suffix-strip	24	2607	mn
kochergina	paSya	paSya	surface	24	20365	adj
kochergina	kusumAni	kusuma	suffix-strip	24	1327	n
kochergina	mukulitAni	mukulita	suffix-strip	24	14114	adj
kochergina	maDyaBAge	maDyaBAga	suffix-strip	24	47379	m
kochergina	kiYjalkAH	kiYjalka	suffix-strip	24	7019	mn
kochergina	tezu	ta	suffix-strip	24	8823	m
kochergina	maDukarAH	maDukara	suffix-strip	24	9079	m
kochergina	prADAnyena	prADAnya	suffix-strip	24	4074	n
kochergina	maDu	maDu	surface	24	253	n
kochergina	utpalam	utpala	suffix-strip	24	1395	mn
kochergina	raktam	rakta	suffix-strip	24	226	adj
kochergina	kokanadam	kokanada	suffix-strip	24	12205	n
kochergina	sitam	sita	suffix-strip	24	1101	adj
kochergina	puRqarIkam	puRqarIka	suffix-strip	24	3376	n
kochergina	samIpe	samIpa	suffix-strip	25	1255	n
kochergina	vfkzasya	vfkza	suffix-strip	25	485	m
kochergina	nidrayA	nidrA	suffix-strip	25	1232	f
kochergina	SarIre	SarIra	suffix-strip	25	213	n
kochergina	nftyan	nftya	suffix-strip	25	3403	n
kochergina	pIqitaH	pIqita	suffix-strip	25	35949	n
kochergina	siMhaH	siMha	suffix-strip	25	607	m
kochergina	Bavat	Bavat	surface	25	158	adj
kochergina	siMhena	siMha	suffix-strip	25	607	m
kochergina	priya	priya	surface	25	113	adj
kochergina	vizayAH	vizaya	suffix-strip	25	424	mn
kochergina	vEkalpikezu	vEkalpika	suffix-strip	25	30141	adj
kochergina	vizayezu	vizaya	suffix-strip	25	424	mn
kochergina	saMskftam	saMskfta	suffix-strip	25	12205	n
kochergina	asmad	asmad	surface	25	19118	m
kochergina	deyam	deya	suffix-strip	25	6436	n
kochergina	mUzakasya	mUzaka	suffix-strip	26	5198	m
kochergina	vfkze	vfkza	suffix-strip	26	485	m
kochergina	jAle	jAla	suffix-strip	26	951	n
kochergina	patitaH	patita	suffix-strip	26	11092	adj
kochergina	mUzaka	mUzaka	surface	26	5198	m
kochergina	Agata	Agata	surface	26	35949	m
kochergina	Bayena	Baya	suffix-strip	26	181	n
kochergina	jananI	jananI	surface	26	2513	f
kochergina	darSanAni	darSana	suffix-strip	26	272	n
kochergina	kAlidAsasya	kAlidAsa	suffix-strip	26	47379	m
kochergina	SAkuntale	SAkuntala	suffix-strip	26	14114	m
kochergina	paWa	paWa	surface	26	35949	m
kochergina	kfpayA	kfpA	suffix-strip	26	2556	f
kochergina	vArARasI	vArARasI	surface	27	3095	f
kochergina	parisare	parisara	suffix-strip	27	12880	m
kochergina	BAgIraTI	BAgIraTI	surface	27	5374	f
kochergina	sundarAH	sundara	suffix-strip	27	3324	adj
kochergina	deSeByaH	deSa	suffix-strip	27	241	m
kochergina	bAlA	bAlA	surface	27	3525	f
kochergina	suzamA	suzamA	surface	27	20365	f
kochergina	loke	loka	suffix-strip	27	44	m
kochergina	utsavasya	utsava	suffix-strip	27	1868	m
kochergina	dinasya	dina	suffix-strip	27	268	mn
kochergina	matam	mata	suffix-strip	27	1685	n
kochergina	yajurvedasya	yajurveda	suffix-strip	27	6336	m
kochergina	yam	ya	suffix-strip	27	7019	m
kochergina	puru	puru	surface	27	1743	adj
kochergina	jitendriya	jitendriya	surface	27	35949	m
kochergina	etena	eta	suffix-strip	27	18073	m
kochergina	de	da	suffix-strip	27	367	adj
kochergina	vra	vra	surface	27	35949	m
kochergina	gan	ga	suffix-strip	27	581	adj
kochergina	vati	vati	surface	27	21838	f
kochergina	yak	yak	surface	27	18073	m
kochergina	kevala	kevala	surface	27	1046	adj
kochergina	maya	maya	surface	27	220	adj
kochergina	vartman	vartman	surface	27	1868	n
kochergina	vasya	va	suffix-strip	27	11317	m
kochergina	gati	gati	surface	27	256	f
kochergina	jye	jya	suffix-strip	27	30141	m
kochergina	padi	padi	surface	27	30141	m
kochergina	samudre	samudra	suffix-strip	27	539	m
kochergina	vidyut	vidyut	surface	27	1381	fn
kochergina	hetu	hetu	surface	27	262	m
kochergina	manas	manas	surface	27	74	n
kochergina	caya	caya	surface	27	3480	m
kochergina	catu	catu	surface	27	35949	adj
kochergina	brahma	brahma	surface	27	15149	m
kochergina	ara	ara	surface	27	5559	n
kochergina	rata	rata	surface	27	4550	n
kochergina	vayas	vayas	surface	27	962	n
kochergina	dan	dan	surface	27	30141	m
kochergina	niyamam	niyama	suffix-strip	27	1048	m
kochergina	parimit	parimit	surface	27	47379	f
kochergina	daSaraTasya	daSaraTa	suffix-strip	28	2293	m
kochergina	samAgamAya	samAgama	suffix-strip	28	2029	m
kochergina	kAmaH	kAma	suffix-strip	28	80	m
kochergina	mETilasya	mETila	suffix-strip	28	8823	m
kochergina	rAmasya	rAma	suffix-strip	28	134	m
kochergina	mahizI	mahizI	surface	28	2162	f
kochergina	SuBA	SuBA	surface	28	12526	f
kochergina	vAsudevAya	vAsudeva	suffix-strip	29	676	m
kochergina	aDamarRAH	aDamarRa	suffix-strip	29	19118	m
kochergina	BavantaH	Bavanta	suffix-strip	29	47379	m
kochergina	putrEH	putra	suffix-strip	29	42	m
kochergina	daSaraTena	daSaraTa	suffix-strip	29	2293	m
kochergina	deSe	deSa	suffix-strip	29	241	m
kochergina	SIrze	SIrza	suffix-strip	29	3166	n
kochergina	gale	gala	suffix-strip	29	2716	m
kochergina	vyasanena	vyasana	suffix-strip	29	1370	n
kochergina	kalahena	kalaha	suffix-strip	29	3603	mn
kochergina	tvam	tva	suffix-strip	29	46	n
kochergina	padmAni	padma	suffix-strip	30	526	mn
kochergina	jIva	jIva	surface	30	942	mn
kochergina	Satam	Sata	suffix-strip	30	85	mn
kochergina	vidyutA	vidyutA	surface	30	23796	f
kochergina	kzamA	kzamA	surface	30	2099	f
kochergina	yuDi	yuDi	surface	30	35949	m
kochergina	vikramaH	vikrama	suffix-strip	30	691	m
kochergina	suman	suma	suffix-strip	30	21838	n
kochergina	CAyA	CAyA	surface	31	1048	f
kochergina	AramBe	AramBa	suffix-strip	31	2009	m
kochergina	parArDe	parArDa	suffix-strip	31	7706	mn
kochergina	purARAni	purARa	suffix-strip	31	870	n
kochergina	SAKA	SAKA	surface	31	1421	f
kochergina	fgvedasya	fgveda	suffix-strip	31	6041	m
kochergina	paYca	paYca	surface	31	47379	adj
kochergina	sAmavedasya	sAmaveda	suffix-strip	31	6591	m
kochergina	paYcaviMSakaH	paYcaviMSaka	suffix-strip	31	8536	adj
kochergina	azwAdaSa	azwAdaSa	surface	31	8065	adj
kochergina	varzAH	varza	suffix-strip	31	186	mn
kochergina	pum	pum	surface	31	30141	m
kochergina	laka	laka	surface	31	47379	n
kochergina	kokila	kokila	surface	31	3603	m
kochergina	yuDizWira	yuDizWira	surface	32	221	m
kochergina	rAjakanyayA	rAjakanyA	suffix-strip	32	35949	f
kochergina	jitendriyaH	jitendriya	suffix-strip	32	35949	m
kochergina	rataH	rata	suffix-strip	32	4550	n
kochergina	himAlayaH	himAlaya	suffix-strip	32	9854	m
kochergina	nagADirAjaH	nagADirAja	suffix-strip	32	47379	m
kochergina	sTitaH	sTita	suffix-strip	32	30141	n
kochergina	SrI	SrI	surface	32	104	f
kochergina	sasam	sasa	suffix-strip	32	20365	mn
kochergina	apriya	apriya	surface	32	1917	adj
kochergina	muni	muni	surface	32	96	m
kochergina	acara	acara	surface	32	8661	adj
kochergina	zazWe	zazWa	suffix-strip	33	1320	adj
kochergina	daSa	daSa	surface	33	30141	m
kochergina	pUrRe	pUrRa	suffix-strip	33	1117	adj
kochergina	varze	varza	suffix-strip	33	186	mn
kochergina	narasya	nara	suffix-strip	33	83	m
kochergina	manda	manda	surface	33	663	adj
kochergina	mandam	manda	suffix-strip	33	663	adj
kochergina	vam	va	suffix-strip	33	11317	m
kochergina	yan	yan	surface	33	35949	m
kochergina	pitu	pitu	surface	33	10858	mn
kochergina	ayati	ayati	surface	33	35949	m
kochergina	daSaraTaH	daSaraTa	suffix-strip	34	2293	m
kochergina	SatruGnaH	SatruGna	suffix-strip	34	3257	m
kochergina	putrAH	putra	suffix-strip	34	42	m
kochergina	janakaH	janaka	suffix-strip	34	1828	m
kochergina	vinayena	vinaya	suffix-strip	34	2099	m
kochergina	janakena	janaka	suffix-strip	34	1828	m
kochergina	rAjYaH	rAjYa	suffix-strip	34	35949	m
kochergina	yajYasya	yajYa	suffix-strip	34	123	m
kochergina	DanyaH	Danya	suffix-strip	34	2069	adj
kochergina	ekA	ekA	surface	34	47379	f
kochergina	grahaRe	grahaRa	suffix-strip	34	905	n
kochergina	tolane	tolana	suffix-strip	34	18073	n
kochergina	nfpA	nfpA	surface	34	26474	f
kochergina	sahas	sahas	surface	34	1002	n
kochergina	durjanena	durjana	suffix-strip	34	5130	m
kochergina	karam	kara	suffix-strip	34	148	adj
kochergina	vatsasya	vatsa	suffix-strip	34	742	m
kochergina	gahane	gahana	suffix-strip	34	3198	adj
kochergina	purohita	purohita	surface	34	1812	m
kochergina	putraka	putraka	surface	34	2157	m
kochergina	jale	jala	suffix-strip	34	188	n
kochergina	ge	ga	suffix-strip	34	581	adj
kochergina	fgveda	fgveda	surface	34	6041	m
kochergina	zawtriMSat	zawtriMSat	surface	34	5509	f
kochergina	janaka	janaka	surface	34	1828	m
kochergina	gamana	gamana	surface	34	1103	n
kochergina	datta	datta	surface	34	13704	m
kochergina	gamanena	gamana	suffix-strip	34	1103	n
kochergina	sava	sava	surface	34	8280	m
kochergina	graha	graha	surface	34	590	mn
kochergina	svara	svara	surface	34	1057	m
kochergina	sveda	sveda	surface	34	935	m
kochergina	sasya	sasya	surface	34	2901	mn
kochergina	vaye	vaya	suffix-strip	34	35949	m
kochergina	rasya	rasya	surface	34	26474	adj
kochergina	ugra	ugra	surface	34	552	adj
kochergina	tapa	tapa	surface	34	10221	m
kochergina	hire	hirA	suffix-strip	34	26474	f
kochergina	kuta	kuta	surface	34	35949	m
kochergina	mara	mara	surface	34	23796	m
kochergina	ena	ena	surface	34	23796	adj
kochergina	kula	kula	surface	34	184	n
kochergina	manus	manus	surface	34	5816	m
kochergina	ba	ba	surface	34	35949	m
kochergina	vaya	vaya	surface	34	35949	m
kochergina	paraspara	paraspara	surface	34	715	adj
kochergina	kusumapura	kusumapura	surface	34	35949	n
kochergina	diti	diti	surface	34	3929	f
kochergina	suputre	suputra	suffix-strip	34	35949	m
kochergina	nava	nava	surface	34	1016	adj
kochergina	sattvam	sattva	suffix-strip	34	117	n
kochergina	tvaritam	tvarita	suffix-strip	34	3956	adj
kochergina	pratibimba	pratibimba	surface	34	6591	mn
kochergina	cari	cari	surface	34	13704	f
kochergina	acakra	acakra	surface	34	23796	adj
kochergina	sanna	sanna	surface	34	47379	adj
kochergina	sana	sana	surface	34	11591	adj
kochergina	vahni	vahni	surface	34	406	m
kochergina	gantu	gantu	surface	34	11317	m
kochergina	iy	iy	surface	34	35949	m
kochergina	upagam	upaga	suffix-strip	34	7431	adj
kochergina	salila	salila	surface	34	880	n
kochergina	raya	raya	surface	34	9699	m
kochergina	tejas	tejas	surface	34	143	n
kochergina	rakta	rakta	surface	34	226	adj
kochergina	vakra	vakra	surface	34	2795	adj
kochergina	sura	sura	surface	34	328	m
kochergina	svagata	svagata	surface	34	19118	adj
kochergina	rasa	rasa	surface	34	49	mn
kochergina	K	K	surface	34	35949	m
kochergina	kzatriyA	kzatriyA	surface	35	5613	f
kochergina	yudDe	yudDa	suffix-strip	35	248	n
kochergina	vfkzAn	vfkza	suffix-strip	35	485	m
kochergina	saMsArasya	saMsAra	suffix-strip	35	1156	mn
kochergina	SItaH	SIta	suffix-strip	35	351	adj
kochergina	prApte	prApta	suffix-strip	35	23796	adj
kochergina	zoqaSe	zoqaSa	suffix-strip	35	2115	adj
kochergina	janakasya	janaka	suffix-strip	35	1828	m
kochergina	vacaH	vaca	suffix-strip	35	47379	m
kochergina	rAmAya	rAma	suffix-strip	35	134	m
kochergina	pArTivam	pArTiva	suffix-strip	35	399	m
kochergina	sacivAH	saciva	suffix-strip	35	2556	m
kochergina	SatAni	Sata	suffix-strip	35	85	mn
kochergina	anna	anna	surface	35	194	n
kochergina	pustaka	pustaka	surface	35	5464	mn
kochergina	kas	kas	surface	35	35949	m
kochergina	R	R	surface	35	11898	m
kochergina	putraH	putra	suffix-strip	36	42	m
kochergina	kAlidAsa	kAlidAsa	surface	36	47379	m
kochergina	DftarAzwra	DftarAzwra	surface	36	645	m
kochergina	Darmakzetre	Darmakzetra	suffix-strip	36	35949	n
kochergina	kurukzetre	kurukzetra	suffix-strip	36	3156	n
kochergina	mAmakAH	mAmaka	suffix-strip	36	3198	adj
kochergina	rAjendra	rAjendra	surface	36	15149	m
kochergina	paSyata	paSyata	surface	37	47379	adj
kochergina	nfpa	nfpa	surface	37	153	m
kochergina	gaNge	gaNgA	suffix-strip	37	737	f
kochergina	maraRena	maraRa	suffix-strip	37	938	n
kochergina	bAlikA	bAlikA	surface	37	12205	f
kochergina	rAkzasAH	rAkzasa	suffix-strip	37	245	m
kochergina	prapUraRe	prapUraRa	suffix-strip	37	26474	n
kochergina	AropaRe	AropaRa	suffix-strip	37	13286	n
kochergina	samAyoge	samAyoga	suffix-strip	37	7790	m
kochergina	vepane	vepana	suffix-strip	37	15765	n
kochergina	rAjaputrayoH	rAjaputra	suffix-strip	37	17217	m
kochergina	vatsa	vatsa	surface	37	742	m
kochergina	rAma	rAma	surface	37	134	m
kochergina	sTite	sTita	suffix-strip	38	30141	n
kochergina	sUrye	sUrya	suffix-strip	38	236	m
kochergina	naBaH	naBa	suffix-strip	38	12880	m
kochergina	rikTasya	rikTa	suffix-strip	38	7094	n
kochergina	puzpitena	puzpita	suffix-strip	38	2739	adj
kochergina	pUraRe	pUraRa	suffix-strip	38	3790	n
kochergina	lIlayA	lIlA	suffix-strip	38	1912	f
kochergina	raGunandanaH	raGunandana	suffix-strip	38	4192	m
kochergina	vacan	vaca	suffix-strip	38	47379	m
kochergina	tEH	ta	suffix-strip	39	8823	m
kochergina	vAra	vAra	surface	39	619	mn
kochergina	narAH	nara	suffix-strip	39	83	m
kochergina	Sabdena	Sabda	suffix-strip	39	197	m
kochergina	jane	jana	suffix-strip	39	140	m
kochergina	kule	kula	suffix-strip	39	184	n
kochergina	gama	gama	surface	39	5270	adj
kochergina	paTi	paTi	surface	40	26474	m
kochergina	siMha	siMha	surface	40	607	m
kochergina	svAmin	svAmin	surface	40	1525	m
kochergina	satyA	satyA	surface	40	8940	f
kochergina	pratijYA	pratijYA	surface	40	1123	f
kochergina	kOSika	kOSika	surface	40	1175	m
kochergina	tvaritA	tvaritA	surface	40	47379	f
kochergina	raTEH	raTa	suffix-strip	40	66	m
kochergina	nfpAya	nfpa	suffix-strip	40	153	m
kochergina	kzayyaH	kzayya	suffix-strip	40	35949	adj
kochergina	sAhityasya	sAhitya	suffix-strip	40	17217	n
